truck_id,time_min,hour_of_shift,shovel_queue_len,wait_shovel_min,load_time_min,haul_time_min,dump_queue_len,wait_dump_min,dump_time_min,return_time_min,total_cycle_time_min
Truck_3,0.0,0,0,0.0,3.941587527785062,15.836645625105314,0,0.0,3.4629125162898298,9.227693045400414,32.46883871458062
Truck_2,0.0,0,0,0.0,3.2416062896013176,16.82381398758859,0,0.0,3.5576227926396413,8.934259067801761,32.55730213763131
Truck_0,0.0,0,0,0.0,5.426197179735381,18.730971783446936,0,1.4686957908716707,2.358987689985348,8.925190014129587,36.910042458168924
Truck_5,0.0,0,1,3.941587527785062,5.6099891502602866,13.933527387197573,0,0.13793900458662733,2.0028216842244397,11.940358054075848,37.56622280812984
Truck_1,0.0,0,0,0.0,5.503152739772379,15.039348606778919,0,2.6986443226289083,3.403139819248562,13.051117147291333,39.6954026357201
Truck_9,0.0,0,5,9.551576678045349,5.194801616734553,12.068535294819256,0,0.0,3.2135100168265183,13.777201057200678,43.805624663626354
Truck_8,0.0,0,4,8.727932029390894,5.288943008447161,15.489230145282889,1,1.6328147098765946,3.097280112504432,10.054883771023768,44.29108377652574
Truck_4,0.0,0,0,3.2416062896013176,5.486325739789576,18.85705852099027,0,0.3998618936581728,3.1540674489582017,13.879055881234127,45.017975774231665
Truck_6,0.0,0,2,5.426197179735381,6.06225518679753,16.525155502473027,0,2.014815737419738,3.35449254211332,13.939895680389483,47.32281182892848
Truck_7,0.0,0,3,5.503152739772379,5.759201203591554,18.63302511853109,2,3.4875370866439717,3.6581582039345335,10.873829139262789,47.91490349173632
Truck_5,37.56622280812984,0,0,0.0,4.2592683845864485,12.461944944374835,0,0.0,3.726315741600807,8.396671136809651,28.844200207371742
Truck_3,32.46883871458062,0,0,0.0,3.7816341819356154,15.168025995365511,0,0.0,2.8606595800894183,14.272135005995572,36.08245476338612
Truck_0,36.910042458168924,0,0,0.0,5.501479228696304,10.753660305977363,0,0.0,2.2342593858438704,14.315397854592376,32.804796775109914
Truck_2,32.55730213763131,0,0,0.0,5.241801258257773,19.40799203055272,0,0.0,1.9957599266564543,10.668223636455437,37.313776851922384
Truck_1,39.6954026357201,0,0,0.0,5.797056072619675,14.083469717529205,0,0.0,2.6719606660097526,13.261189004855481,35.813675461014114
Truck_9,43.805624663626354,0,0,0.0,4.674805724353675,17.186182434520838,0,0.0,2.5599969242064446,11.066017210286915,35.48700229336787
Truck_8,44.29108377652574,0,0,0.0,4.241748774480271,15.931918146289362,0,0.0,3.7342562543907007,14.963212292721138,38.87113546788147
Truck_7,47.91490349173632,0,0,0.5655268962437106,4.429454681005225,14.066236113711277,0,1.222885768989542,3.0277484502910994,14.016641383641527,37.32849329388238
Truck_6,47.32281182892848,0,0,0.0,4.81460846326469,18.97206598142317,0,0.11726912836083159,2.8108621920672334,11.916434280212243,38.63124004532817
Truck_4,45.017975774231665,0,0,0.0,5.458667641648304,18.66167571676106,0,0.0,2.8501697262940695,14.12794254446166,41.098455629165095
Truck_0,69.71483923327884,1,0,0.0,4.930152207013791,16.267383182163258,1,2.029343801444881,2.80910454722229,8.527438398918974,34.563422136763194
Truck_2,69.8710789895537,1,0,0.0,3.857099850946355,16.071608692719025,0,0.0,3.1419308906816923,11.618482785779378,34.68912222012645
Truck_5,66.41042301550158,1,0,0.0,4.043903154047015,19.74525083051556,0,0.0,1.8753288963833228,13.133055792808122,38.79753867375402
Truck_3,68.55129347796674,1,0,0.0,2.323311997336944,19.693287998849385,0,1.5070124222944088,3.685089974243894,11.844400922231856,39.05310331495649
Truck_1,75.50907809673421,1,0,0.0,5.868846911692103,14.04589382507227,0,0.32700413762447056,1.962921717519265,12.00287649354658,34.20754308545469
Truck_9,79.29262695699423,1,0,0.0,4.535434787372338,16.392742856047434,0,0.0,3.0312261998944763,12.812995165263033,36.77239900857728
Truck_7,85.2433967856187,1,0,0.0,5.38285952180145,12.6341571316797,0,0.0,3.390740847741526,10.769110049571651,32.17686755079433
Truck_4,86.11643140339676,1,0,0.0,4.672369489350146,15.889324802873546,0,0.0,2.8827232151771653,9.132425926511488,32.576843433912344
Truck_6,85.95405187425665,1,0,0.0,5.896077496362068,14.859118814323267,0,0.0,2.1209315243776814,10.23171241987258,33.107840254935596
Truck_8,83.16221924440721,1,0,0.0,5.049708000953771,19.5689701483673,0,1.049282315591384,2.978871309013286,13.067807224865575,41.714638998791315
Truck_0,104.27826137004203,1,0,0.0,3.2722101372291093,12.251894105825613,0,0.0,2.2227841372031776,9.881804279909971,27.62869266016787
Truck_5,105.2079616892556,1,0,0.0,4.670423200597881,11.510550541217839,0,0.0,3.3211558313105485,11.082565936632164,30.584695509758433
Truck_3,107.60439679292323,1,0,0.0,4.2907990465101165,14.74606407112168,0,0.0,3.5491144973896382,12.849617582452737,35.43559519747417
Truck_2,104.56020120968014,1,0,0.0,5.310454226471421,17.748098975131413,0,0.0,3.4741520025169024,12.606743019622655,39.13944822374239
Truck_1,109.7166211821889,1,0,0.0,5.420872442124832,13.570888566850059,0,1.481992216780867,3.624474892697094,10.123414232618018,34.22164235107087
Truck_7,117.42026433641303,1,0,0.0,4.482490691422086,13.312263512451509,0,0.0,2.1151984314047922,10.11046864526449,30.020421280542877
Truck_9,116.06502596557151,1,0,0.0,4.912072856925008,18.233536130031723,0,0.0,3.048186575490945,10.062340492821988,36.256136055269664
Truck_4,118.6932748373091,1,0,0.0,4.866462231806096,16.979667113843007,0,0.0,3.551047861327362,12.475578064764221,37.87275527174069
Truck_6,119.06189212919224,1,0,0.0,5.6390698671145145,17.70535605169671,0,0.0,3.402162455099898,12.825873207772247,39.57246158168337
Truck_8,124.87685824319853,2,0,0.0,4.7965070254366395,16.69749205600877,0,0.0,3.6728095254277378,9.871916778210505,35.03872538508365
Truck_0,131.9069540302099,2,0,0.0,2.626290773276679,18.111229139593206,0,0.0,2.5129668833404537,9.159147640823448,32.40963443703379
Truck_5,135.79265719901403,2,0,0.0,4.961001083926476,15.573189422964333,0,0.0,3.5393584691341005,8.580204064323198,32.65375304034811
Truck_1,143.93826353325977,2,0,0.0,3.345843786263572,17.415098373987263,0,0.0,3.4518269658067595,11.464354492963366,35.67712361902096
Truck_2,143.69964943342254,2,0,0.0,4.900268297313062,18.55386542111637,0,0.0,3.309606247486073,13.654440356344026,40.41818032225953
Truck_7,147.4406856169559,2,0,0.0,6.16449669953073,18.550993160907723,0,0.0,2.90148973998339,12.231194824670297,39.84817442509214
Truck_9,152.32116202084117,2,0,0.0,5.891484254473511,17.010366457160245,0,0.0,2.9833238200044434,9.366116585826404,35.2512911174646
Truck_4,156.5660301090498,2,0,0.0,4.79505877037289,13.751038058960091,0,0.0,2.368091619735395,10.128333887580737,31.042522336649114
Truck_8,159.91558362828218,2,0,0.0,3.5100280172877945,15.445424245725206,0,0.0,2.5611290946203553,12.261597556072417,33.77817891370577
Truck_6,158.63435371087562,2,0,0.0,5.155869923687419,14.33117668099743,0,0.0,2.01004102246236,13.81976273345228,35.31685036059949
Truck_0,164.3165884672437,2,0,0.0,4.5613218987687105,14.547525661778309,0,0.0,2.8158543902263204,13.673948438364647,35.59865038913799
Truck_5,168.44641023936214,2,0,0.0,4.22231506785576,13.827414724138578,0,0.0,3.7534637021445576,13.635330717101624,35.43852421124052
Truck_4,187.6085524456989,3,0,0.0,3.032686096144033,12.775049340303497,0,0.0,3.275473144373848,11.474649171580552,30.55785775240193
Truck_1,179.61538715228073,2,0,0.0,5.408344965372436,18.756507155240712,0,1.0193212074101439,3.4703409598068333,9.995056446554884,38.64957073438501
Truck_2,184.11782975568207,3,0,0.0,5.182997814039027,11.825357136991983,0,0.0,3.673375773590948,14.28115712785808,34.96288785248004
Truck_9,187.57245313830578,3,0,0.0,5.854605687264694,10.56741797877342,1,2.6972842221763926,3.424505583784253,9.855596612749025,32.399410084747785
Truck_7,187.28886004204804,3,0,0.0,6.132344585953888,13.830394482218509,0,1.0183023298904175,1.9077592475672986,14.478136853458494,37.36693749908861
Truck_8,193.69376254198795,3,0,0.0,4.345925850817309,10.005740069401156,1,2.070838148098119,3.779682154501188,11.292152023676437,31.49433824649421
Truck_6,193.9512040714751,3,0,0.0,6.083808594920413,13.90119125921251,0,0.0,3.2447153377993914,14.799889650253903,38.02960484218622
Truck_0,199.91523885638168,3,0,0.0,5.200119657797984,19.3743804674005,0,0.0,2.5865561421181837,8.79175588726568,35.95281215458235
Truck_5,203.88493445060266,3,0,0.0,5.96749370319813,19.969886146033502,0,0.0,1.3015510862684891,8.87000902621432,36.10893996171444
Truck_3,143.0399919903974,2,0,0.0,5.912674023512324,17.40804321813428,0,0.0,3.404305505740041,11.253907222105738,102.03940087733727
Truck_1,218.26495788666574,3,0,0.0,3.7426838183624795,16.069012779087075,0,0.0,2.582827375876292,9.881473710287622,32.27599768361347
Truck_9,219.97186322305356,3,0,0.0,2.6467220507167895,15.844206419776668,0,0.0,2.881082035186324,11.548642352855751,32.92065285853553
Truck_4,218.16641019810083,3,0,0.0,4.76995966385428,19.120835838184178,0,0.0,2.731783752639245,12.080927257066946,38.70350651174465
Truck_2,219.0807176081621,3,0,0.0,3.995699034482925,18.25406335373745,0,0.0,2.100096314219144,14.647213984242399,38.99707268668192
Truck_7,224.65579754113665,3,0,0.0,4.224373902977135,13.28139057446856,0,1.2690142920192784,3.339809700645077,14.124202685610754,36.238791155720804
Truck_8,225.18810078848216,3,0,0.0,6.201873002347867,17.65779517872437,0,0.0,2.715826921798339,11.05415196019868,37.62964706306926
Truck_6,231.98080891366132,3,0,0.0,3.765028094543169,13.859662646325546,0,0.0,2.6133024135271796,11.798686097908757,32.03667925230465
Truck_0,235.86805101096402,3,0,0.0,5.808496153936517,11.720488784577554,0,0.0,2.3493071814977213,13.35174033608061,33.2300324560924
Truck_5,239.9938744123171,3,0,0.0,4.944349237610368,10.286746120482718,0,0.0,3.823985724099913,14.818835001723926,33.873916083916924
Truck_1,250.5409555702792,4,0,0.0,4.958529109971579,13.630892921338585,0,0.0,3.0397601824553817,8.479637331354866,30.10881954512041
Truck_3,245.07939286773467,4,0,0.0,5.900514557063929,17.146128886602952,0,0.0,3.673556363549153,12.380952988094919,39.10115279531095
Truck_9,252.8925160815891,4,0,0.0,3.375194104485246,16.2442179332362,0,0.0,2.7906965977108484,9.33574535985963,31.745853995291924
Truck_8,262.8177478515514,4,0,0.0,2.9601183655498744,11.3709726989822,0,0.012822101043468592,2.649231905453803,9.404345398841883,26.39749046987123
Truck_2,258.077790294844,4,0,0.0,5.1576114098660355,10.834396350114673,0,1.2328266621966577,3.0657337874627046,11.093719997629591,31.384288207269663
Truck_4,256.8699167098455,4,0,0.0,4.434514750523476,12.34469381814904,0,0.0,3.5125357386089604,13.7036741484755,33.995418455756976
Truck_6,264.017488165966,4,0,0.0,4.704065971830062,14.657319038922367,0,0.0,1.5293895293413584,9.97560797184832,30.866382511942106
Truck_7,260.89458869685745,4,0,0.0,6.239950582303436,15.089864329580621,0,0.0,3.747977591345318,13.730808367805366,38.80860087103474
Truck_5,273.867790496234,4,0,0.0,4.167314669946165,11.838244471860833,0,0.0,3.566727462820211,13.755749379398367,33.328035984025576
Truck_0,269.0980834670564,4,0,0.0,6.0502637048834345,18.6812743329221,0,0.0,3.412240503648661,14.409264831860014,42.55304337331421
Truck_3,284.1805456630456,4,0,0.0,4.251156284295405,11.966854207441088,0,0.0,1.3886414568925147,10.070934543023895,27.677586491652903
Truck_1,280.6497751153996,4,0,0.0,4.973543966603245,17.533428233568088,0,0.0,3.041031731121109,9.218875211570492,34.76687914286293
Truck_8,289.21523832142265,4,0,0.0,5.8559070278437275,16.44704155453809,0,0.0,3.3757667474346817,10.005315822804732,35.68403115262123
Truck_9,284.638370076881,4,0,0.0,5.7880599181859225,17.4560769799877,0,0.0,3.412072554717099,14.579221796625973,41.235431249516694
Truck_4,290.86533516560246,4,0,0.0,6.102131391962587,16.54905062854283,0,0.5572342273486584,3.4277655697346177,9.882423928326261,36.518605745914954
Truck_2,289.4620785021137,4,0,0.0,3.755628390510367,17.53515618210713,0,0.0,3.3208883387253536,14.03104539044051,38.64271830178336
Truck_7,299.7031895678922,4,0,0.0,3.3750408858637684,11.894500654702199,0,0.0,2.5985955499720035,13.367510425168405,31.235647515706376
Truck_6,294.8838706779081,4,0,0.0,5.832142472197859,19.3014689414681,0,0.0,3.7020215420475893,8.630558710595096,37.466191666308646
Truck_5,307.1958264802596,5,0,0.0,6.091884870138813,14.542296411294842,0,0.0,3.2556645142174716,8.629800621041852,32.51964641669298
Truck_3,311.8581321546985,5,0,0.0,4.714872398233354,11.385750929826088,0,0.0,2.6615409143412307,10.317352788645621,29.079517031046294
Truck_1,315.41665425826255,5,0,0.0,3.2294591527810326,12.246175974978541,0,0.0,2.077927420786125,13.638582198080087,31.192144746625786
Truck_0,311.65112684037064,5,0,0.0,6.12540758349985,16.945903044052613,0,0.0,3.7514004564542347,8.265053894193557,35.087764978200255
Truck_4,327.3839409115174,5,0,0.0,4.207417563939828,11.84773830218785,0,0.0,2.086084048228315,11.350077096633868,29.49131701098986
Truck_8,324.8992694740439,5,0,0.0,5.413955341496546,14.575143842624072,0,0.0,2.554017043214003,12.064780998308208,34.60789722564283
Truck_2,328.10479680389705,5,0,0.0,4.379154262995883,14.658905903824234,0,0.0,1.7379403816592003,14.07354979097886,34.849550339458176
Truck_9,325.8738013263977,5,0,0.0,6.003460344224095,18.503747727969312,0,0.0,3.805872411488963,9.021695918153569,37.33477640183594
Truck_6,332.3500623442167,5,0,0.0,5.507854993424701,15.24193880179422,0,0.0,2.0980247094772153,11.788574848510052,34.63639335320619
Truck_7,330.93883708359857,5,0,0.0,5.577795488418985,16.961084366717785,0,0.7091648713447398,3.6791286925042073,14.92628075581996,41.85345417480568
Truck_3,340.9376491857448,5,0,0.0,3.498577673374143,17.530189239765036,0,0.0,3.2875298054298696,10.659978625770634,34.97627534433968
Truck_5,339.7154728969526,5,0,0.0,4.996389369506744,18.199593836075906,0,0.0,2.6555838400577727,12.513178264064209,38.36474530970463
Truck_0,346.7388918185709,5,0,0.0,5.298301097874855,19.072129116614747,0,0.0,3.5039190438308196,11.761347603053764,39.635696861374186
Truck_4,356.8752579225073,5,0,0.0,5.787168491809382,10.327643016825618,0,1.6231716457490393,2.9598016726743026,9.124279720827644,29.822064547885986
Truck_1,346.60879900488834,5,0,0.0,5.877480829529588,19.452545565950118,0,0.0,3.1378072003578836,13.806192008553069,42.27402560439066
Truck_9,363.20857772823365,6,0,0.0,5.348000548769278,10.519669050813263,0,0.0,3.1523604011428574,13.576614801507503,32.5966448022329
Truck_8,359.5071666996867,5,0,0.0,5.0471340221584455,17.75518725302527,0,0.0,3.393488002189315,13.550115314007257,39.74592459138029
Truck_2,362.9543471433552,6,0,0.0,5.971310684591515,19.348705359535074,0,0.0,2.548127270191344,10.004213209101636,37.87235652341957
Truck_6,366.9864556974229,6,0,0.0,5.508973380408634,14.213201004335701,0,0.0,3.699766325188932,12.991856209155799,36.413796919089066
Truck_3,375.9139245300845,6,0,0.0,6.217873916553003,14.847651095525578,0,0.0,1.9705670237125332,11.493276512438683,34.5293685482298
Truck_5,378.0802182066572,6,0,0.0,4.9857907882772,10.942693312853862,0,0.0,3.147691607068168,13.303364777914624,32.379540486113854
Truck_7,372.79229125840425,6,0,0.0,6.029680111463392,19.641257980044827,0,0.0,1.3518571277850242,12.818534076666197,39.84132929595944
Truck_0,386.3745886799451,6,0,0.0,5.777385020705935,11.36121022461424,0,0.0,2.482943994874745,11.401747690504408,31.023286930699328
Truck_4,386.69732247039326,6,0,0.0,3.335604918666661,12.961772669737115,0,0.0,2.490784814609242,14.775627203774036,33.563789606787054
Truck_1,388.882824609279,6,0,0.0,4.535016459868416,13.23919188815529,0,0.0,1.9507665713537108,12.740743202788451,32.46571812216587
Truck_9,395.80522253046655,6,0,0.0,5.067566982356823,15.892070999316502,0,0.0,2.3558237530893393,10.83706671582462,34.15252845058728
Truck_2,400.8267036667748,6,0,0.0,5.821337627158471,11.40681839540224,0,0.0,2.069211747242491,10.601222235997284,29.898590005800486
Truck_6,403.400252616512,6,0,0.0,3.34134747916562,17.15001114369602,0,0.0,1.671504318676,11.288254935014834,33.45111787655247
Truck_8,399.253091291067,6,0,0.0,4.351864353746862,18.81086383855029,0,0.0,3.8121160953805884,11.584140892620667,38.55898518029841
Truck_5,410.45975869277106,6,0,0.0,4.1842512189744525,12.344904263993499,0,0.0,1.3299736185422262,10.165130491520074,28.02425959303025
Truck_3,410.4432930783143,6,0,0.0,5.655421956135228,18.653342627582845,0,0.0,3.408328266446688,11.750689788467412,39.46778263863217
Truck_1,421.34854273144487,7,0,0.0,2.77999414946828,15.007426712800566,0,0.0,2.9808397689197363,9.502281614863705,30.270542246052287
Truck_7,412.6336205543637,6,0,0.0,5.770721009270403,17.11012014389229,0,0.0,3.4224038899970424,14.990446501804854,41.29369154496459
Truck_0,417.3978756106444,6,0,0.0,6.232076223640547,18.65871677491782,0,0.0,3.3387471002301936,11.81856309418066,40.04810319296922
Truck_9,429.95775098105383,7,0,0.0,4.280025676081664,11.133260565790806,0,0.0,3.0923754562736576,9.368966677689798,27.874628375835925
Truck_4,420.2611120771803,7,0,0.0,6.222911767907988,19.737894239223294,0,2.2414945948883656,3.3446957438025606,8.151230671954863,39.69822701777707
Truck_2,430.7252936725753,7,0,0.0,4.442381277625088,10.444732341701751,0,0.015008417530850693,3.2897345339037543,13.431484889931369,31.623341460692814
Truck_8,437.8120764713654,7,0,0.0,5.143886849679177,11.59209012450799,0,0.0,1.4983109238063435,10.941233093543701,29.175520991537212
Truck_6,436.85137049306445,7,0,0.0,5.7510363846917585,18.381236025304872,0,0.0,1.9890170350618064,13.358587885766724,39.47987733082516
Truck_5,438.4840182858013,7,0,0.0,4.868893578308757,17.70308642403984,0,0.0,3.0063628308898274,14.5131577560972,40.091500589335624
Truck_3,449.91107571694647,7,0,0.0,5.229526016915997,12.228336734831657,0,0.0,2.779911681068029,9.228703264002775,29.46647769681846
Truck_1,451.61908497749715,7,0,0.0,4.990279615310612,10.620633927354163,0,0.0,3.0490019613920936,14.463059222541233,33.1229747265981
Truck_7,453.9273120993283,7,0,0.0,4.708061808017135,18.508513187254152,0,0.0,3.006033310040152,8.084463281815147,34.307071587126586
Truck_0,457.4459788036136,7,0,0.0,3.366037745361325,17.094917459055978,0,0.4825012467815668,2.0575079501949176,10.410799658041299,33.411764059435086
Truck_9,457.83237935688976,7,0,0.0,3.3311705154247306,15.303074710659246,0,0.0,1.9228106718387608,14.15540497683179,34.71246087475453
Truck_4,459.9593390949574,7,0,0.0,4.723577986016721,15.135438301135025,0,0.33156502253058306,2.609059772021965,11.715545857295353,34.51518693899965
Truck_2,462.3486351332681,7,0,0.0,5.657131088550273,14.898621726563022,0,0.0,3.1382752279317288,9.900981929187026,33.59500997223205
Truck_8,466.9875974629026,7,0,0.0,4.4584421686626,12.898728196058187,0,0.0,3.6730598926278617,10.757280323038913,31.78751058038756
Truck_6,476.3312478238896,7,0,0.0,4.2723662228556805,15.67198850870841,0,0.0,3.2522804697260312,12.767340433992501,35.96397563528262
Truck_5,478.57551887513694,7,0,0.0,6.11062475102824,15.325687717128915,0,0.0,3.4193740479379926,11.694263274175341,36.54994979027049
Truck_3,479.37755341376493,7,0,0.0,6.234400359397171,17.12914606220926,0,0.0,2.9694869438868636,9.597221364268592,35.930254729761884
Truck_1,484.74205970409525,8,0,0.0,6.21904408572027,15.07529102216796,0,0.0,2.5844794531228104,9.109840823559352,32.98865538457039
Truck_7,488.23438368645486,8,0,0.0,4.854070431620698,11.5309259850805,0,0.0,3.4874534745783876,13.698540650085363,33.57099054136495
Truck_0,490.8577428630487,8,0,0.0,5.793529998482825,14.946548058785993,0,0.0,1.3392322050286793,13.397242634214194,35.47655289651169
Truck_8,498.7751080432902,8,0,0.0,5.361884858791598,12.13646844533838,0,0.0,3.2153299052041575,10.730868056623876,31.44455126595801
Truck_4,494.47452603395703,8,0,0.0,5.61405926885044,17.09855260952645,0,1.1913203568063864,3.7220900097057665,9.624838441882616,37.25086068677166
Truck_9,492.5448402316443,8,0,0.0,5.9082362773309,17.375066827791898,0,0.0,2.550314932373226,13.646526022946318,39.48014406044234
Truck_2,495.94364510550014,8,0,0.0,5.98108789682334,15.734116616974461,1,1.8299416333263707,3.419073351488919,13.063665371209368,40.02788486982246
Truck_3,515.3078081435268,8,0,0.0,5.491361374435655,15.395665999010362,0,0.0,3.748445408574298,9.808829098778006,34.44430188079832
Truck_6,512.2952234591722,8,0,0.0,5.951166441069631,18.537240531061343,0,0.0,2.327022842641213,12.30952117269328,39.12495098746547
Truck_1,517.7307150886656,8,0,0.0,5.4735933980547316,16.383317286754618,0,0.0,3.676985829983437,14.285514930579666,39.81941144537245
Truck_7,521.8053742278198,8,0,0.0,5.059621806231348,17.477016621881717,0,0.0,3.159659770506323,10.31911520347171,36.0154134020911
Truck_8,530.2196593092482,8,0,0.0,4.973162501294496,12.227367162318387,0,0.08148345357813014,2.4239106513728075,8.557665751180025,28.263589519743846
Truck_0,526.3342957595604,8,0,0.0,5.251811779589161,15.340732879682491,0,0.0,1.3369416812499821,11.221495297952742,33.15098163847438
Truck_4,531.7253867207287,8,0,0.0,4.1266293495827995,16.386834252673566,0,0.0,3.3091467406754873,9.500545282792359,33.32315562572421
Truck_9,532.0249842920866,8,0,0.0,5.751268506514407,14.184255638137302,0,0.0,2.087060547647752,13.381919213251422,35.40450390555088
Truck_2,535.9715299753226,8,0,0.0,4.344149382635237,19.73404151765692,0,0.0,3.1983842077307827,12.259252568918328,39.53582767694127
Truck_3,549.7521100243251,9,0,0.0,3.9835437938453424,13.69557287823136,0,0.0,3.446919419923347,9.452862634420285,30.578898726420334
Truck_1,557.5501265340381,9,0,0.0,6.030107827829966,10.155917342937755,0,0.0,3.159964167473049,11.071803618458944,30.417792956699714
Truck_6,551.4201744466377,9,0,0.0,3.7954078036947294,19.252740478920032,0,0.0,2.2359440417744736,11.419702632057692,36.70379495644693
Truck_8,558.483248828992,9,0,0.0,4.93749191397751,13.791467780609537,0,0.0,2.6125486000601086,11.192322326125577,32.53383062077273
Truck_0,559.4852773980348,9,0,0.0,5.202595401733106,10.220222566843404,0,1.7961714044156452,2.7332759676334035,11.70593040192307,31.658195742548628
Truck_7,557.8207876299109,9,0,0.0,3.450106214043444,19.123099857245734,0,0.0,3.4108588490773855,10.44206721186481,36.42613213223137
Truck_4,565.0485423464529,9,0,0.0,5.4465971092761265,12.419509224673561,0,0.0,2.886524633980457,11.672276772853479,32.424907740783624
Truck_5,515.1254686654074,8,0,0.0,5.7982651568665915,16.835808828699555,0,0.0,2.2892405589798273,11.168421327903957,88.04668430839331
Truck_9,567.4294881976375,9,0,0.0,5.675656308810517,19.243986700676373,0,0.0,3.6419722931619845,10.742109377564475,39.30372468021335
Truck_2,575.5073576522639,9,0,0.0,6.126260433668335,12.637101338120942,0,0.0,2.709937355444481,14.508864768093531,35.98216389532729
Truck_6,588.1239694030846,9,0,0.0,5.910247180252327,10.056769268816197,0,0.0,3.4758479948295644,8.393109258800223,27.83597370269831
Truck_3,580.3310087507455,9,0,0.0,5.401489246391407,15.506256736558726,0,0.0,2.2301971144374875,14.75474021602463,37.89268331341225
Truck_0,591.1434731405834,9,0,0.0,6.0181604781149645,10.918195634776566,0,0.0,3.1933720809772694,12.633785429295472,32.76351362316427
Truck_8,591.0170794497648,9,0,0.0,3.895610177990875,18.78668002803579,0,0.0,3.2616145465646014,10.579603307050888,36.523508059642154
Truck_1,587.9679194907378,9,0,0.0,5.842032532682879,18.879808986296098,0,0.0,3.666060697274361,13.233935881106504,41.62183809735984
Truck_4,597.4734500872365,9,0,0.0,5.465840288068534,10.921472796707349,0,2.495058534978739,3.150025410034573,12.619353059660853,34.65175008945005
Truck_7,594.2469197621423,9,0,0.0,5.205136980683278,16.81505581611202,1,0.6938716434184471,3.2591942473931113,13.382257903965638,39.355516591572496
Truck_5,603.1721529738007,10,0,0.0,5.528825950256191,13.7982224464713,0,0.0,3.330922143984594,10.862668488166605,33.52063902887869
Truck_9,606.7332128778509,10,0,0.0,4.813880284924835,14.482365774426967,0,0.0,2.263450399775934,12.507998530429859,34.067694989557594
Truck_2,611.4895215475912,10,0,0.0,5.540019356831522,10.866551855070838,0,0.0,2.4002512610318263,11.184617549167228,29.991440022101415
Truck_6,615.9599431057829,10,0,0.0,4.09818527325865,15.155942478434554,0,0.0,2.852471662507355,13.54731004588109,35.65390946008165
Truck_3,618.2236920641577,10,0,0.0,5.333960069350951,11.939935594253484,0,0.0,2.9938035492921244,14.395156176243631,34.66285538914019
Truck_0,623.9069867637477,10,0,0.0,5.194487748559823,17.35018567021882,0,0.0,3.3329937415848008,10.584149694651614,36.46181685501506
Truck_7,633.6024363537148,10,0,0.0,4.811388101823923,11.748818134198473,0,0.0,1.7609260175225927,10.690974464749843,29.01210671829483
Truck_5,636.6927920026794,10,0,0.0,6.049919606710773,10.85811246236915,0,1.0974345701589527,3.101315887145347,9.49066018644612,30.597442712830343
Truck_1,629.5897575880977,10,0,0.0,4.182833131953771,19.669139056402855,0,0.0,2.6952951211526397,11.230159755539603,37.77742706504887
Truck_8,627.5405875094069,10,0,0.0,4.470434047613367,19.1951163066567,0,0.0,3.492120778241315,13.384887647299138,40.54255877981052
Truck_9,640.8009078674085,10,0,0.0,3.4106675153597052,12.129112778907597,0,1.4588863673878905,3.7364380232905887,9.09807120254277,29.83317588748855
Truck_4,632.1252001766866,10,0,0.0,5.92476033627463,17.788938059074553,0,0.29812632557116103,2.754406955323134,12.106480321261643,38.87271199750512
Truck_2,641.4809615696926,10,0,0.0,6.066717745015694,19.32748716760034,0,0.0,3.4208341609161153,11.71562311613161,40.53066218966376
Truck_3,652.8865474532979,10,0,0.0,5.36214006312548,12.997295146888632,0,0.0,3.221555870981888,9.81848010576141,31.39947118675741
Truck_6,651.6138525658646,10,0,0.0,3.6523358853693253,17.66695321767304,0,0.0,2.604953405864194,14.500665830364028,38.42490833927059
Truck_7,662.6145430720096,11,0,0.0,2.5934552144417466,16.09904615887058,0,0.0,3.4807926089787316,8.7510414298863,30.924335412177356
Truck_0,660.3688036187627,11,0,0.0,5.448738923947758,13.884921372411668,0,0.0,3.824440596514364,11.885747092175848,35.04384798504964
Truck_5,667.2902347155098,11,0,0.0,5.654964422550961,10.517459734655063,0,0.0642456389207382,2.6748969936018057,12.726668038320213,31.63823482804878
Truck_8,668.0831462892174,11,0,0.0,4.776176281287917,15.144303970682358,0,0.0,1.336487495615529,13.519680334096847,34.77664808168265
Truck_1,667.3671846531465,11,0,0.0,2.918247107100342,19.540291870639862,0,0.0,2.6244451554588295,10.754505056681069,35.8374891898801
Truck_9,670.634083754897,11,0,0.0,3.65197540282054,15.006635402593815,0,0.0,3.085824860964067,12.900416550921705,34.64485221730013
Truck_4,670.9979121741917,11,0,0.0,5.393810581680896,17.175515171697384,0,0.0,3.084086527937643,12.495735247741209,38.14914752905713
Truck_2,682.0116237593563,11,0,0.0,4.859685438349516,10.453057071981561,0,0.0,2.0940217799469565,12.636935631033225,30.04369992131126
Truck_6,0.0,0,2,5.592408109908627,2.9693820661101658,10.199439820636805,0,0.0,3.1473403991346274,11.68276966034917,33.591340056139394
Truck_1,0.0,0,0,0.0,4.685223094028892,14.58307744167658,0,2.4902790458242414,3.6959394351857036,8.276960409973682,33.7314794266891
Truck_3,0.0,0,0,0.0,5.952574306039846,11.998521819810772,0,0.0,3.807483455679094,13.916626855930335,35.67520643746005
Truck_5,0.0,0,1,4.90865302514529,3.478429823081081,11.022939986017242,1,2.498547561546612,1.6822535620243428,14.12696122713896,37.71778518495353
Truck_7,0.0,0,3,5.952574306039846,4.078168131986015,16.300368953907935,0,1.38314383279317,3.330180867465817,8.61443910996099,39.65887520215377
Truck_0,0.0,0,0,0.0,4.90865302514529,19.01962346175781,0,0.0,3.7859787378238643,12.669799470690162,40.38405469541713
Truck_2,0.0,0,0,0.0,5.592408109908627,18.66632164584243,0,1.1957892609643608,3.714800039370445,14.038863752024902,43.20818280811076
Truck_9,0.0,0,5,8.561790176018793,5.128059935675132,16.286641759695286,0,1.0679442208035717,2.5037550601990475,10.03396718233897,43.5821583347308
Truck_4,0.0,0,0,4.685223094028892,5.617073544340126,18.61062770300446,0,0.25639471471238195,3.3750797878012335,14.0686040563589,46.613002900245995
Truck_8,0.0,0,4,8.38708284822637,5.691250860117016,19.48902349860945,0,0.0,3.614963982153917,12.840030530983647,50.0223517200904
Truck_6,33.591340056139394,0,0,0.0,3.8606678895181616,11.690911789614162,0,0.0,3.3059602393877583,9.57925989156265,28.436799810082732
Truck_0,40.38405469541713,0,0,0.0,2.8652884932263234,10.146891611679074,0,0.0,3.5628528596700946,9.45019932568161,26.0252322902571
Truck_5,37.71778518495353,0,0,0.0,5.539250781398216,11.128540608472512,0,0.0,1.8912717185022245,14.277930396686088,32.83699350505904
Truck_1,33.7314794266891,0,0,0.0,4.338748579624948,19.55757040028987,0,0.0,1.9299000349908724,13.43439729783973,39.26061631274542
Truck_3,35.67520643746005,0,0,0.0,6.086593190649218,18.436525045625025,0,0.0,3.7899653412595526,9.142055914254662,37.45513949178846
Truck_9,43.5821583347308,0,0,0.0,4.741090693058332,12.541474038574293,0,0.0,2.1723356641581333,10.55390250224361,30.008802898034368
Truck_7,39.65887520215377,0,0,0.0,4.8882844305732505,16.638838886329502,0,1.8510602114650325,2.6521520002268844,9.20607020490202,35.23640573349669
Truck_4,46.613002900245995,0,0,0.0,6.060924470298104,10.690949035023714,1,2.3243343251806294,1.9684660755311683,9.736847616333847,30.781521522367463
Truck_2,43.20818280811076,0,0,0.0,3.6704313916874014,15.714291181501153,1,1.3953846336945261,3.575409205443556,13.453076899255862,37.8085933115825
Truck_8,50.0223517200904,0,0,0.0,6.145844173410559,19.933947543741276,0,0.0,3.2828529799740664,13.002919661334403,42.365564358460304
Truck_6,62.028139866222126,1,0,0.0,6.0339587494186375,10.871748340268596,0,0.0,2.705399633630293,13.2482577688221,32.859364492139626
Truck_0,66.40928698567423,1,0,0.0,5.7859897903397695,12.50166974006649,0,0.0,3.6703605484261743,10.219349505037712,32.177369583870146
Truck_5,70.55477869001257,1,0,0.0,6.192184261143339,12.518467485025141,0,0.0,3.664841068148519,13.839714732678218,36.21520754699522
Truck_7,74.89528093565046,1,0,1.851682015505446,3.400426075886486,13.31912759061268,0,1.4846504541750818,2.5097790693652513,9.383461925994396,31.949127131539342
Truck_9,73.59096123276517,1,0,0.0,5.972314005601504,12.087934090854446,0,0.0,3.2999577426090383,14.33653359179172,35.69673943085671
Truck_1,72.99209573943452,1,0,0.0,5.83575585563581,13.580246474555878,0,0.5221734347033617,2.7933794791833293,14.158839573151738,36.89039481723012
Truck_4,77.39452442261346,1,0,1.276517563469099,4.1732784432287815,11.512325362222938,2,3.1043003496611306,3.4648695903481155,10.239209321567117,33.77050063049718
Truck_3,73.1303459292485,1,0,0.0,5.540696056834051,15.448920398772415,1,1.603688598657925,3.532263569320932,13.085888088600257,39.21145671218558
Truck_2,81.01677611969326,1,0,0.0,2.222005327052358,16.942068478269206,0,0.0,2.024439477249288,11.552059985469413,32.740573268040265
Truck_8,92.3879160785507,1,0,0.0,6.075434713091582,14.04968022363937,0,0.0,3.4253516153892463,11.756828888125,35.3072954402452
Truck_0,98.58665656954437,1,0,0.0,5.705820937654693,17.160215888210473,0,0.0,3.259925985658029,9.636348005969595,35.76231081749279
Truck_9,109.28770066362188,1,0,0.0,4.047487323909223,11.44500990833103,0,0.0,2.2349905119062328,8.456704139895237,26.184191884041724
Truck_6,94.88750435836175,1,0,0.0,6.21538969290809,19.789642474449025,0,0.0,2.312287530635132,13.409477896778895,41.72679759477114
Truck_7,106.8444080671898,1,0,0.0,5.840744361975027,14.038099180125656,0,0.0,1.8650415959359066,9.322653941476034,31.066539079512623
Truck_4,111.16502505311064,1,0,1.0478667489402795,3.1367046789959687,15.482493816568649,0,0.0,3.0230439874015076,11.029530632689045,33.71963986459545
Truck_2,113.75734938773353,1,0,0.0,2.457403989381035,13.162884507022426,0,0.0,3.2048005197115685,13.808839224017959,32.63392824013299
Truck_1,109.88249055666464,1,0,0.0,4.291471203137732,19.9731854647617,0,0.0,3.365668995564647,9.269891705399232,36.90021736886331
Truck_5,106.76998623700779,1,0,0.0,5.442905565043134,19.878316989431497,0,0.4912296123661406,2.6904424501741744,11.949744348632208,40.452638965647154
Truck_3,112.34180264143409,1,0,0.34334978773074454,6.08043027101894,18.38857202541955,0,0.0,3.1670870552637496,14.73038118023399,42.709820319666974
Truck_8,127.6952115187959,2,0,0.0,4.996384271115545,18.092576946768645,0,0.0,3.41139508152105,10.368062585995062,36.8684188854003
Truck_0,134.34896738703716,2,0,0.0,5.963533347731868,11.674667232166854,0,0.0,3.3359179623681143,10.620603703604445,31.59472224587128
Truck_6,136.6143019531329,2,0,0.0,5.959659420162211,14.07495106390553,0,0.0,3.386896841519615,9.807938887546129,33.229446213133485
Truck_9,135.4718925476636,2,0,0.0,5.946571012540744,16.723360829858763,0,0.0,1.8814705449695737,11.444370555931584,35.995772943300665
Truck_4,144.8846649177061,2,0,0.0,5.548711653153163,14.421723375442411,0,0.9698088427800826,1.9581822542244822,10.128156548829338,33.02658267442948
Truck_7,137.91094714670243,2,0,0.0,4.793757523079478,18.050809236536026,0,0.0,2.9467384193318935,14.288659832878523,40.07996501182592
Truck_2,146.39127762786651,2,0,0.0,5.13599867884389,10.560082694126947,0,0.0,3.7375497882443938,14.339537150226676,33.77316831144191
Truck_1,146.78270792552794,2,0,0.0,6.115541500591604,10.35259765675255,0,0.4514052427777244,2.9616102201790397,14.145805944096708,34.026960564397626
Truck_5,147.22262520265494,2,0,0.0,5.187399305389874,16.64740183632199,0,0.0,3.75818085270879,8.772745423667061,34.365727418087715
Truck_3,155.05162296110106,2,0,0.0,3.9119077186663844,19.817470558319172,0,0.0,1.8287708322447145,11.976361421392255,37.534510530622526
Truck_8,164.5636304041962,2,0,0.0,4.432014092600639,18.539352481007825,0,0.0,3.566586735491711,9.58519033206835,36.123143641168525
Truck_0,165.94368963290844,2,0,0.0,4.810472050944156,15.187653312490966,0,0.0,3.370816541167187,13.985054873138125,37.353996777740434
Truck_9,171.46766549096427,2,0,0.0,5.375487744973043,16.513251454286063,0,0.0,2.7510141620030026,9.786307289474166,34.426060650736275
Truck_7,177.99091215852835,2,0,0.0,2.7910412103494764,11.447061244227967,0,0.0,3.6011201533710278,10.214312553544858,28.05353516149333
Truck_5,181.58835262074265,3,0,0.0,3.4418783638123784,10.553941102984965,0,0.2459626789368201,3.2886205541723825,11.469343957722543,28.99974665762909
Truck_4,177.91124759213557,2,0,0.0,4.341752614110732,14.151038239370564,0,0.0,2.0992156698511053,13.081001648243188,33.67300817157559
Truck_2,180.16444593930842,3,0,0.0,6.109278197474367,15.931606133588929,0,0.0,3.657557989631357,8.2790027907551,33.977445111449754
Truck_1,180.80966848992557,3,0,0.0,5.419811362460763,15.544071880368193,0,0.0,3.7535347768268252,10.99326744127157,35.71068546092735
Truck_3,192.5861334917236,3,0,0.0,3.9824700471383494,14.235714610824857,0,0.0,3.086597194207087,11.96347009016236,33.268251942332654
Truck_8,200.68677404536473,3,0,0.0,3.5916470307220436,18.532540583704474,0,0.0,3.8028657972843405,10.163534157379928,36.090587569090786
Truck_9,205.89372614170054,3,0,0.0,5.020929276851291,11.054645832816362,0,0.0,2.2890737668563474,14.258168037059079,32.62281691358308
Truck_7,206.04444732002167,3,0,0.0,3.667950441211218,13.646981494650788,1,3.254448201191906,1.5747148725484408,10.931680019907759,33.07577502951011
Truck_0,203.29768641064888,3,0,0.0,4.883058764529437,14.635375881559554,0,1.4422539614866707,3.6336423451839153,14.770779998990236,39.36511095174981
Truck_4,211.58425576371116,3,0,0.0,5.445722220275883,14.325372212653008,0,0.0,3.355162949732204,10.055186645032279,33.181444027693374
Truck_5,210.58809927837174,3,0,0.0,6.205467751623246,17.1624804679864,0,0.0,2.309442803045158,11.251625683807248,36.92901670646205
Truck_2,214.14189105075818,3,0,0.0,3.999562646336301,15.96623610812864,0,0.6028233411491328,2.209664919379918,11.283666578454643,34.061953593448635
Truck_1,216.52035395085292,3,0,0.0,3.8764290020536407,17.596429986868742,0,0.0,2.210849732792326,13.741885093970353,37.42559381568506
Truck_6,169.84374816626638,2,0,0.0,6.093284395450894,17.463085461299215,0,0.0,3.3828598111269628,8.997685351935019,85.41765519512339
Truck_3,225.85438543405624,3,0,0.0,4.0440185567127,14.914834575549492,0,0.0,3.6618478136127237,13.762025465762122,36.38272641163704
Truck_8,236.77736161445551,3,0,0.0,6.1693057635631305,10.69103348265699,0,0.0,3.0145193504527583,14.488373696096915,34.363232292769794
Truck_7,239.1202223495318,3,0,0.0,5.791154977461304,17.29390672366361,0,0.0,2.1391553195010147,8.983085029002211,34.20730204962814
Truck_9,238.51654305528362,3,0,0.0,4.301716203714392,18.54906071912103,0,0.0,1.763762371421933,10.534325988880653,35.14886528313801
Truck_0,242.6627973623987,4,0,0.0,5.503724377246499,15.081021427119879,0,0.0,3.0727856041879704,13.404432120843069,37.06196352939742
Truck_5,247.5171159848338,4,0,0.0,5.874230056013346,11.862413679882678,0,0.0,2.948755676161909,12.154953461918353,32.840352873976286
Truck_2,248.2038446442068,4,0,0.0,5.069697910114343,18.102139734317603,0,0.0,3.0515699723604257,10.655203608856084,36.878611225648456
Truck_4,244.76569979140453,4,0,0.0,5.4138449515880325,19.564352532336557,0,0.0,3.466778291383662,12.411518122303278,40.85649389761153
Truck_6,255.26140336138977,4,0,0.0,5.657365798281916,12.557469704086088,0,0.0,3.133046871249121,11.82201022689452,33.169892600511645
Truck_1,253.94594776653798,4,0,0.0,5.621472460670304,14.498873009103534,0,0.36095902468736085,3.1945355880211537,14.149468766806251,37.825308849288604
Truck_3,262.2371118456933,4,0,0.0,2.8645409244322195,12.99746962300975,0,0.0,3.3488862211478363,13.59220624586851,32.803103014458316
Truck_9,273.6654083384216,4,0,0.0,4.87186632936681,10.347799623565152,0,0.0,2.5724060412728136,13.026670707815981,30.818742702020756
Truck_8,271.1405939072253,4,0,0.0,6.094213853625945,15.590943321422117,0,0.0,2.4747689773161596,9.657879524612554,33.817805676976775
Truck_7,273.3275243991599,4,0,0.0,3.831701208195284,14.390067823972515,0,0.0,1.6397693571433365,12.02019902514445,31.881737414455586
Truck_5,280.3574688588101,4,0,0.0,4.98228678241901,15.904764533134369,0,0.0,2.5377516239101396,9.352492733189024,32.77729567265254
Truck_0,279.7247608917961,4,0,0.0,5.115020798922501,17.286831524889067,0,0.0,3.298453828607137,13.411785058397243,39.11209121081595
Truck_2,285.08245586985527,4,0,0.0,6.130091427397474,17.077073731624296,0,0.0,2.7053245089302322,8.302833302680767,34.21532297063277
Truck_4,285.62219368901606,4,0,0.0,6.239602193978669,13.748273575988662,0,0.0,3.7409798004419486,10.148943170403925,33.877798740813205
Truck_1,291.7712566158266,4,0,0.0,6.124884570099255,11.91235014053484,0,0.0,3.50658812969516,9.864725961957163,31.40854880228642
Truck_6,288.4312959619014,4,0,0.0,5.930729622484876,15.586547162496231,0,1.0463727909247496,3.25159784293578,9.290854716128138,35.106102134969774
Truck_3,295.0402148601516,4,0,0.0,3.7701786733871927,16.179642676243247,0,0.0,3.596733260137455,8.939109408541697,32.48566401830959
Truck_7,305.2092618136155,5,0,0.0,4.940397104141141,16.680914002912232,0,0.0,2.351981314435818,10.484172294363589,34.45746471585278
Truck_9,304.4841510404424,5,0,0.0,6.153967296081248,15.189726285998404,0,0.0,2.501035059967876,14.484201071319092,38.32892971336662
Truck_8,304.9583995842021,5,0,0.0,6.189771565872263,17.011738160064567,0,0.16897037235099788,2.764373249704761,12.855619648897346,38.990472996889935
Truck_5,313.1347645314626,5,0,0.0,5.176144521327899,14.394239081965907,0,0.0,2.713030946105505,9.2152620334208,31.49867658282011
Truck_0,318.83685210261206,5,0,0.0,3.552790286036327,16.711509584158648,0,0.0,2.892526874992086,9.512248548924333,32.669075294111394
Truck_1,323.179805418113,5,0,0.0,2.3826786721056123,11.283988225907649,0,0.0,3.450004792472839,12.36706678319365,29.48373847367975
Truck_6,323.5373980968712,5,0,0.0,5.984582231279376,11.387828547676918,0,0.0,3.719018021341128,10.094350622340755,31.185779422638177
Truck_4,319.49999242982926,5,0,0.0,5.680363537856408,16.18077374850759,1,2.2743193763802765,2.8847593069538675,11.70903949542378,38.72925546512192
Truck_2,319.29777884048804,5,0,0.0,6.201548878828078,15.731832375648082,0,0.7625187528349215,1.6417702447744205,14.624121823361804,38.961792075447306
Truck_3,327.5258788784612,5,0,0.0,6.181939391605795,11.344862605810079,0,0.0,2.7284330766519247,14.689223371763035,34.94445844583083
Truck_7,339.6667265294683,5,0,0.0,5.571946383801787,16.86320637167279,0,0.0,2.451081885791041,11.656603227702306,36.54283786896792
Truck_5,344.63344111428273,5,0,0.0,6.022288199126024,17.358116545014525,1,0.6474746434040526,3.7856213107793337,8.341937216452266,36.1554379147762
Truck_8,343.948872581092,5,0,0.0,5.277881030757101,16.101823448610844,0,0.0,3.33274344136737,13.878540431590125,38.59098835232544
Truck_9,342.813080753809,5,0,0.0,4.506909585886831,18.504763250951726,0,0.0,2.5749332541678314,14.247515208154255,39.83412129916064
Truck_0,351.50592739672345,5,0,0.0,5.776459874093291,16.63070545132416,0,0.0,1.464813152320744,8.183434230190585,32.05541270792878
Truck_1,352.66354389179276,5,0,0.0,4.07761149927876,10.9368699454605,0,0.7216615082833755,2.0978789089760994,14.685092185287829,32.519114047286564
Truck_6,354.72317751950936,5,0,0.0,4.389241943113404,12.07161903517931,0,0.0,2.27907521076952,12.14786906098226,30.887805250044494
Truck_4,358.2292478949512,5,0,0.0,5.86824465885627,12.12819704261392,0,0.0,2.7731370562299844,12.07213849966763,32.841717257367804
Truck_2,358.25957091593534,5,0,0.0,5.794676008425711,11.538207413306736,0,0.0,3.396284269005548,12.31830754949982,33.047475240237816
Truck_3,362.470337324292,6,0,0.0,3.8264989588323033,14.47774302444168,0,0.0,2.4981111497982056,13.275721046067872,34.07807417914006
Truck_7,376.2095643984362,6,0,0.0,2.8074993261969325,14.6983470736904,0,0.0,2.2341365257733514,13.025155886434618,32.7651388120953
Truck_6,385.61098276955386,6,1,2.4526541640245796,3.2359601349946843,10.875050651410618,0,0.0,3.3840519357209473,13.026820305735896,32.974537191886725
Truck_9,382.64720205296965,6,0,0.0,5.41643488060879,17.86602456948509,1,2.4796097047997705,1.9885193257071592,9.459736046934609,37.21032452753542
Truck_5,380.78887902905893,6,0,0.0,5.286095833091565,19.213820553782398,0,0.26990423977179034,2.8505715521586126,11.601018733486569,39.221410912290935
Truck_0,383.56134010465223,6,0,0.0,5.892255785090185,15.512507197055186,0,0.0,3.3835820412591033,13.790441522988715,38.57878654639319
Truck_4,391.070965152319,6,0,0.0,4.858170524618288,13.574570464158626,1,2.6123427694664088,2.6102322051006013,8.96102995906358,32.616345922407504
Truck_1,385.1826579390793,6,0,0.8923169230711778,5.983932815217486,13.325515810400873,1,2.9652616402878493,3.766363782505607,11.712592915364041,38.645983886847034
Truck_8,382.53986093341746,6,0,0.0,6.188000538413007,18.99416397675259,2,2.675765084987404,3.3749474095785104,13.72364495904867,44.95652196878018
Truck_2,391.30704615617316,6,0,0.0,6.056024092737971,12.331465612461272,2,4.078202081776567,3.1164899910206714,11.522501475693389,37.10468325368987
Truck_3,396.5484115034321,6,0,0.0,5.813584788444473,18.451738076172944,0,0.0,2.9634885443587677,8.908437326012915,36.1372487349891
Truck_7,408.9747032105315,6,0,0.0,5.485489616214636,12.930298475093082,0,0.0,3.762907067002118,13.054087154305194,35.23278231261503
Truck_6,418.5855199614406,6,0,0.0,4.792597346936134,16.77911895211929,0,0.0,2.725980667559213,9.254237989726732,33.55193495634137
Truck_4,423.6873110747265,7,0,0.0,4.594471709335096,11.626699682797152,0,0.0,2.716962661875982,12.880657408979289,31.81879146298752
Truck_9,419.85752658050507,6,0,0.0,4.442682318638958,17.310407300635404,0,1.0148289289552963,2.178763234815449,11.503778335229129,36.450460118274236
Truck_1,423.82864182592635,7,0,0.47156707321767044,4.397673205806257,15.984994382576133,1,0.5976609907582997,3.3704899278122866,8.8166930803323,33.639078660502946
Truck_5,420.01028994134987,7,0,0.0,4.330193083547613,18.098893191913817,1,0.4438407112439222,2.3973205502294945,13.308595974110062,38.57884351104491
Truck_0,422.1401266510454,7,0,0.0,5.010120981780119,15.6851987278759,1,1.9687620028487345,2.9544529685705925,13.423498377705528,39.04203305878087
Truck_8,427.49638290219764,7,0,0.0,3.959576205503822,14.268475586249053,0,2.034226638170253,2.9565553720136677,11.348607109036607,34.5674409109734
Truck_2,428.411729409863,7,0,0.0,5.955186279954148,14.758203751154383,0,0.0,3.539089335665608,11.007714077544563,35.2601934443187
Truck_3,432.6856602384212,7,0,0.0,5.331968114279448,13.169206648434113,0,0.0,2.688470549583201,10.194972629857489,31.38461794215425
Truck_7,444.20748552314654,7,0,0.0,4.604875680447606,13.03331874755196,0,0.0,3.008547783293068,13.507293629171443,34.154035840464076
Truck_6,452.13745491778195,7,0,0.0,5.164407004249028,13.31993576409559,0,0.0,3.153841689481567,9.741252521126455,31.37943697895264
Truck_4,455.506102537714,7,0,0.0,5.518864699037749,11.401330150766626,0,1.3493419880897477,2.7626297322842674,9.219580091823786,30.251746662002176
Truck_1,457.4677204864293,7,0,0.0,3.1734019912171334,11.669661338425499,0,0.0,2.8143428997974524,12.179015968212411,29.836422197652496
Truck_9,456.3079866987793,7,0,0.0,4.106245394354801,12.14100542086993,1,2.569889201865351,2.950695439642118,10.969693701278686,32.73752915801089
Truck_5,458.5891334523948,7,0,0.0,3.3515550754715377,14.494777888702458,0,0.10280269132363173,2.9658545760676702,10.338979703724249,31.253969935289547
Truck_0,461.1821597098263,7,0,0.0,3.4472464354896033,15.361645780999027,0,0.0,1.9569067482213995,9.8937821809576,30.65958114566763
Truck_3,464.07027818057543,7,0,0.0,5.988462955412217,14.298990909802797,0,0.0,2.811963339118847,9.882148741296476,32.98156594563034
Truck_8,462.06382381317104,7,0,0.0,5.719816664380062,12.940042697863532,0,0.0,3.0190518448741273,14.855438465788666,36.53434967290639
Truck_2,463.67192285418173,7,0,0.0,4.96169776845727,19.424875584604877,0,0.0,2.3475603814237616,9.302711449529909,36.03684518401582
Truck_7,478.3615213636106,7,0,0.0,3.320256647960207,14.088850915242574,0,0.0,1.4214338212032658,13.319684825531056,32.1502262099371
Truck_4,485.7578491997162,8,0,0.0,4.356888502498521,10.3314687656989,0,0.0,3.7189458078527764,11.513209995384102,29.9205130714343
Truck_0,491.8417408554939,8,0,0.0,4.617628313419914,12.040788152479479,0,0.0,2.3943332090176455,8.653532292054706,27.706281966971744
Truck_6,483.5168918967346,8,0,0.0,2.5675270893524385,17.786492561840646,0,0.0,2.616160679953282,13.597493291201886,36.56767362234825
Truck_9,489.0455158567902,8,0,0.0,5.180074556280886,12.098237691538088,0,0.0,3.531184719088799,13.61608801965815,34.42558498656592
Truck_1,487.3041426840818,8,0,0.0,3.6175156035785108,17.98285474992383,0,0.9504997861138236,1.9466575207371761,13.698044079887154,38.195571740240496
Truck_5,489.8431033876843,8,0,0.0,3.2635148458436447,16.33940113232734,1,1.4484711645556558,3.3641569351982525,14.537383464928894,38.952927542853786
Truck_3,497.05184412620576,8,0,0.0,4.911803895948026,17.213517290387415,0,0.0,2.7385256788942343,8.071558305736062,32.93540517096574
Truck_2,499.70876803819755,8,0,0.0,3.1423815769833254,18.900070963046176,0,0.16447041320839162,2.707659282600275,8.886414347101777,33.800996582939945
Truck_8,498.5981734860774,8,0,0.0,4.553725389323404,16.338016076099905,0,0.0,3.480355566763137,11.942028709374881,36.31412574156133
Truck_7,510.5117475735477,8,0,0.0,4.226991191502975,13.481864779335183,0,0.0,3.0872089748517055,10.889788683594247,31.68585362928411
Truck_4,515.6783622711505,8,0,0.0,6.12494953027408,14.720715568700598,0,0.0,1.5182393590009724,11.879315021726029,34.24321947970168
Truck_6,520.0845655190828,8,0,0.0,3.872033744471537,13.848760779454551,0,0.0,2.7381729883526305,10.918932898065691,31.37790041034441
Truck_9,523.4711008433561,8,0,0.0,3.327523151951823,15.49675718185938,0,0.0,3.480701896455116,8.463316504985642,30.76829873525196
Truck_1,525.4997144243223,8,0,0.0,5.779558334299395,16.01354684204034,0,0.0,3.2118575728345604,9.445307270683315,34.45027001985761
Truck_0,519.5480228224657,8,0,0.0,6.124140842696079,18.922125649599252,0,0.0,3.047901380431199,14.550299921014243,42.64446779374077
Truck_3,529.9872492971715,8,0,0.0,4.579242168959922,17.213454726373584,0,0.0,3.6895269527520895,9.769793585265575,35.25201743335117
Truck_2,533.5097646211375,8,0,0.0,2.6730540186965754,16.448888363369974,0,0.0,3.384807714656972,11.108546034462847,33.61529613118637
Truck_8,534.9122992276388,8,0,0.0,5.750486976127718,13.357543762861837,1,1.996184751232704,3.353696391630251,8.638764503463108,33.09667638531562
Truck_5,528.7960309305381,8,0,0.0,5.990205215636138,18.80777385968895,0,1.8754631393939007,3.6943404988460316,12.488662343588317,42.85644505715334
Truck_6,551.4624659294273,9,0,0.0,4.447954764533392,11.44991882485101,0,0.0,2.738415308969138,14.465879210332105,33.102168108685646
Truck_9,554.2393995786081,9,0,0.0,5.581268388194985,10.542015309324825,0,0.0,3.3456450484584366,12.659333715675416,32.12826246165366
Truck_4,549.9215817508522,9,0,0.0,5.975287183215869,18.42155949441974,0,0.0,3.139104391203773,13.256830890373067,40.79278195921245
Truck_1,559.9499844441799,9,0,0.0,5.730363897672191,16.447198553887233,0,0.0,1.3428569633323377,10.515816222129388,34.03623563702115
Truck_0,562.1924906162064,9,0,0.0,4.598759594816897,15.518730594946192,0,0.0,2.604141827311082,11.817512293303821,34.53914431037799
Truck_2,567.1250607523239,9,0,0.0,5.4985954396273655,13.491304531090577,0,0.0,1.9762677594567322,9.731064914006538,30.697232644181213
Truck_3,565.2392667305227,9,0,0.0,4.7059843864279856,16.11284820849528,0,0.0,3.3533707561018673,9.278671699250367,33.4508750502755
Truck_5,571.6524759876914,9,0,0.0,4.520470720603498,12.48229069464685,0,0.0,1.9411297904473486,13.881661058269856,32.82555226396755
Truck_8,568.0089756129544,9,0,0.0,5.233951240579813,17.516665720722813,0,0.0,3.7416499446114813,14.575869188454817,41.068136094368924
Truck_9,586.3676620402617,9,0,0.0,3.9860573650142896,13.694141400350759,0,0.0,2.218671947959024,11.143235708508541,31.042106421832614
Truck_6,584.5646340381129,9,0,0.0,5.3264773707253426,16.9869058075775,0,0.0,3.0627494503678463,11.109288059809614,36.4854206884803
Truck_4,590.7143637100646,9,0,0.0,5.051152963791424,13.000561713029356,0,0.0,3.2678659429725485,12.186509857704891,33.50609047749822
Truck_1,593.986220081201,9,0,0.0,4.611415240479118,13.633238377207022,0,0.0,3.3109897204050185,9.450066027608159,31.005709365699317
Truck_2,597.8222933965051,9,0,0.0,3.102307567082221,10.34278994018996,0,0.0,3.2693941781858484,11.796265512035689,28.510757197493717
Truck_0,596.7316349265844,9,0,0.0,5.426233170584055,14.396193743670665,0,0.0,1.6155901881647878,14.40125480205586,35.83927190447537
Truck_3,598.6901417807982,9,0,0.0,4.238868577098401,19.38658134850823,0,0.0,2.2109661630511255,9.16855546350655,35.00497155216431
Truck_5,604.478028251659,10,0,0.0,5.325702533817093,11.697506384668827,0,0.0,2.2104080734468425,11.151436182433486,30.38505317436625
Truck_8,609.0771117073233,10,0,0.0,5.819947018213725,14.630660568198437,0,0.0,3.7109150429105284,12.471595972716727,36.63311860203942
Truck_7,542.1976012028318,9,0,0.0,5.9770689289165375,16.0895015708212,0,0.0,2.989966818144012,8.233823043108714,106.73200177703927
Truck_9,617.4097684620943,10,0,0.0,5.857881316957446,18.868026753529534,0,0.0,2.596184992103076,13.812732181152796,41.13482524374285
Truck_1,624.9919294469004,10,0,0.0,4.110703315080286,13.134727306502668,0,0.0,2.5145511089015145,14.98536716056185,34.74534889104632
Truck_6,621.0500547265932,10,0,0.0,4.214520178808016,18.757270110032437,0,0.7100165092507496,2.5465602976903483,12.656175730044765,38.884542825826315
Truck_2,626.3330505939988,10,0,0.0,5.005390246826096,12.80349455486828,1,0.6099757816916735,3.1269624676887133,12.785021658175765,34.33084470925053
Truck_4,624.2204541875628,10,0,0.0,3.611101553759454,17.271375841846293,0,2.1754902392061695,2.675605386141342,13.802161622223252,39.53573464317651
Truck_0,632.5709068310598,10,0,0.0,3.6339265363410505,13.083161978758199,0,0.0,3.278245086756556,12.524476062770532,32.51980966462634
Truck_3,633.6951133329625,10,0,0.0,5.212870617233989,16.570175547302597,0,0.0,2.0205126984704975,8.243573627293244,32.04713249030033
Truck_5,634.8630814260252,10,0,0.0,5.724090149939229,14.45250256649092,0,0.0,3.2474524152618187,8.130933998086675,31.554979129778644
Truck_8,645.7102303093627,10,0,0.0,4.426114926839773,14.868776033362224,0,0.0,2.740401966766399,9.059026923665556,31.09431985063395
Truck_7,648.9296029798711,10,0,0.0,4.637968635919947,18.749967292234714,0,0.0,3.235040717633069,11.909763339104074,38.532739984891805
Truck_2,660.6638953032493,11,0,0.0,2.8576106502094945,12.178697566383676,0,0.0,3.1297742912654485,8.773274908832832,26.93935741669145
Truck_1,659.7372783379467,10,0,0.0,6.17256974496263,13.542390066840426,0,0.0,2.9254709163056987,11.341832607899164,33.98226333600792
Truck_6,659.9345975524195,10,0,0.0,5.239485166983059,17.325430830213804,0,0.5018008820851492,2.0972768179285595,9.526791347144353,34.690785044354925
Truck_4,663.7561888307393,11,0,0.0,5.525817039057642,12.914339770679817,0,0.18136342557863827,3.5697463403056418,10.100763120021725,32.292029695643464
Truck_0,665.0907164956861,11,0,0.0,4.553008769931125,16.78752729353414,0,0.0,2.216258165301838,8.36078723940841,31.917581468175513
Truck_9,658.5445937058372,10,0,0.0,4.197360332499898,16.825765599620013,0,0.0,3.433594793744419,14.98575918328936,39.44247990915369
Truck_3,665.7422458232628,11,0,0.0,5.418962542772874,15.681343616390677,0,0.0,2.2805212483845025,10.072536498579552,33.453363906127606
Truck_5,666.4180605558039,11,0,0.0,5.535227775923204,15.36611819639461,0,1.3281041963315374,1.5863215570362854,10.55321479063366,34.368986516319296
Truck_8,676.8045501599967,11,0,0.0,5.827261113406735,18.29239305137196,0,0.0,2.502894061559118,13.879364444939142,40.501912671276955
Truck_0,0.0,0,0,0.0,5.196171912452294,15.058099094123001,0,0.0,2.4820041037628897,8.263904791266103,31.000179901604287
Truck_1,0.0,0,0,0.0,5.126732278817325,10.724064618372823,0,0.0,2.4832817082799625,13.084520795741295,31.418599401211406
Truck_2,0.0,0,0,0.0,3.6076246634670266,16.87187825592312,0,0.0,3.7677537302435447,13.804126857217188,38.05138350685088
Truck_9,0.0,0,5,7.75647531488932,5.830899363322738,11.272964659171357,1,0.8570883848572919,2.93403339310553,9.423529382816305,38.07499049816254
Truck_3,0.0,0,0,0.0,5.609040165645839,16.249838238545635,0,0.8773967061467118,2.600431377890555,13.768580737834807,39.105287226063545
Truck_5,0.0,0,1,5.126732278817325,5.1533222674168115,12.038160772935857,1,1.9290413304637006,1.4701710726070125,14.544358997519232,40.26178671975994
Truck_4,0.0,0,0,3.6076246634670266,3.7271690270989986,18.27326190845931,2,3.0434055163209024,1.8868071750290376,10.7007906977077,41.239058988082974
Truck_7,0.0,0,3,5.609040165645839,5.938641076507773,11.372181309039043,1,2.4168439370360844,3.251455424681925,13.471899673342165,42.06006158625283
Truck_6,0.0,0,2,5.196171912452294,2.560303402437026,17.25352174438087,2,3.578164853640473,2.2740683491149127,14.48921750011192,45.3514477621375
Truck_8,0.0,0,4,7.334793690566025,5.303025050311794,13.235632864712962,2,4.664816684784494,3.6411783993997524,14.49116338189112,48.67061007166615
Truck_0,31.000179901604287,0,0,0.0,3.6333510038597048,12.65884847054042,0,0.0,2.807013578795022,10.09216905560757,29.191382108802717
Truck_1,31.418599401211406,0,0,0.0,4.6581686932164565,10.805802470816545,0,0.0,2.363264897810346,12.826562784591566,30.653798846434913
Truck_5,40.26178671975994,0,0,0.0,4.905090617622946,10.751958866817063,0,0.0,2.6511517971836156,8.460549849011855,26.76875113063548
Truck_3,39.105287226063545,0,0,0.0,3.1421761172193214,12.682537396055459,0,0.0,3.507017213613956,11.303953676699429,30.635684403588165
Truck_4,41.239058988082974,0,0,1.0084043551998931,5.724177289600689,10.837504707259896,0,1.551889452454084,1.9884896845789441,10.994827798650682,32.10529328774419
Truck_2,38.05138350685088,0,0,0.0,4.980392328423541,14.701750880536402,0,0.7034912371414563,1.9240168396452546,13.154399018247048,35.4640503039937
Truck_9,38.07499049816254,0,0,0.0,4.572513749538238,15.422052020063198,1,0.5004317336195854,3.626756635116976,13.800727269802437,37.922481408140435
Truck_6,45.3514477621375,0,0,0.0,5.345204236593659,12.299253975495198,0,0.0,1.145908431582889,14.564431471939429,33.354798115611175
Truck_7,42.06006158625283,0,1,0.5874426614479518,5.898304356520661,12.47285994982586,0,1.178076082453238,2.6791774040601126,14.760235742021536,37.57609619632936
Truck_8,48.67061007166615,0,0,0.0,5.542871368778165,13.929176188077747,0,0.0,2.5782278465956665,11.802862235917502,33.85313763936908
Truck_1,62.07239824764632,1,0,0.0,5.419210353699242,13.524758249998868,0,0.0,3.3367053994108744,12.002621941481067,34.28329594459005
Truck_0,60.191562010407004,1,0,0.0,4.835599414377107,17.399595054115096,0,0.0,1.6117855177243996,14.400933481715,38.2479134679316
Truck_3,69.74097162965171,1,0,0.0,5.082476489070331,12.10395430706869,0,0.0,3.612778297832719,8.16882236166488,28.96803145563662
Truck_5,67.03053785039542,1,0,0.0,5.926347191757941,16.590850812825153,0,0.0,2.0116953000002695,13.67716571989149,38.206059024474854
Truck_9,75.99747190630298,1,0,0.0,4.82768325071234,15.395817194792798,0,0.0,1.4290754719438326,14.82912084036029,36.48169675780926
Truck_2,73.51543381084458,1,0,0.0,5.352030342937624,19.997858489903024,0,2.08553158481692,1.7292183549063793,9.835082588318755,38.9997213608827
Truck_4,73.34435227582716,1,0,0.0,5.237867728660291,15.694827288170956,0,0.0,3.665327403606838,14.911251408226832,39.50927382866492
Truck_6,78.70624587774867,1,0,0.0,6.071158109586008,11.699436739155587,0,1.173207097261681,3.3008064047502046,11.955454016774553,34.200062367528034
Truck_7,79.63615778258219,1,0,0.0,5.43488890317974,11.417714733222596,1,1.4536132772807235,3.7686327269318127,12.479296132383851,34.55414577299872
Truck_8,82.52374771103523,1,0,0.0,3.9089008800733467,17.272712678644055,0,0.0,2.9280052356167943,8.64079256796019,32.750411362294386
Truck_0,98.43947547833861,1,0,0.0,5.9050773806145855,10.814966774523,0,0.0,3.826110513341945,9.810823426164134,30.356978094643665
Truck_1,96.35569419223637,1,0,0.0,6.153354197609005,14.398817696944818,0,0.0,3.6496186307691687,10.126922153823159,34.32871267914615
Truck_5,105.23659687487027,1,0,0.0,5.660774265038825,12.069750429389728,0,0.0,1.7635410085856336,8.75331066453191,28.247376367546096
Truck_3,98.70900308528833,1,0,0.0,5.757315833683677,13.68785163113877,0,0.8314595967073615,3.4075161056473178,11.375164987784288,35.059308154961414
Truck_9,112.47916866411224,1,0,0.0,2.737134330359453,14.776795846476219,0,0.0,3.104057638216574,9.676395793107503,30.294383608159748
Truck_8,115.27415907332961,1,0,0.13615418050038386,3.399548035571172,12.955571546878446,0,0.0,3.0236767003906095,13.913041127301,33.42799159064161
Truck_6,112.9063082452767,1,0,0.0,4.650823044295549,19.024174583729973,0,1.567905871501324,2.20622805040108,8.437347387031366,35.88647893695929
Truck_2,112.51515517172729,1,0,0.0,2.8951580821027108,19.56503116847739,0,0.0,3.1738673224961644,12.549743495514235,38.1838000685905
Truck_4,112.85362610449208,1,0,0.0,4.562927995739955,17.501533210263787,0,0.0,3.5362279945816795,13.30200535189445,38.90269455247987
Truck_7,114.19030355558091,1,0,1.0259994388907785,6.115573765027719,16.962019101546673,0,0.16041944403141883,1.811355975423055,14.993813895941742,41.069181620861386
Truck_0,128.79645357298227,2,0,0.0,5.612041718645912,15.880963260915507,0,0.0,2.8856518004365057,11.30323172759654,35.681888507594465
Truck_5,133.48397324241637,2,0,0.0,5.5725374002323065,11.431949918900813,0,0.0,2.636330644685671,13.840306407327091,33.48112437114588
Truck_1,130.68440687138252,2,0,0.0,5.434549196884461,16.13658469052544,0,0.869250447442738,2.624821740429553,12.287355983454546,37.35256205873674
Truck_3,133.76831124024974,2,0,0.0,3.154876765214766,18.273321200481405,0,0.0,2.616449070498703,13.577182382079485,37.62182941827436
Truck_9,142.77355227227198,2,0,0.0,3.7601906563278646,16.85745348408463,0,0.0,3.0024754197274888,11.26624417530445,34.886363735444434
Truck_4,151.75632065697195,2,0,0.0,4.277553107811002,16.450800767720466,0,0.2139751327878514,1.5500453665695773,8.000593562874968,30.492967937763865
Truck_2,150.6989552403178,2,0,0.0,6.1364233190197695,13.740961374542508,0,0.0,2.1223097314112067,13.864538451610343,35.86423287658383
Truck_8,148.70215066397122,2,0,0.0,5.861930390680783,18.009937331122785,1,1.6746766460860556,3.040933176324785,9.368459649603068,37.955937193817476
Truck_6,148.792787182236,2,0,0.0,6.1321516046110105,17.28037305948672,0,0.0,2.2701271239547793,14.188560774064797,39.87121256211731
Truck_7,155.2594851764423,2,0,0.0,5.711412644242472,12.894766271055062,1,0.6097748785486772,3.1143683863741956,11.276562614825366,33.60688479504577
Truck_0,164.47834208057674,2,0,0.0,4.961626878192703,19.02909698696439,0,0.0,3.4864742277727885,11.651838140476883,39.129036233406765
Truck_5,166.96509761356225,2,0,0.0,4.366047083633248,17.191962845570828,0,0.0,3.34149225269573,14.046107960884939,38.945610142784744
Truck_1,168.03696893011926,2,0,0.0,6.014322433812993,18.560048467096777,0,0.0,3.2654793161867133,13.62113832585419,41.46098854295067
Truck_3,171.3901406585241,2,0,0.0,3.5900098076519384,19.391095521298666,0,0.0,2.9477232083698084,12.589568736992817,38.51839727431323
Truck_9,177.65991600771642,2,0,0.0,5.46447060494819,14.64600261845672,0,0.0,3.7135712402201193,8.764426265890904,32.58847072951593
Truck_4,182.24928859473582,3,0,0.0,4.548851199412525,16.45545787145352,0,0.0,2.726500205968307,11.731252935352671,35.46206221218702
Truck_6,188.6639997443533,3,0,0.0,4.920552992933722,12.14920704957862,0,0.24633808470451868,2.644700599639407,10.663992967982779,30.624791694839047
Truck_7,188.86636997148807,3,0,0.0,5.979194787600193,11.258323746598336,0,0.5958398522758159,2.814367375303817,10.060322286962759,30.70804804874092
Truck_2,186.5631881169016,3,0,0.0,2.40296079622982,14.43911159551729,0,0.0,3.2944678493136905,13.419271761812809,33.55581200287361
Truck_8,186.6580878577887,3,0,0.0,5.413094415509164,16.56540382713564,0,0.0,3.7607287066139747,13.390569892645914,39.12979684190469
Truck_0,203.6073783139835,3,0,0.0,5.710598719097277,10.525712333438662,0,0.0,3.5723467997212026,9.022175588867185,28.830833441124327
Truck_9,210.24838673723235,3,0,0.0,4.557267573197777,10.596173365683455,0,0.0,1.5890658238822937,12.106707786683472,28.849214549446998
Truck_5,205.910707756347,3,0,0.0,3.795032038585987,18.268607730209396,0,0.0,2.3745576221757005,14.032093875628277,38.47029126659936
Truck_1,209.49795747306993,3,0,0.0,5.889505866129241,15.508417257676626,0,0.0,3.4356946850855934,13.902178694524594,38.735796503416054
Truck_3,209.90853793283733,3,0,0.0,3.957257281275247,19.503066518453466,0,0.0,2.9532713368105874,12.191497953126373,38.60509308966567
Truck_2,220.11900011977522,3,0,0.0,2.648751500468819,14.167784432599007,0,0.0,2.8404357570765058,10.954218879596425,30.611190569740756
Truck_6,219.28879143919235,3,0,0.0,5.739706710996927,11.627160798557782,0,0.0,2.4580973127454797,11.69692615857008,31.521890980870268
Truck_7,219.574418020229,3,0,0.0,3.360402213547104,16.627055681789273,0,0.0,1.2995270943777655,10.344791949674601,31.631776939388743
Truck_4,217.71135080692284,3,0,0.0,5.83265536787917,18.083806588258994,0,0.0,2.69477122852021,11.692944889765556,38.30417807442393
Truck_8,225.7878846996934,3,0,0.0,4.198953535725025,10.039608341347616,0,0.0,3.1368782776459057,12.872137300240183,30.24757745495873
Truck_0,232.43821175510783,3,0,0.0,3.828646329347805,10.817564602227947,0,0.0,2.8989699722012006,11.493044793622744,29.038225697399696
Truck_9,239.09760128667935,3,0,0.0,5.040722228252378,17.447868308509186,0,0.0,3.3489985462432514,8.132905282385593,33.97049436539041
Truck_5,244.38099902294636,4,0,0.0,6.057633446154227,11.416172759663368,0,0.0,2.3105345115640716,11.765136213505059,31.549476930886726
Truck_7,251.20619495961773,4,0,0.0,5.187138488034918,13.471553294774083,0,1.0824539731490859,2.0251430746864685,8.720696601051543,30.486985431696098
Truck_1,248.23375397648599,4,0,0.0,2.4754970226343573,16.623305043930998,0,0.0,3.614784672524479,13.547459302516472,36.261046041606306
Truck_2,250.73019068951598,4,0,0.0,4.171159077431071,14.679027282759279,0,0.0,2.495952306907782,14.495536191226961,35.84167485832509
Truck_4,256.01552888134677,4,0,0.0,6.241196208159124,14.171278611971047,0,0.0,2.8399846898340115,8.581622069896696,31.83408157986088
Truck_3,248.513631022503,4,0,0.0,5.854237062128021,17.208975613962934,0,0.49948565802014855,3.8245836266372066,12.381251049136836,39.76853300988515
Truck_8,256.0354621546521,4,0,0.0,5.775108646972285,19.034708315042394,0,0.0,3.600238963458537,9.152514601451173,37.56257052692439
Truck_0,261.4764374525075,4,0,0.0,4.796864537724787,19.861325343752128,0,0.0,3.351068069925077,8.307760380360946,36.31701833176294
Truck_9,273.06809565206976,4,0,0.0,5.4782112012680955,17.650165985828835,0,0.0,3.4457876200622763,10.255338946126756,36.82950375328596
Truck_5,275.9304759538331,4,0,0.0,5.886202273234915,17.876062537731514,0,0.0,3.171231310673363,12.555502889690274,39.488999011330066
Truck_7,281.69318039131383,4,0,0.0,4.15589491767912,17.895921472694454,0,0.0,1.469065905959667,13.882684591744464,37.403566888077705
Truck_3,288.28216403238815,4,0,0.0,5.229432970352207,19.065533487502762,0,0.0,3.4189781272251025,8.547013731252207,36.26095831633228
Truck_2,286.57186554784107,4,0,0.0,5.354248967356568,16.84318722923632,0,0.0,3.4398755866005786,12.484356384213868,38.121668167407336
Truck_4,287.84961046120765,4,0,0.0,4.589462641108014,19.44254331346872,0,0.3275609152501602,3.6511544392072324,9.550926729453352,37.561648038487476
Truck_1,284.4948000180923,4,0,0.0,4.664470143273832,19.825112503980677,0,0.0,3.4824603089788866,13.968880462696575,41.94092341892997
Truck_8,293.5980326815765,4,0,0.0,5.165048576260688,14.609565753631387,0,2.4876847587731845,3.068252596799482,8.188242642277146,33.51879432774189
Truck_0,297.79345578427046,4,0,0.0,4.35279190453798,15.6518191202847,0,0.0,2.6974350131271194,14.854027750292914,37.55607378824271
Truck_6,250.81068242006262,4,0,0.0,4.94827140871422,19.069068869245825,0,0.0,2.7892653189393855,12.620713426562531,96.30659074632683
Truck_9,309.8975994053557,5,0,0.0,6.162691048535692,18.48690453670389,0,0.0,3.780630719698138,9.31434128012603,37.74456758506375
Truck_5,315.41947496516315,5,0,0.0,5.877807930712265,16.218455492794305,0,0.0,2.643531697359208,10.717557177045876,35.457352297911655
Truck_7,319.09674727939154,5,0,0.0,5.408881257430437,13.34085861821319,0,0.48133855525827585,2.7653396614639973,14.478112495269215,36.474530587635115
Truck_3,324.54312234872043,5,0,0.0,3.0811942946355657,17.065849517300308,0,0.0,1.5451638753596058,10.476671438677272,32.16887912597275
Truck_2,324.6935337152484,5,0,0.0,5.814525651992426,11.559049930811398,0,0.0,3.0630656017060574,12.394639160152451,32.83128034466233
Truck_4,325.4112584996951,5,0,0.0,3.821847742610771,17.14719576502972,0,0.0,1.9951320558454881,10.316629176543756,33.28080474002974
Truck_1,326.43572343702226,5,0,0.0,5.852487863736144,17.502311852089065,0,0.0,3.4538936686807347,9.012340891629947,35.82103427613589
Truck_8,327.1168270093184,5,0,0.5074896340375972,6.160709414958433,18.677203974049803,0,0.0,2.3878702394439415,10.50544007290739,38.238713335397165
Truck_0,335.3495295725132,5,0,0.0,5.802896931430496,17.63739504938394,0,0.0,2.5643995104292117,13.859141660114915,39.86383315135856
Truck_9,347.64216699041947,5,0,0.0,3.6085785598978646,13.299749437954347,0,0.0,2.215227026051309,8.758374141496006,27.881929165399526
Truck_6,347.11727316638945,5,0,0.0,5.041622970716617,12.259197366554474,0,0.0,2.673413436917997,9.751856229592875,29.726090003781962
Truck_5,350.8768272630748,5,0,0.0,5.455093014970942,16.221466442917972,0,0.0,1.3976690245414716,8.210065118235605,31.28429360066599
Truck_7,355.57127786702665,5,0,0.0,5.677614884001173,11.165758157249911,0,0.0,3.061574557578865,10.686558270588193,30.591505869418143
Truck_1,362.25675771315815,6,0,0.0,4.928482491610168,11.209295706031469,0,0.0,1.6788677127847222,9.036403742403934,26.853049652830293
Truck_3,356.7120014746932,5,0,0.0,2.7896854393217723,15.87772251433529,0,0.0,3.6540865119696377,14.96243892128524,37.28393338691194
Truck_4,358.69206323972486,5,0,0.0,4.795081218248072,19.53319620656822,0,0.0,3.3494472228452423,8.719143141963684,36.39686778962522
Truck_2,357.52481405991074,5,0,0.0,5.901744468193044,18.631849305344474,0,0.0,1.3383781714169913,12.192460378354951,38.06443232330946
Truck_8,365.35554034471556,6,0,0.0,5.577197074722335,16.01926554985141,0,0.0,3.333946801371326,11.964666786668374,36.895076212613446
Truck_0,375.21336272387174,6,0,0.0,4.146274333627787,12.361513357827846,0,0.0,3.624376250077546,10.762491028529894,30.894654970063073
Truck_6,376.8433631701714,6,0,0.0,5.65855440818666,13.85456599521666,0,0.0,3.2881469945907043,11.94297687189669,34.744244269890714
Truck_9,375.524096155819,6,0,0.0,6.10404955257934,19.210769571808953,0,0.0,3.0538687040608465,11.978230604836199,40.34691843328534
Truck_5,382.1611208637408,6,0,0.0,3.050057694606494,16.08452877532227,0,0.0,3.6971099395418605,14.188618945140433,37.02031535461106
Truck_7,386.1627837364448,6,0,0.0,4.333922905594079,19.086877837598536,0,0.0,2.8186937925306097,11.227358012968011,37.466852548691236
Truck_4,395.0889310293501,6,0,0.0,3.7428819298481812,13.277664014435118,0,0.0,3.452683136389112,8.89758411533461,29.37081319600702
Truck_1,389.10980736598844,6,0,0.0,5.380570908906975,18.975597661393977,0,0.0,1.886689413451336,10.647442339137854,36.89030032289014
Truck_2,395.5892463832202,6,0,0.0,5.281983837706946,16.770842453043088,0,0.0,3.5862731094473475,8.08435922599216,33.72345862618954
Truck_3,393.9959348616051,6,0,0.0,4.4273656223421085,15.174828417544234,0,1.7545364482492687,3.5699018363231403,12.180725568194077,37.10735789265283
Truck_8,402.250616557329,6,0,0.0,4.125364302196772,14.10432595907389,0,0.0,2.373831321239777,13.595632893951631,34.19915447646207
Truck_6,411.58760744006213,6,0,0.0,5.403530287449939,11.342892586056905,0,0.0,3.2799889782054947,9.786326038784182,29.81273789049652
Truck_0,406.1080176939348,6,0,0.0,5.217309830650322,18.816074900685578,0,0.0,3.0773493378488865,12.592792342219752,39.70352641140454
Truck_9,415.87101458910433,6,0,0.0,6.20054014476375,13.003066198920635,0,0.0,3.594632903737306,10.644568210799207,33.4428074582209
Truck_5,419.18143621835185,6,0,0.0,6.211868451367877,10.166808122899681,0,0.0,3.037538113674259,13.46792944133631,32.88414412927813
Truck_7,423.62963628513603,7,0,0.0,5.102150760217114,11.953942319658154,0,0.0,2.219438989626667,10.725077787318753,30.000609856820688
Truck_3,431.10329275425795,7,0,0.0,4.3999252661676564,11.75534639614159,0,0.0,1.8032263713986367,8.652950071475061,26.611448105182944
Truck_4,424.4597442253571,7,0,0.0,5.766106741134308,16.348540282860938,0,0.0,3.4058565345903844,8.924171975438242,34.44467553402387
Truck_1,426.0001076888786,7,0,0.0,5.965060457972186,18.64869104100069,0,0.0,2.670869501674588,10.786094070975764,38.070715071623226
Truck_2,429.31270500940974,7,0,0.0,5.408058227316246,17.277924553586104,0,0.0,2.34694994460051,11.386362577756756,36.41929530325962
Truck_8,436.4497710337911,7,0,0.0,4.399307311509006,11.377093740613873,0,1.0585566036120895,2.6944905354362163,11.052950037419862,30.582398228591046
Truck_6,441.40034533055865,7,0,0.0,4.610038867295202,11.20800183349985,0,0.0,3.6442166309029744,9.662572209896041,29.124829541594067
Truck_0,445.81154410533935,7,0,0.0,5.354602316902458,11.55822706775831,0,0.0,3.3766869303401563,8.484832017165786,28.77434833216671
Truck_9,449.31382204732523,7,0,0.0,4.549663178129435,14.73293341135576,0,0.0,3.7318418353238485,11.409506463495063,34.423944888304106
Truck_5,452.06558034763,7,0,0.0,5.824372781125078,18.711422642917853,0,0.0,2.7215556032227823,8.613971793590338,35.87132282085605
Truck_4,458.90441975938097,7,0,0.0,2.8469402493927873,16.038523705245325,0,0.37554806492374837,2.2941194740889728,8.259564172206694,29.814695665857528
Truck_7,453.6302461419567,7,0,0.0,5.006768383641543,16.664667255775555,0,0.0,2.863749997569016,11.953877822397658,36.48906345938377
Truck_3,457.7147408594409,7,0,0.0,5.947269871484934,17.519315040599565,0,0.0,2.2371435615114024,9.72535709818078,35.42908557177668
Truck_2,465.73200031266936,7,0,0.0,5.209861303017419,11.423276189050057,0,0.0,2.9573489508330795,13.830284358079894,33.42077080098045
Truck_1,464.0708227605018,7,0,0.0,5.626218356132881,13.84862298381097,0,0.0,3.8013155605159454,12.955973363778412,36.23213026423821
Truck_8,467.0321692623821,7,0,0.0,2.8552553814911903,17.912916360121187,0,0.0,3.6904946966062084,11.006792114409677,35.46545855262826
Truck_0,474.58589243750606,7,0,0.0,5.624199121848221,10.153297336379921,0,0.0,3.213893044801523,10.880037321849045,29.87142682487871
Truck_6,470.5251748721527,7,0,0.0,4.484425308417485,19.061573768783774,0,0.0,3.0282272474662477,13.199761398411113,39.77398772307862
Truck_9,483.73776693562934,8,0,0.0,6.1734996901179215,12.18141447442133,0,0.0,3.77541569453831,12.341751913821042,34.472081772898605
Truck_4,488.7191154252385,8,0,0.0,3.3006134875908515,10.076295320867757,0,0.0,2.2051314269014597,14.883424893406811,30.46546512876688
Truck_5,487.936903168486,8,0,0.0,3.177120876312017,18.52089657571065,0,0.0,2.5853513617508384,8.529142636620463,32.81251145039397
Truck_3,493.1438264312176,8,0,0.0,4.359688904807172,15.272003893844726,0,0.0,2.9830464634335385,10.395698593269344,33.01043785535478
Truck_7,490.1193096013405,8,0,0.0,4.336051564132049,19.02304425963615,0,0.0,3.8147621539515058,11.696158973587558,38.870016951307264
Truck_2,499.1527711136498,8,0,0.0,6.2253264426246915,10.622988690123293,0,0.0,1.949018905328785,13.798952234121657,32.59628627219843
Truck_0,504.4573192623848,8,0,0.0,6.057153366184366,11.06909388180054,0,0.0,2.499264850626332,13.056205581984159,32.6817176805954
Truck_1,500.30295302474,8,0,0.0,4.453744550338968,19.210517333609346,0,0.0,1.2539599110583595,13.73710238148476,38.65532417649143
Truck_8,502.4976278150104,8,0,0.0,5.295258364168035,18.348543778816918,0,0.0,2.341614565934833,12.773260704356858,38.758677413276644
Truck_6,510.29916259523134,8,0,0.0,4.604908057810462,11.363870886893892,0,0.0,3.8264159475180577,12.435067898835882,32.230262791058294
Truck_4,519.1845805540054,8,0,0.0,4.717038587999809,18.601439226529806,0,0.0,1.2848304801416361,10.316842462361933,34.920150757033184
Truck_9,518.2098487085279,8,0,0.0,5.7269658702107336,18.8594176686089,0,0.0,2.8729682482785392,9.074103421126438,36.53345520822461
Truck_5,520.74941461888,8,0,0.0,3.2139996015370116,19.79391773702889,0,0.0305568912307308,2.140115980394512,9.644180604100825,34.82277081429197
Truck_7,528.9893265526478,8,0,0.0,4.856761497189723,11.385375330010675,1,0.6965414492229911,3.527894706202801,8.364131005218837,28.830703987845027
Truck_3,526.1542642865724,8,0,0.0,3.756800533007322,13.856589225666653,1,1.901546450379783,3.826778473591162,8.79309153249801,32.13480621514293
Truck_2,531.7490573858482,8,0,0.0,5.445152929933897,17.374130857975274,0,0.0,3.5098781443065263,8.60361787149111,34.93277980370681
Truck_0,537.1390369429802,8,0,0.0,5.698636733941157,12.88989925990461,0,0.0,1.6214079716650076,10.20095690879009,30.410900874300864
Truck_6,542.5294253862896,9,0,0.0,5.948077882365737,15.436946626965664,0,0.0,2.4065855701891223,11.962214271294329,35.75382435081485
Truck_1,538.9582772012315,8,0,0.0,5.128215664246341,18.105773232745378,0,0.0,3.509916568901872,14.83814417038343,41.58204963627702
Truck_8,541.256305228287,9,0,0.0,5.05576319522288,19.862809476549046,0,0.0,3.722007534849695,11.223221438153018,39.86380164477464
Truck_4,554.1047313110386,9,0,0.0,5.292852439577359,12.153059482576055,0,0.0,2.642136352219268,11.774217820231229,31.86226609460391
Truck_5,555.572185433172,9,0,0.0,5.768197848363002,16.13749800315361,0,0.0,3.339357301801897,8.637725083969599,33.88277823728811
Truck_3,558.2890705017153,9,0,1.1085132489006355,5.645962083759628,13.856577400233732,0,0.0,1.9414693759473494,11.632665809602827,34.18518791844417
Truck_9,554.7433039167526,9,0,0.0,6.220283608675686,18.82491523036913,1,1.0530898547592642,2.7337561756438618,11.930449190618106,40.76249406006605
Truck_7,557.8200305404928,9,0,0.0,5.793793698011768,15.326167670249902,0,1.877246677736025,3.5554163522415365,11.901778250904385,38.45440264914362
Truck_0,567.549937817281,9,0,0.0,3.786348778492652,15.819980870838208,0,0.0,3.3758740142117176,9.76132372859172,32.7435273921343
Truck_2,566.681837189555,9,0,0.0,4.9777642717706385,13.059825714346857,0,0.0,2.8306349214543616,14.704485206739491,35.57271011431135
Truck_1,580.5403268375085,9,0,0.0,3.79509011823734,10.886093835818201,0,0.0,1.9636576545381104,9.597424128390685,26.242265736984336
Truck_4,585.9669974056425,9,0,0.0,6.174348811729487,10.072157490310133,0,0.0,3.193674440571158,8.891639705812167,28.331820448422945
Truck_6,578.2832497371045,9,0,0.0,4.112236996828983,19.120999190543785,0,0.0,3.140378531418378,11.503999233391255,37.8776139521824
Truck_8,581.1201068730617,9,0,0.0,5.081558602829205,16.750515814668574,0,1.7046831653361778,1.762295810296564,10.597925177472803,35.89697857060332
Truck_3,592.4742584201595,9,0,0.0,5.189225320174273,11.140376222287728,0,0.0,3.5025711263660924,9.814899117796699,29.647071786624792
Truck_5,589.4549636704601,9,0,0.0,4.908866231092361,18.957006536675408,0,0.0,2.7203573534609404,14.01984264825876,40.60607276948747
Truck_9,595.5057979768186,9,0,0.0,3.121457187403962,18.42496282509262,0,0.0,2.59168446064632,11.87602550745703,36.01412998059993
Truck_0,600.2934652094153,10,0,0.0,4.566225507021386,16.454835711418013,0,0.0,3.0304348468397393,9.682426819544844,33.73392288482398
Truck_7,596.2744331896364,9,0,0.0,5.43977859436734,18.163274004178902,0,0.0,3.297016048212413,14.497937081099508,41.39800572785816
Truck_2,602.2545473038664,10,0,0.0,3.548682602654253,16.171150660788612,0,1.2001212690857983,3.4481375458923367,13.201551149920078,37.56964322834108
Truck_1,606.7825925744928,10,0,0.0,3.04926028979321,18.766996512478386,0,0.0,2.9408901705312473,8.571948645930547,33.32909561873339
Truck_4,614.2988178540654,10,0,0.0,5.967457905043034,10.321353453808001,0,0.0,3.631143672266944,14.212362990952556,34.132318022070535
Truck_6,616.1608636892869,10,0,0.0,3.3849212268327165,13.602138045289166,0,0.0,2.6023596598761287,13.682552996118943,33.271971928116955
Truck_8,617.017085443665,10,0,0.0,5.803567621903426,17.55264565033451,0,0.0,2.473429942944449,9.942246333398657,35.77188954858104
Truck_3,622.1213302067843,10,0,0.0,3.3946213943490875,14.953311197745506,0,0.0,2.00368752720442,13.032826820114451,33.384446939413465
Truck_9,631.5199279574185,10,0,0.0,6.09841603147936,14.498904384158891,0,0.0,2.770014395256567,8.491577669475873,31.85891248037069
Truck_0,634.0273880942393,10,0,0.0,5.5279026914327005,11.89613961836892,0,0.0,1.357774587038989,10.92220195381276,29.70401885065337
Truck_1,640.1116881932262,10,0,0.0,3.3525464973989756,10.708555291062453,0,0.0,2.210107467742432,14.25948784612683,30.53069710233069
Truck_7,637.6724389174946,10,0,0.0,6.03223380363238,16.111799634204658,0,0.0,2.982847761018661,8.712109575952923,33.83899077480862
Truck_5,630.0610364399475,10,0,0.0,4.738089347033338,19.408507091532783,0,0.6796298897996849,3.473132965331274,14.641079933546052,42.94043922724313
Truck_2,639.8241905322075,10,0,0.0,4.2171148563982115,13.772812768485323,0,0.0,2.9028942490258487,14.218104141205572,35.110926015114956
Truck_4,648.431135876136,10,0,0.0,4.117849432263029,10.88190487218094,0,0.0,3.1862544931209413,13.266894374599246,31.452903172164156
Truck_8,652.788974992246,10,0,0.0,6.055884312749868,14.396436544537778,0,0.0,3.4134003422534533,9.19308208498876,33.05880328452986
Truck_6,649.4328356174038,10,0,0.0,6.014360784677251,17.21558729022763,0,0.0,2.035951651475102,13.94381143103783,39.209711157417814
Truck_9,663.3788404377892,11,0,0.0,5.150160500789639,12.373291255407821,0,0.0,2.8414454712582256,9.821442826175485,30.18634005363117
Truck_3,655.5057771461977,10,0,0.0,5.385923485170679,16.358551201728233,0,0.0,2.2660460344254716,14.8488189990303,38.85933972035468
Truck_0,663.7314069448927,11,0,0.0,4.375451199066674,11.678070935909204,0,0.0,3.573098955797718,11.636898193392767,31.263519284166364
Truck_7,671.5114296923032,11,0,0.0,4.556041029910034,12.062993555610205,0,0.0,1.6677315421693493,10.700380442345931,28.98714657003552
Truck_5,673.0014756671907,11,0,0.0,3.8487438623831167,11.170055223472332,0,0.0,3.1665756185971077,12.906625020338652,31.091999724791208
Truck_1,670.6423852955569,11,0,0.0,6.20596654750932,11.49689278458004,0,1.452951192346518,3.6028479836680845,12.8851956583743,35.64385416647826
Truck_2,674.9351165473224,11,0,0.0,5.412425300585824,13.382457044104171,0,0.0,3.648589388772848,9.304432241283848,31.74790397474669
Truck_8,685.8477782767759,11,0,0.0,3.72449632808366,10.010722297730808,0,0.0,2.7285435433364,9.79095972560151,26.25472189475238
Truck_4,679.8840390483001,11,0,0.0,5.732150346030153,16.832751803662404,0,0.0,3.661583534068086,10.430996143296397,36.65748182705704
Truck_1,0.0,0,0,0.0,3.30686448490711,11.225302358930147,0,0.0,2.2753760929298146,13.766353731365896,30.573896668132967
Truck_3,0.0,0,0,0.0,5.45394491086792,12.349078401036765,0,0.0,2.7072958242648895,12.29804614619638,32.808365282365955
Truck_0,0.0,0,0,0.0,5.057123733754348,10.615222137560579,0,0.0,3.371422233141544,13.909583910260626,32.9533520147171
Truck_2,0.0,0,0,0.0,5.730414125448097,15.428296224314849,0,0.0,3.774930586241993,9.278205523688957,34.211846459693895
Truck_9,0.0,0,5,8.414461415618694,3.7064783810997604,10.22042335066949,0,2.592277788616993,2.623668461680918,8.2248136376339,35.782123035319756
Truck_6,0.0,0,2,5.45394491086792,5.649962196218288,10.81655883453372,0,0.0,3.6042011735707824,10.636429530020578,36.16109664521129
Truck_7,0.0,0,3,5.730414125448097,2.6961052467589246,14.551566147409893,1,2.5465815955737945,2.9508052902057216,8.549285161562437,37.02475756695887
Truck_4,0.0,0,0,3.30686448490711,5.107596930711584,19.887866968943165,0,0.17314402083457026,2.379836929070777,8.307433789694784,39.16274312416199
Truck_5,0.0,0,1,5.057123733754348,2.8643864419176994,17.576106372797703,1,2.0596928492161055,3.1880908788217965,12.240196154581305,42.98559643108896
Truck_8,0.0,0,4,7.921510175672047,6.054670520376984,17.910265568928978,0,0.0,3.325280225152401,10.576149079119418,45.78787556924983
Truck_1,30.573896668132967,0,0,0.0,4.193050960566694,14.43268117136757,0,0.0,3.206340903287483,10.725106050746973,32.55717908596872
Truck_3,32.808365282365955,0,0,0.0,3.699398089872325,11.732459090009627,0,0.0,3.159890112756152,13.611230595844347,32.20297788848245
Truck_9,35.782123035319756,0,0,0.0,5.75024207789798,10.296406242280632,0,0.0,2.863649322217668,10.77263637228031,29.68293401467659
Truck_0,32.9533520147171,0,0,0.0,3.8310720619267826,15.82235209635973,0,0.0,2.540176155182877,14.97716027150635,37.17076058497574
Truck_6,36.16109664521129,0,0,0.3466667270269923,5.333085339826667,11.489855791638007,0,1.3617161740130825,3.1587923436200214,13.407590861669,35.09770723779377
Truck_5,42.98559643108896,0,0,0.0,5.911286473456528,12.402242956399341,0,0.0,1.727774337886892,9.693532470101566,29.734836237844327
Truck_4,39.16274312416199,0,0,0.0,5.1288477518825815,17.050990668664504,0,0.0,2.706128608280551,9.202939801889926,34.08890683071756
Truck_2,34.211846459693895,0,0,0.0,4.902534026883025,17.455756452476336,0,0.0,2.771746764174793,14.23462071049056,39.364657954024715
Truck_7,37.02475756695887,0,0,0.0,3.361690974592946,17.869745804391357,0,0.0,1.492073575867913,14.529360017636726,37.25287037248894
Truck_8,45.78787556924983,0,0,0.0,3.111415697278467,13.59130298959893,0,0.5363059427044945,1.7994196574922867,11.49124689625961,30.52969118333379
Truck_1,63.13107575410169,1,0,0.0,3.9729014823906255,12.908920037138898,0,0.0,2.914085105225624,9.843773161536646,29.639679786291794
Truck_9,65.46505704999635,1,0,0.0,5.869881087179991,12.155077779507764,0,0.0,1.7170614552015877,11.763301846155414,31.505322168044756
Truck_3,65.0113431708484,1,0,0.0,5.8106518868000165,16.77506834191405,0,0.0,3.080566536356244,9.861001182378573,35.52728794744888
Truck_6,71.25880388300506,1,0,0.0,4.352260744353671,10.745082992276778,0,0.0,2.688750376882595,12.002131837727035,29.78822595124008
Truck_2,73.57650441371861,1,0,0.6146819755500132,6.061560142989308,14.622140137359366,0,0.0,1.749062937167622,9.5027793355503,32.55022452861661
Truck_4,73.25164995487955,1,0,0.0,4.7573250240589715,10.475147398231428,0,0.5607756193481492,2.988300956059561,14.446211982521604,33.22776098021971
Truck_7,74.27762793944781,1,0,1.3334366879109183,3.952787475344934,10.881354282546368,1,1.5879925673276318,2.0462211675543642,12.663165089114017,32.464957269798234
Truck_0,70.12411259969284,1,0,0.0,4.067073789575787,14.686207145799358,1,1.8002364008507357,2.3507429982089576,14.87347803381141,37.77773836824625
Truck_8,76.31756675258362,1,0,0.28725462253873957,4.154883885864308,11.452175741754687,0,0.8164919313863237,1.7694048804456628,13.18215327009527,31.66236433208499
Truck_5,72.72043266893328,1,0,0.0,3.884388706189071,16.417344846434247,1,1.057253898575425,2.662631685698983,13.523466979583418,37.545086116481144
Truck_9,96.9703792180411,1,0,0.0,3.386048133355416,13.517001776916715,0,0.0,2.617746641418279,8.607638491044284,28.128435042734694
Truck_1,92.77075554039348,1,0,0.0,5.517522265529209,13.544549472914653,0,0.0,2.326069321888667,13.97215734746375,35.36029840779628
Truck_3,100.53863111829729,1,0,0.0,3.89804353735893,19.92833087072951,0,0.0,2.819956722906255,8.374119281109088,35.020450412103784
Truck_6,101.04702983424514,1,0,0.0,5.850351314219623,15.240508531959733,0,0.0,2.9128832605100854,10.541010126111459,34.5447532328009
Truck_8,107.9799310846686,1,0,1.6457728204174487,5.750379276258187,12.067641164960449,0,0.0,2.611528989660002,10.737991699577549,32.813313950873635
Truck_2,106.12672894233522,1,0,0.0,3.498974962750836,16.099645580155652,0,0.0,2.882451639540818,13.650708409078447,36.131780591525754
Truck_4,106.47941093509927,1,0,0.0,4.895942277420787,19.110282593699054,0,0.0,2.897397757394316,9.09401750963869,35.997640138152846
Truck_5,110.26551878541443,1,0,1.1098344271056249,4.72753205654422,11.347990880244595,0,1.1569249754736575,2.775432603083601,12.747272164227553,33.86498710667925
Truck_7,106.74258520924604,1,0,0.0,6.01345123154077,17.754354598252135,0,0.872842688827177,2.1329535095746053,12.959552642743148,39.733154670937836
Truck_0,107.90185096793908,1,0,0.0,3.591077510748093,19.468320544953926,1,2.4217845399723217,3.3015598939405777,13.418996102482055,42.20173859209697
Truck_9,125.0988142607758,2,0,0.0,2.743263041232737,14.207488324350834,0,0.0,1.8400402033919079,14.1949830947853,32.98577466376078
Truck_1,128.13105394818976,2,0,0.0,3.4162358717285315,19.22400777936747,0,0.0,1.301431482888006,8.557280495234096,32.4989556292181
Truck_3,135.55908153040107,2,0,0.0,4.4188605008096715,11.187534349476607,0,0.0,2.697978340843264,10.42968872156385,28.73406191269339
Truck_6,135.59178306704604,2,0,0.0,6.120578748119954,14.317413004626047,0,0.0,2.834104169668194,12.014431526184154,35.28652744859835
Truck_8,140.79324503554224,2,0,0.0,5.024160082790132,13.15895859246396,0,0.0,3.2656569732857577,9.241427845676327,30.690203494216178
Truck_4,142.4770510732521,2,0,0.0,4.204289083967382,11.596701325695562,0,0.0,3.4387301128276135,10.476762589676099,29.716483112166657
Truck_5,144.13050589209368,2,0,0.0,5.752980067544826,11.164195650089766,0,0.6690899860143986,2.8878836583907628,9.31577997258907,29.789929334628823
Truck_2,142.25850953386097,2,0,0.0,2.181962864528998,16.645833269968904,1,1.1557150157232172,3.069941751761064,12.317973710439645,35.37142661242183
Truck_7,146.47573988018388,2,0,0.0,4.932672318197859,10.378722258681165,1,2.8175207970705287,1.6187555373858515,14.952147425212814,34.69981833654822
Truck_9,158.08458892453658,2,0,0.0,4.07402977266446,11.122813062675164,0,0.0,2.596603138750453,9.434746297244686,27.228192271334763
Truck_0,150.10358956003606,2,0,0.0,3.6134297279662064,16.764178906935427,0,0.0,3.483289784140055,12.98936456501849,36.85026298406018
Truck_1,160.63000957740786,2,0,0.0,5.734995719301594,15.793032148292923,0,0.0,2.4924822633607846,12.663961859661953,36.684471990617254
Truck_6,170.8783105156444,2,0,0.0,4.943690264943456,10.124464834964101,0,0.0,2.7560229012729565,9.011538788986826,26.83571679016734
Truck_3,164.29314344309446,2,0,0.0,4.420617048210147,16.909283523424392,0,0.0,3.314947050439258,13.191077468408764,37.83592509048256
Truck_8,171.48344852975842,2,0,0.0,4.353525681040708,15.743137848247386,0,0.0,3.8218444972757197,11.045453015479069,34.96396104204288
Truck_5,173.9204352267225,2,0,0.0,3.7568782069975555,13.801293675449358,0,0.0,3.446193814601372,13.588379629026662,34.59274532607495
Truck_4,172.19353418541877,2,0,0.0,3.99181146998896,17.35226809477257,0,1.3871871735904904,3.7475314475846346,13.028556235708578,39.50735442164523
Truck_2,177.6299361462828,2,0,0.0,6.204177272934714,12.159944751608776,0,0.0,3.6179926310274197,13.693292376027074,35.675407031597985
Truck_7,181.1755582167321,3,0,0.0,3.5412076987826993,13.301570324180403,0,0.6539961316602216,1.4492831516237459,13.35690762150071,32.30296492774778
Truck_9,185.31278119587134,3,0,0.0,5.514836324041511,14.213856073439757,0,0.0,1.5957586434853965,12.746909121712747,34.07136016267941
Truck_0,186.95385254409624,3,0,0.0,5.9349823557441255,12.950155087593743,0,0.0,1.7711269064270994,13.140988144074214,33.79725249383918
Truck_1,197.31448156802512,3,0,0.0,4.504891901574666,10.968954551288647,0,0.0,3.8195079650936066,12.429636731221336,31.722991149178256
Truck_8,206.4474095718013,3,0,0.0,4.489684664974362,10.247169223572996,0,0.0,2.7032855846588575,12.874837616119407,30.314977089325623
Truck_3,202.12906853357703,3,0,0.0,4.724914969584546,14.181806152761737,0,0.0,3.675957972625838,13.1083399820034,35.69101907697552
Truck_6,197.71402730581173,3,0,0.0,5.793044527355903,18.722419229105952,0,1.6580579827339363,2.5688616742213526,12.921369279845237,41.66375269326238
Truck_2,213.3053431778808,3,0,0.0,5.07346776516286,11.048312358145694,0,0.0,2.3707831053406494,10.139642941474193,28.632206170123396
Truck_7,213.47852314447988,3,0,0.0,4.530583693392941,12.477681064454686,0,0.0,2.989650274896775,9.559127160499486,29.557042193243888
Truck_9,219.38414135855075,3,0,0.0,2.262040969132215,13.439534407183345,0,0.0,2.0887177150858065,10.385864962209183,28.17615805361055
Truck_5,208.51318055279745,3,0,0.0,5.826354366269101,16.206474500108868,0,1.25189698735457,2.269194850342558,13.719865301936068,39.273786006011164
Truck_4,211.700888607064,3,0,0.0,5.948960917350092,17.037872427516476,0,0.0,3.4720127407248356,14.74948185929236,41.20832794488376
Truck_1,229.03747271720337,3,0,0.0,3.741416889845425,11.521331390296211,0,0.0,3.0434647341125753,8.244037262534647,26.55025027678886
Truck_0,220.75110503793542,3,0,0.0,4.580527666694877,16.23312419126617,0,0.0,3.253529785373047,13.601558837784012,37.66874048111811
Truck_8,236.76238666112692,3,0,0.0,5.007905681767596,12.205991693221904,0,0.0,2.749170462513831,12.87836678536172,32.84143462286505
Truck_6,239.3777799990741,3,0,0.0,5.4367427860233875,10.77718922031383,0,0.0,2.4766012926882297,12.174090872645365,30.864624171670812
Truck_7,243.03556533772377,4,0,0.0,3.124961868382286,13.996140686374474,0,0.0,1.9575981236188795,8.63648390059899,27.71518457897463
Truck_3,237.82008761055255,3,0,0.0,5.977907460870881,16.262900689442688,0,0.0,2.97608626404417,8.470875753684027,33.687770168041766
Truck_9,247.5602994121613,4,0,0.0,2.7466278638881647,10.641570093540508,0,1.1657686465094343,3.5676168926040077,12.827458222778603,30.949041719320718
Truck_2,241.93754934800418,4,0,0.0,5.140471635921614,19.677367042578,0,0.0,2.597167541353542,9.59483794248456,37.009844162337714
Truck_5,247.78696655880861,4,0,0.0,4.49978892489969,12.960559458913735,0,0.0,2.644982446659867,13.821485601604365,33.92681643207766
Truck_4,252.90921655194776,4,0,0.0,5.119302374151829,11.870618449715835,0,0.0,2.497752357928732,12.3981858875444,31.885859069340796
Truck_1,255.58772299399223,4,0,0.0,6.031342260029618,11.992407230324318,0,0.0,3.555959961047961,13.8267303110635,35.406439762465396
Truck_0,258.4198455190535,4,0,0.0,3.226386768689224,17.27605599740616,0,0.0,3.824520254237541,14.14376951602867,38.470732536361595
Truck_8,269.603821283992,4,0,0.0,4.432705219116144,15.939970108307023,0,0.0,3.5142770995759065,10.585784661186153,34.47273708818523
Truck_3,271.5078577785943,4,0,0.0,2.423518624281712,14.108303790022262,0,0.0,3.298070637984665,13.241239329033533,33.07113238132217
Truck_6,270.2424041707449,4,0,0.0,5.965904088170134,14.155957785380508,0,0.9734847865873917,3.316855284906694,13.837120844451135,38.249322789495864
Truck_7,270.7507499166984,4,0,0.0,4.495555858661305,19.558132520672302,0,0.0,2.3431001768541933,11.975079651326325,38.371868207514126
Truck_9,278.509341131482,4,0,0.0,3.2335085350545114,17.176968647382864,0,0.0,2.309918790825975,10.769460867761495,33.489856841024846
Truck_4,284.79507562128856,4,0,0.0,2.9078787764072445,11.244302276044266,0,0.0,2.2114089526471616,11.140980104614016,27.504570109712688
Truck_2,278.9473935103419,4,0,0.0,5.660619836909746,16.808497770041754,0,0.0,3.5901727762554856,8.149125285221714,34.2084156684287
Truck_5,281.7137829908863,4,0,0.0,4.930415396797059,19.389001487991493,0,0.0,1.8161663614923782,11.343708957731906,37.479292204012836
Truck_1,290.9941627564576,4,0,0.0,5.868349869255496,10.847171091522625,0,0.0,3.463233026991304,10.911414615510125,31.09016860327955
Truck_0,296.8905780554151,4,0,0.0,4.210667298003614,14.472787131967038,0,0.0,3.024218566586285,9.641978142949938,31.349651139506875
Truck_8,304.0765583721772,5,0,0.0,5.485545945576121,10.234339016731099,0,0.0,3.2024975896587193,9.411840893173405,28.334223445139344
Truck_3,304.5789901599165,5,0,0.0,4.284840894051456,14.682410036008946,0,0.0,3.684301421912494,9.584179046308861,32.23573139828176
Truck_7,309.1226181242125,5,0,0.0,5.3585564666644245,12.309999950298504,0,0.0,2.239729758230908,9.073777946232553,28.98206412142639
Truck_2,313.1558091787706,5,0,0.6362517678597897,4.233000148626843,10.957607132087446,0,0.0482360720616839,2.2279427138236088,8.275128164588011,26.378165999047383
Truck_9,311.99919797250686,5,0,0.0,4.705910791844474,12.105028095442322,0,0.0,1.9167900697977984,14.23136819674454,32.959097153829134
Truck_6,308.4917269602408,5,0,0.0,5.300333986389603,16.931567292804516,0,0.0032986901565550397,3.0515116670763973,12.1365588928914,37.42327052931847
Truck_4,312.29964573100125,5,0,0.0,5.4272801889536595,18.0114221405031,0,0.0,2.509399848796477,11.998428615426349,37.946530793679585
Truck_5,319.1930751948991,5,0,0.0,4.11470963792965,15.802424624685557,0,0.0,1.7899564439863411,11.50116877414905,33.2082594807506
Truck_0,328.240229194922,5,0,0.0,5.528179038349606,10.994901123467287,0,0.0,3.454264944548129,8.596706762623626,28.574051868988647
Truck_8,332.41078181731655,5,0,0.0,3.226346836960829,15.318005621785062,0,0.0,3.6717264316445153,8.844044417676912,31.06012330806732
Truck_1,322.0843313597372,5,0,0.0,5.4261291433736005,18.805867316752995,0,0.0,3.3883451051565885,14.107183329652116,41.7275248949353
Truck_3,336.81472155819824,5,0,0.0,5.0112624179341765,14.893427174174349,0,0.0,1.7451672468501442,10.833145556625823,32.48300239558449
Truck_7,338.1046822456389,5,0,0.0,4.532057926892378,10.509858628160828,0,0.0,3.752465620646376,14.916714571506418,33.711096747206
Truck_9,344.958295126336,5,0,0.0,5.735356356510863,11.08322039613222,0,0.0,2.909470668045344,11.531475383924999,31.259522804613425
Truck_6,345.91499748955925,5,0,0.0,4.800051824560001,12.64288282758821,0,0.0,1.864370587714916,11.779346075766341,31.086651315629467
Truck_2,339.533975177818,5,0,0.0,5.404839690854658,15.38760249406613,0,0.0,2.1412046636795594,14.935079195130925,37.86872604373127
Truck_5,352.4013346756497,5,0,0.0,5.471532138618443,11.28115589514016,0,0.0,2.2197707249559357,10.054827822368452,29.02728658108299
Truck_4,350.24617652468083,5,0,0.0,4.415036567572827,13.60228378244716,0,0.0,3.8099002308591707,14.241542816330139,36.068763397209295
Truck_0,356.81428106391064,5,0,0.0,3.2103670147131425,10.334916446040552,0,1.0142289096999093,3.1138613709230754,13.842748877949816,31.516122619326495
Truck_8,363.47090512538387,6,0,0.0,6.12088480261707,11.791701659959188,0,0.0,2.067109568669082,11.740281269795219,31.719977301040558
Truck_1,363.8118562546725,6,0,0.0,4.84978256566626,14.222131098430623,0,0.0,2.117154756021989,12.811881986510514,34.000950406629386
Truck_3,369.29772395378274,6,0,0.0,5.045093215507734,11.020842118315784,0,0.0,2.9534733887906555,10.71677883479191,29.736187557406083
Truck_7,371.8157789928449,6,0,0.0,4.322115597869981,12.743131348083978,0,0.0,2.5222417615248673,10.632191115352327,30.219679822831154
Truck_9,376.2178179309494,6,0,0.0,4.865686689354391,11.962080683884949,0,0.0,2.421633139238395,10.502138325077794,29.75153883755553
Truck_2,377.40270122154925,6,0,0.0,4.611722656006691,11.009127095854637,0,0.0,2.3392399025815394,13.399182666687238,31.359272321130106
Truck_5,381.4286212567327,6,0,0.0,4.146640864507788,11.725141062882699,0,0.0,3.5999116247292022,12.645231773344676,32.116925325464365
Truck_6,377.0016488051887,6,0,0.0,5.979296509875326,18.559424353641305,0,0.0,2.7575772039776894,14.149139196098474,41.445437263592794
Truck_4,386.31493992189013,6,0,0.0,4.019023275215261,11.327023640114419,0,0.0,3.61816815836022,13.546565912142682,32.51078098583258
Truck_0,388.33040368323714,6,0,0.0,5.918371790315575,17.250681108803008,0,0.0,3.049771551172455,12.997613957997771,39.21643840828881
Truck_8,395.1908824264244,6,0,0.0,3.447353393058677,18.495462378564696,0,0.0,3.4752414004837533,8.433881794479305,33.85193896658643
Truck_3,399.0339115111888,6,0,0.0,5.270869233208828,16.942032079049284,0,0.0,3.4565272578338977,10.287147126314721,35.95657569640673
Truck_1,397.81280666130186,6,0,0.0,5.691347737157287,18.07693246250585,0,0.0,3.4083707028476056,14.17547577043581,41.352126672946554
Truck_7,402.03545881567607,6,0,0.0,3.5995494715454015,16.459717993241497,0,2.6086138008178636,3.01692308780855,14.50879233005827,40.19359668347158
Truck_9,405.96935676850495,6,0,0.0,5.2316474879179395,16.413229643725913,0,0.0,2.8429142154461715,12.045798606979304,36.53358995406933
Truck_6,418.4470860687815,6,0,0.0,2.8484856124011344,10.25656022144534,0,0.0,3.5897341715055404,8.677788831168925,25.37256883652094
Truck_5,413.54554658219706,6,0,0.0,4.877089098143529,12.527376310469151,0,0.0,3.0200317437628996,12.839318657087858,33.26381580946344
Truck_2,408.76197354267936,6,0,0.0,5.60292431210928,18.24532316274008,0,1.3598227170439259,2.950594977586263,14.524188601501066,42.682853770980614
Truck_0,427.54684209152595,7,0,0.0,4.492282160916318,11.265633546912454,0,0.0,3.8091038338919816,8.897321333006346,28.4643408747271
Truck_4,418.8257209077227,6,0,0.0,6.174019619406238,17.8846841912096,0,0.0,3.53365164422263,9.936475575444206,37.528831030282674
Truck_8,429.04282139301085,7,0,0.0,5.0337391947924175,14.777514329274311,0,0.0,3.27663994524454,13.854881186901366,36.942774656212634
Truck_3,434.99048720759555,7,0,0.0,2.4845442522825465,17.36361903603506,0,0.0,3.7730147060249237,10.064276449559316,33.68545444390185
Truck_7,442.22905549914765,7,0,0.0,2.778987354081096,13.406731936401059,0,0.0,1.9737475373653979,11.403199002135807,29.56266582998336
Truck_1,439.1649333342484,7,0,0.0,5.227191482864953,14.508065725966958,0,0.0,3.3081380826038185,12.002250194530575,35.045645485966304
Truck_9,442.5029467225743,7,0,0.0,3.010381987060896,16.105707801619246,0,0.0,2.573514792054084,12.32919848672907,34.018803067463296
Truck_6,443.81965490530246,7,0,0.0,5.826762185440828,15.577439943257787,0,0.0,3.0640660561604705,12.557113849856648,37.02538203471573
Truck_5,446.8093623916605,7,0,0.0,5.786233173486892,16.456219876224168,0,0.0,2.4188972220921414,12.336874507189577,36.99822477899278
Truck_0,456.01118296625305,7,0,0.0,5.692246000180205,10.248545018692539,0,0.0,3.613938729333654,8.902053235478377,28.456782983684775
Truck_4,456.3545519380054,7,0,0.0,6.062653355165992,12.388661783554596,0,0.0,3.4474358191488363,10.60351712917111,32.502268087040534
Truck_2,451.44482731365997,7,0,0.0,5.040406818698102,19.70481698149888,0,0.0,3.7238920851411876,11.941962123250676,40.411078008588845
Truck_8,465.9855960492235,7,0,0.0,5.933139511683862,16.450065763795067,0,0.0,2.314136586668212,10.244084473385271,34.94142633553241
Truck_3,468.6759416514974,7,0,0.0,4.046686148363904,18.03395218997639,0,0.0,1.5003993974916057,9.068967557368921,32.65000529320082
Truck_1,474.2105788202147,7,0,0.0,4.752269810295559,10.726733803731236,0,0.0,3.073973636874939,13.244174577502577,31.79715182840431
Truck_7,471.791721329131,7,0,0.0,3.7333659797981795,15.364197341494219,0,1.3676947369058894,3.1731820248237455,11.464616071563341,35.103056154585374
Truck_9,476.5217497900376,7,0,0.0,3.9156156729540044,18.54734377297177,0,0.0,3.813656554300053,9.910977689548815,36.187593689774644
Truck_5,483.8075871706533,8,0,0.0,5.64223590856119,11.339471083945398,0,0.0,2.180285536885606,12.847357708859533,32.00935023825173
Truck_6,480.8450369400182,8,0,0.0,6.016987175856514,15.457569271876253,0,0.47877240251244757,1.5711946527940768,14.744983504304287,38.26950700734358
Truck_0,484.4679659499378,8,0,0.0,4.920617220323834,18.456582306867404,0,0.0,3.487317544146663,11.003370822472334,37.867887893810234
Truck_4,488.8568200250459,8,0,0.0,5.279311830713539,16.85336035783621,0,0.0,1.7001000226315455,9.817752553988385,33.65052476516968
Truck_2,491.8559053222488,8,0,0.0,2.8574150417416604,19.13184835461601,0,0.0,1.5971617880386475,13.816328300768077,37.402753485164396
Truck_3,501.3259469446982,8,0,0.0,5.567581079000206,10.618261626475942,0,0.0,3.535993844965674,11.399763128690552,31.121599679132373
Truck_8,500.9270223847559,8,0,0.0,6.083217695325629,14.747220161250766,0,0.0,2.7143363289239915,11.353786685616683,34.89856087111707
Truck_9,512.7093434798122,8,0,0.0,2.4911525446574387,12.795073810940607,0,0.0,2.3834661945323887,9.60391433747543,27.273606887605865
Truck_1,506.00773064861903,8,0,0.0,5.980798248853432,14.919354052486426,0,0.0,3.6305154500820436,14.4662028070303,38.9968705584522
Truck_7,506.8947774837164,8,0,0.0,2.827382100247519,18.89295229758733,0,1.7639241483914248,1.5672609890971216,14.089700196530885,39.14121973185428
Truck_5,515.816937408905,8,0,0.0,5.344229278478224,11.24377264868599,0,0.0,2.1510214651073056,12.767054916295024,31.506078308566543
Truck_0,522.335853843748,8,0,0.0,3.6331549177058378,11.912237622034468,0,0.0,2.66058642841665,11.80846159883481,30.014440566991766
Truck_4,522.5073447902156,8,0,0.0,3.5611473669974885,16.10705513248911,0,0.0,2.330026020765331,11.621219836382693,33.61944835663462
Truck_6,519.1145439473618,8,0,0.0,5.484160253168056,19.120296135569674,0,0.0,2.687823179274801,13.004096861152561,40.29637642916509
Truck_2,529.2586588074132,8,0,0.0,5.869792746278222,17.531502641999055,0,0.0,1.2081887961650182,11.365199119977774,35.97468330442007
Truck_8,535.825583255873,8,0,0.0,5.298563403127218,14.749708129125679,0,0.0,2.292773153252597,10.515909427661086,32.85695411316658
Truck_3,532.4475466238306,8,0,0.0,4.761483867447851,17.516959414766916,0,0.0,3.0685033733780074,12.67341860911256,38.02036526470533
Truck_9,539.9829503674181,8,0,0.0,3.874853786769563,14.467690775748792,0,0.0,3.1738704662719783,10.939487438555716,32.45590246734605
Truck_7,546.0359972155707,9,0,0.0,2.950624823380167,17.38883253537506,0,0.0,1.8117152490744957,10.481077803302583,32.632250411132304
Truck_0,552.3502944107398,9,0,0.0,4.158572195350757,10.399106313951961,1,1.5073275198501506,2.647713339523875,8.495231635127539,27.207951003804283
Truck_1,545.0046012070712,9,0,0.0,4.195112725734475,17.38618865301612,0,0.0,1.8293978540708622,11.635859062723057,35.046558295544514
Truck_5,547.3230157174715,9,0,0.0,3.2187867630345863,16.15836320342453,0,1.4870041394697182,3.0584988074870125,10.116881786128602,34.03953469954445
Truck_4,556.1267931468502,9,0,0.0,5.964440396067062,17.10376884278412,0,0.0,3.1254058081769927,13.362843348704928,39.5564583957331
Truck_2,565.2333421118333,9,0,0.0,4.8940138517720015,12.956128502341244,0,0.0,3.2778301721830303,9.480667218094482,30.608639744390757
Truck_6,559.4109203765269,9,0,0.0,5.977405191273192,18.13181023483253,0,0.0,3.1630865248722557,14.829193641838287,42.10149559281626
Truck_3,570.4679118885359,9,0,0.0,4.033274360010296,11.703067904980912,0,0.15706048460242528,2.239170540027544,13.279843743268543,31.41241703288972
Truck_9,572.4388528347641,9,0,0.0,4.438717177062017,14.932992862664378,0,0.0,1.6613801937409107,11.56946962834536,32.602559861812665
Truck_8,568.6825373690396,9,0,0.0,4.397890350868579,17.705773808589015,0,0.0,3.707599483897752,14.184015587200633,39.99527923055598
Truck_1,580.0511595026157,9,0,0.0,5.220249306949313,12.924378487502054,0,0.0,1.4196029263888477,11.328089328683973,30.892320049524187
Truck_7,578.668247626703,9,0,0.0,2.9774323675268306,17.61030569687364,0,0.0,2.7646245635000923,11.714718535399129,35.06708116329969
Truck_0,579.5582454145441,9,0,0.0,3.7788366552834987,18.900566681071496,0,0.0,3.029093616579985,12.85345147620842,38.5619484291434
Truck_5,581.362550417016,9,0,0.0,2.7430709640055966,19.27159490448105,0,0.0,2.123226661553872,13.339689608439812,37.47758213848033
Truck_2,595.841981856224,9,0,0.0,5.642913441578344,13.00908939499891,0,0.0,3.3281791800521887,8.807963943799336,30.78814596042878
Truck_6,601.5124159693431,10,0,0.0,6.021372225971845,14.04171134340811,0,0.0,1.720554370663649,10.054804559137324,31.83844249918093
Truck_4,595.6832515425833,9,0,0.0,4.250940051844964,17.97450625298427,0,0.0,1.2267839749728182,14.671097722911668,38.12332800271372
Truck_3,601.8803289214256,10,0,0.0,4.917911692792927,10.380421694017969,0,0.0,2.185707779827112,14.462254640124343,31.94629580676235
Truck_9,605.0414126965768,10,0,0.0,6.0116113010573144,17.016021440082454,0,0.0,1.6570465627560225,9.913800971265687,34.59848027516148
Truck_8,608.6778165995955,10,0,0.0,2.9185535668872262,16.020133685535598,0,0.0,3.1824429242726637,11.29892370029063,33.42005387698612
Truck_1,610.9434795521399,10,0,0.0,3.901750614007483,13.775966712432705,0,1.1048951218924685,2.8700008843553633,11.704726383468142,33.35733971615616
Truck_7,613.7353287900027,10,0,0.0,6.08150035467429,11.312427356863054,0,0.0,3.702533224391914,9.98340766599972,31.07986860192898
Truck_5,618.8401325554963,10,0,0.0,4.622877934289704,10.525494257453943,0,0.0,2.9749611724214446,9.92090191555144,28.04423527971653
Truck_0,618.1201938436875,10,0,0.0,5.306461173501361,15.54176608465275,0,0.0,3.5937164368001504,8.688132111282016,33.13007580623628
Truck_2,626.6301278166528,10,0,0.0,2.6173115576915507,18.012559709773313,0,0.0,3.5782531183165247,12.25643745215018,36.46456183793157
Truck_4,633.806579545297,10,0,0.0,6.0210612600304785,15.481635696958506,0,0.0,2.9151163235968625,11.576760865738947,35.994574146324794
Truck_9,639.6398929717383,10,0,0.0,5.248838885879081,11.81490030321413,0,0.0,3.547028791164962,10.170244800954151,30.781012781212326
Truck_7,644.8151973919316,10,0,0.0,5.325660431307483,10.31559126354341,0,0.6712832050652651,2.9844448867464735,8.813620438575867,28.1106002252385
Truck_6,633.350858468524,10,0,0.0,4.635975052278241,19.186652470900526,0,1.0509068341800685,2.9033394659649048,13.840337454679798,41.61721127800354
Truck_3,633.826624728188,10,0,0.0,5.846521244805331,18.049681360880413,1,2.5278336181227132,3.8060568741935867,11.001918787192494,41.23201188519454
Truck_5,646.8843678352129,10,0,0.0,3.557963341624486,13.514875564833574,1,0.15497043692334955,2.8313901224820484,8.184339586178453,28.24353905204191
Truck_1,644.3008192682961,10,0,0.0,5.629827116857314,12.309511303057093,0,1.8165601379795362,2.294331001559385,9.28529417617483,31.335523735628158
Truck_8,642.0978704765816,10,0,0.0,6.027113511663515,18.50773605674044,0,0.0,2.7222371651159847,10.648605489919419,37.90569222343936
Truck_0,651.2502696499238,10,0,0.0,2.2492732314674413,13.83990632916175,0,0.0,3.600569463945476,12.699467970594924,32.38921699516959
Truck_2,663.0946896545844,11,0,0.0,5.645089137810146,14.752778618426078,0,0.0,2.805895566871527,13.691059360362942,36.89482268347069
Truck_4,669.8011536916218,11,0,0.0,5.274011470297751,11.011700406678642,0,0.0,3.5363762877268528,10.753399043197078,30.575487207900323
Truck_7,672.9257976171701,11,0,0.0,4.4022760775656025,16.16618773563539,0,1.795186463259256,2.0736878996932546,9.076188893256472,33.513527069409975
Truck_3,675.0586366133825,11,0,0.01652854853705321,4.899927867676865,13.504899618291233,0,0.0,3.554853310919725,9.748967437905662,31.72517678333054
Truck_9,670.4209057529506,11,0,0.0,4.773519791706235,17.861225113474006,0,0.0,2.2337972354995372,14.297626062699123,39.1661682033789
Truck_5,675.1279068872548,11,0,0.06651865740207086,4.988901792994284,18.330954161438626,0,0.0,3.4647340372888493,9.234214520678393,36.08532316980222
Truck_1,675.6363430039243,11,0,1.6917306908114824,3.5828999384839335,16.529345905020364,0,0.0,3.3488537406558407,13.020357126981708,38.17318740195333
Truck_0,683.6394866450934,11,0,0.0,4.8992802713295305,13.017148372212773,0,0.4231002477429229,3.808684668990395,8.592067882176934,30.740281442452556
Truck_6,674.9680697465276,11,0,0.0,5.421020230027466,18.45901317988887,0,1.941070122451947,2.988738204862784,13.169268751585946,41.979110488817014
Truck_4,0.0,0,0,2.624140374704077,3.583687712878494,13.844620091165666,0,0.0,1.982717674840103,10.906853208787346,32.942019062375685
Truck_2,0.0,0,0,0.0,5.696200524985118,14.157966711805434,0,0.0,3.73993889632073,11.683759956113775,35.27786608922506
Truck_0,0.0,0,0,0.0,3.60398346169391,19.146838428053567,2,2.954005657939092,2.478646158549658,8.523847518480295,36.70732122471652
Truck_7,0.0,0,3,5.696200524985118,3.1610805377051765,13.301120729690016,0,1.4357043407309718,1.3175729419786713,12.058848191576015,36.97052726666597
Truck_1,0.0,0,0,0.0,4.855859793525781,17.863559665593336,1,2.192259615970837,2.3410071362115765,10.479986503258957,37.732672714560486
Truck_3,0.0,0,0,0.0,2.624140374704077,18.08501978142111,0,1.3260056974631524,3.669661694098231,13.055730435792249,38.76055798347882
Truck_5,0.0,0,1,3.60398346169391,4.495009908536367,15.67975072684728,2,3.4739421142239735,2.717747792812503,10.335304683319968,40.305738687434
Truck_6,0.0,0,2,4.855859793525781,4.851568891739477,17.72788225593581,0,0.7481627650351612,2.9252057140837735,12.133461957708832,43.24214137802883
Truck_9,0.0,0,5,8.098993370230277,5.302264028710221,16.91540736518317,0,0.7920146561963328,3.2594475633428672,13.347353851794715,47.71548083545758
Truck_8,0.0,0,4,6.207828087582571,5.689328520494647,17.309573796753185,0,0.7637035992836303,3.668239262178787,14.844978027254278,48.4836512935471
Truck_2,35.27786608922506,0,0,0.0,4.8351890006490095,13.280148017181794,0,0.0,2.493661344929606,10.735550822157201,31.34454918491761
Truck_1,37.732672714560486,0,0,0.0,4.728933147707714,11.052374880975002,0,0.0,3.4106575656740574,14.107298857752006,33.29926445210878
Truck_0,36.70732122471652,0,0,0.0,4.442050397110307,16.57797497654856,0,0.0,3.1256962379612574,11.199981976354458,35.34570358797458
Truck_4,32.942019062375685,0,0,0.0,2.9081287820682675,19.54193919657284,0,0.49477741096867334,1.8252492023590463,14.734245268966411,39.50433986093524
Truck_7,36.97052726666597,0,0,0.0,6.073234284424082,14.397618840415554,0,0.0,3.7381629920663855,12.4941779685089,36.70319408541492
Truck_5,40.305738687434,0,0,0.8436329343928293,5.179729516490021,13.839957261924326,0,0.6839844360954714,3.1893500253678226,10.18007907341078,33.91673324768125
Truck_3,38.76055798347882,0,0,1.3524971063952478,4.939010398649856,16.557422542652994,0,0.0,3.649320599580456,10.628644013323608,37.12689466060216
Truck_8,48.4836512935471,0,0,0.0,4.957853684965599,10.395649009511246,0,0.2052388736805284,3.555463124094075,9.469689233385225,28.583893925636673
Truck_9,47.71548083545758,0,0,0.0,5.395447933512877,12.132755463915665,0,0.015124397871247197,3.547323903534334,13.730803516529676,34.8214552153638
Truck_6,43.24214137802883,0,0,0.0,6.096676897548939,19.594951855282893,0,0.0,2.877272461780322,12.927033932212183,41.49593514682434
Truck_2,66.62241527414267,1,0,0.0,5.65485764629625,13.3608283264128,0,0.0,2.139638971588269,13.569910698631148,34.72523564292847
Truck_1,71.03193716666927,1,0,0.0,5.1927226654987635,11.678401761213607,0,0.0,2.5444926851984633,13.998247209459151,33.413864321369985
Truck_8,77.06754521918377,1,1,0.305594054204974,4.7026183863776225,10.615989655890644,0,0.0,3.1519978626321574,12.834127843794306,31.610327802899704
Truck_4,72.44635892331092,1,0,0.0,4.92678035007782,18.26899154097265,0,0.0,2.7949836753261366,10.245507281139396,36.236262847516
Truck_0,72.0530248126911,1,0,0.0,5.243709661255878,19.349325490350864,0,1.7910545253896828,2.820569626744444,8.467595211069849,37.67225451481072
Truck_5,74.22247193511525,1,0,2.002187897052778,2.965584277741442,17.153667418371143,0,0.0,3.2998778338300383,11.737166659947349,37.15848408694275
Truck_7,73.67372135208089,1,0,0.0,5.348472251787896,19.625937993120885,0,0.9956577651209813,3.770639629689228,12.138056979123405,41.878764618842396
Truck_9,82.53693605082138,1,0,0.0,5.847886467127452,12.074121316881104,0,0.7987402816020364,1.8375833712640883,12.831499867920186,33.38983130479487
Truck_3,75.88745264408098,1,1,1.4092818298660035,5.3511280971046205,18.38805967640387,1,2.0593452402405887,3.4858131202683182,11.38998798325359,42.08361594713699
Truck_6,84.73807652485317,1,0,0.0,5.985317418278441,17.825073144002502,0,0.0,2.5391597338338414,12.550135178651047,38.89968547476583
Truck_4,108.68262177082693,1,0,0.0,5.145707738682432,10.548208023440282,0,0.0,2.106329133180381,9.001320396104873,26.801565291407968
Truck_2,101.34765091707114,1,0,0.0,5.069093316027988,10.92049345664742,0,0.0,3.750522454950996,14.760504792143053,34.50061401976946
Truck_1,104.44580148803925,1,0,0.0,5.461722197994874,11.455118958209468,0,0.0,3.677788197734756,14.11331462713801,34.70794398107711
Truck_8,108.67787302208347,1,0,0.0,6.166637206544976,10.556978356650816,0,0.0,2.6556643986444755,13.32671228935385,32.70599225119412
Truck_0,109.72527932750182,1,0,0.0,4.658338772805749,13.301177066693185,0,0.0,3.0830581036221503,12.315745797804396,33.35831974092548
Truck_3,117.97106859121797,1,0,0.0,5.508406925670187,10.350746603472828,0,0.0,1.6780037468930402,9.634189619004587,27.171346895040642
Truck_9,115.92676735561625,1,0,0.0,4.884905055415516,11.661560905320073,0,0.0,2.692821599898082,14.411872287952434,33.651159848586104
Truck_5,111.380956022058,1,0,0.0,5.97468698853514,19.29004695381012,0,0.0,3.550371384179215,9.846209466142085,38.66131479266656
Truck_7,115.55248597092329,1,0,0.0,4.133220574885456,14.25826733738701,0,1.2220810330541667,3.216143505669578,13.845459735529232,36.675172186525444
Truck_6,123.637761999619,2,0,0.0,2.858712897079883,18.893647622514294,0,0.0,3.0820199439975227,9.644486448836005,34.478866912427705
Truck_2,135.8482649368406,2,0,0.0,4.520149613597653,15.853712393269177,0,0.0,2.630855678192887,8.518992578841505,31.523710263901222
Truck_4,135.4841870622349,2,0,0.0,4.957987771416867,15.360882674991899,0,0.0,2.562874874946033,12.05841179256646,34.94015711392126
Truck_8,141.3838652732776,2,0,0.0,5.433915847903279,17.046911328458947,0,0.0,3.247448351340438,10.561007294667661,36.289282822370325
Truck_1,139.15374546911636,2,0,0.0,4.109367191801368,19.032870846696227,0,0.0,3.8181025167580174,13.935003867104825,40.89534442236044
Truck_0,143.0835990684273,2,0,0.0,3.169412732490514,19.166522883490785,0,0.6945513399633683,3.377817331078944,14.66949415365292,41.07779844067653
Truck_7,152.22765815744873,2,0,0.0,4.319908682385119,15.53702133486263,0,0.0,2.424305346387456,10.443366503627146,32.72460186726235
Truck_5,150.04227081472456,2,0,0.0,4.320058194907574,11.854288830159732,0,0.8955229611883908,3.6810219127089283,14.631207908523663,35.38209980748829
Truck_6,158.1166289120467,2,0,0.0,5.752153103624153,10.994993210510756,0,0.0,3.027145687074494,8.947943254083697,28.7222352552931
Truck_3,145.1424154862586,2,0,0.0,5.262245030640457,16.859242257789134,0,2.2280005807627106,3.6384942937058327,14.443773946985743,42.43175610988388
Truck_9,149.57792720420235,2,0,0.0,4.703326103820984,19.227779267122543,0,0.0,2.4089165556275987,13.662650215569357,40.00267214214048
Truck_4,170.42434417615615,2,0,0.0,6.133586816459257,14.618828464501746,0,0.0,2.9808850600089727,8.47962775354506,32.212928094515036
Truck_2,167.37197520074182,2,0,0.0,5.98745861118104,12.796494231298368,0,0.0,3.4555345962936315,13.129056829909814,35.368544268682854
Truck_8,177.67314809564792,2,0,0.0,5.228182650714956,10.180336847742865,0,0.0,3.464936824949433,14.002431457615387,32.87588778102264
Truck_5,185.42437062221285,3,0,0.0,5.0021503969282435,10.058138360840701,0,0.0,1.589140150745834,11.055308024166095,27.704736932680873
Truck_1,180.0490898914768,3,0,0.0,5.90982212840683,14.145313272424431,0,0.0,1.6099302754252847,12.183256081846963,33.84832175810351
Truck_0,184.16139750910384,3,0,0.0,3.850991290096289,13.766927629148512,0,0.0,2.948818446228529,11.810544979428187,32.377282344901516
Truck_7,184.95226002471108,3,0,0.0,4.23395687388583,19.48150135832458,1,0.375389286252215,3.7891936523853644,9.357998279023946,37.238039449871934
Truck_3,187.5741715961425,3,0,0.4382172030576328,6.087599387901207,13.016356179690149,0,0.0,1.6043401930980394,13.97741690327112,35.12392986701815
Truck_6,186.8388641673398,3,0,0.0,5.7714041069895075,14.419187198763979,0,0.0,2.0136520700804112,13.913582462401052,36.11782583823495
Truck_9,189.58059934634284,3,0,0.0,5.909903691420624,11.876928187704976,0,1.3532533344210833,2.721709621155753,14.637861638621729,36.499656473324166
Truck_2,202.74051946942467,3,0,0.0,5.299171485789316,16.68549623737053,0,0.0,2.808070903842008,14.495695983337981,39.288434610339834
Truck_4,202.6372722706712,3,0,0.0,5.889336748414735,16.6059616437891,0,0.0,3.289564779599999,14.122830146171395,39.90769331797523
Truck_8,210.54903587667056,3,0,0.0,4.937514340120515,15.83513111583531,0,0.0,3.2825424324733206,11.301554269876988,35.35674215830613
Truck_1,213.8974116495803,3,0,0.0,5.935987741434303,14.143755750757549,0,0.6270686233275455,3.423868093277491,10.172628459062139,34.30330866785903
Truck_0,216.53867985400535,3,0,0.0,5.036007718851323,12.325770287195667,0,0.0,2.7444632006293546,12.311163439506174,32.41740464618252
Truck_6,222.95669000557476,3,0,0.0,5.12301848606964,11.942179256055567,0,0.0,1.7181034627843133,9.647581950994976,28.430883155904496
Truck_9,226.080255819667,3,0,0.0,3.4257647450288857,10.987143488817537,0,0.0,2.11454232155333,10.119136395871152,26.646586951270905
Truck_5,213.12910755489372,3,0,0.0,6.112679885985358,18.877946279484917,0,0.0,1.9327465580382466,14.430214798447054,41.353587521955575
Truck_3,222.69810146316064,3,0,0.0,5.387437487339156,17.968699451866456,0,0.0,2.066432358674035,10.938671597428026,36.361240895307674
Truck_7,222.19029947458301,3,0,0.0,3.03117198382148,19.81991989882215,0,0.0,2.3090421834187396,13.74124227732733,38.9013763433897
Truck_2,242.0289540797645,4,0,0.0,5.418952894386138,14.993984403052394,0,0.0,2.1107729117881036,8.400233670719047,30.923943879945682
Truck_4,242.54496558864642,4,0,0.0,5.268707518184101,11.956426304084431,0,0.0,3.4136736609686977,12.563450912855103,33.20225839609233
Truck_8,245.9057780349767,4,0,0.0,5.936782416339895,10.802440425667015,0,0.5387721949000479,3.4481594606414774,12.71804148915271,33.444195986701146
Truck_0,248.95608450018787,4,0,0.0,5.977022786669494,13.29361068247249,0,0.0,3.6595165466842445,10.517125386718988,33.447275402545216
Truck_9,252.7268427709379,4,0,0.0,6.108180502260581,11.77663941414977,0,0.0,3.3497200608615003,9.88895143410275,31.1234914113746
Truck_6,251.38757316147925,4,0,0.0,4.693741054899107,15.01266020685722,0,0.7922600927785197,2.269254275369974,9.806389963328911,32.57430559323373
Truck_3,259.0593423584683,4,0,0.0,3.468809913498319,12.218941674559574,0,0.0,2.816251772164435,9.054082291420059,27.558085651642386
Truck_5,254.4826950768493,4,0,0.0,3.359858838428096,17.399089261424592,0,1.3182126235795408,3.5985299990049384,11.07003476989479,36.74572549233196
Truck_1,248.20072031743933,4,0,0.0,6.16739823829613,16.762205107924103,1,2.8310590845501906,2.5984730520717676,14.988915191869467,43.34805067471166
Truck_7,261.0916758179727,4,0,0.0,4.343507524823053,12.022113829810223,0,0.10604854608465075,3.148402741592122,13.78505069651112,33.40512333882117
Truck_4,275.74722398473875,4,0,0.0,2.3735475130322925,10.961934595893013,0,0.0,1.525283408144901,9.440981246928288,24.301746763998494
Truck_2,272.9528979597102,4,0,0.0,5.173824020181598,18.686626374091077,0,0.0,1.8914561150585314,11.08623076556728,36.838137274898486
Truck_8,279.34997402167784,4,0,0.0,4.471262063348604,12.983016069501616,0,0.0,3.257300395800087,10.17783233438945,30.889410863039757
Truck_3,286.6174280101107,4,0,0.0,2.7483997403723492,11.014974612709295,0,0.0,3.61579142040722,8.349229350056532,25.728395123545397
Truck_0,282.4033599027331,4,0,0.0,3.95742082582035,12.312363436191049,0,0.03166030429690636,3.1907326073765603,11.285698938265796,30.77787611195066
Truck_9,283.8503341823125,4,0,0.0,5.294777389973206,12.032496977577978,0,0.7179285265542603,3.405106066171072,9.197815242347644,30.64812420262416
Truck_6,283.961878754713,4,0,0.0,5.80352123978264,16.70992240436499,0,0.0,3.252553335465336,12.255744334995768,38.02174131460873
Truck_5,291.22842056918125,4,0,0.0,6.044860097263609,12.237318679664668,0,0.0,3.0856696302716387,9.905556904677155,31.27340531187707
Truck_1,291.548770992151,4,0,0.0,5.303882949114211,17.821309173886334,0,0.0,2.4353460588487224,10.698444678111116,36.25898285996038
Truck_7,294.4967991567939,4,0,0.0,6.026862176807015,18.057499776710813,0,0.0,2.577872773928391,10.233775978161134,36.89601070560735
Truck_4,300.04897074873725,5,0,0.0,6.1061740574033365,14.41781284621959,0,0.0,2.9359087722160098,10.10497828640888,33.564873962247816
Truck_2,309.79103523460867,5,0,0.0,5.007856154641956,10.166877368691758,0,0.0,3.787786048745602,11.037988224596802,30.000507796676118
Truck_9,314.49845838493667,5,0,0.3004330043139589,3.2456741570965733,13.522269178923523,0,0.0,3.4199535408919814,9.393170470140149,29.881500351366185
Truck_3,312.3458231336561,5,0,0.0,3.729935016939919,17.013616425937414,0,1.004863435767902,2.918122094101136,8.272099834846472,32.93863680759284
Truck_8,310.2393848847176,5,0,0.0,5.314253863982287,15.479591331871916,0,0.0,3.0610079317295344,13.357572828930415,37.21242595651415
Truck_0,313.18123601468375,5,0,0.0,5.39133871203353,14.683553631470943,1,1.7306599079744842,3.166867394678775,11.939395676986294,36.911815323144026
Truck_5,322.5018258810583,5,0,0.0,5.702175338677819,11.888541751225887,0,0.0,2.1445749744479485,11.762772586758388,31.49806465111004
Truck_1,327.8077538521114,5,0,0.0,3.5719473094663954,13.033059329714149,0,0.0,3.5017416392946075,9.726249218092619,29.83299749656777
Truck_6,321.9836200693217,5,0,0.0,4.4052475904582025,15.088496515080294,0,0.0,3.1422108101836557,13.116870901308516,35.75282581703067
Truck_4,333.61384471098506,5,0,0.0,3.040255067223768,13.520125116842735,0,0.0,1.146390385351367,11.550632716028133,29.257403285446003
Truck_7,331.39280986240124,5,0,0.0,5.553343354000333,14.908532912713781,0,0.0,2.907126112116316,12.152130493946174,35.521132872776604
Truck_2,339.7915430312848,5,0,0.0,4.740150196622153,12.22453171593412,0,0.0,3.461734013730961,10.277685944080986,30.70410187036822
Truck_0,350.0930513378278,5,0,0.0,3.3600835858579785,12.945205572061013,0,0.0,3.3175681769548078,11.06254507361075,30.68540240848455
Truck_8,347.45181084123175,5,0,0.0,2.8808341817772884,18.933725894568283,0,0.0,3.7208203418755375,8.484666433348366,34.020046851569475
Truck_3,345.28445994124894,5,0,0.0,5.809954840922103,14.384237629414145,0,0.0,2.66142705133592,14.621638280176796,37.477257801848964
Truck_9,344.37995873630285,5,0,0.0,5.491835467149883,19.43400567346265,0,0.4101087957861864,3.4276496054129098,14.209468606457563,42.97306814826919
Truck_5,353.99989053216837,5,0,0.0,3.2027091293415992,17.884731123584857,0,0.0,2.391194534404235,13.527845681609676,37.00648046894037
Truck_1,357.64075134867915,5,0,0.0,4.9658470893217554,14.059488274878106,0,0.0,2.830313771387182,12.432257395960903,34.28790653154795
Truck_6,357.7364458863524,5,0,0.0,5.416964281009541,14.876844283035325,0,0.0,3.2930964053931007,11.484575809924252,35.07148077936222
Truck_4,362.87124799643107,6,0,0.0,2.337820750470769,13.662790783946889,0,0.6245409534174655,3.533384658676596,13.554518760702024,33.71305590721374
Truck_7,366.91394273517784,6,0,0.0,4.6319218688719275,16.748088946181667,0,0.0,2.098882455022533,10.010321222235689,33.48921449231182
Truck_2,370.495644901653,6,0,0.0,4.606694747400013,15.947167172799652,0,0.0,2.1237553479982125,14.12417631732177,36.80179358551965
Truck_3,382.7617177430979,6,0,0.0,4.897180651496058,10.446837320748216,0,0.0,2.5384543792068257,11.818052618553281,29.70052497000438
Truck_0,380.7784537463123,6,0,0.0,2.953027863015393,18.58229358096912,0,0.0,3.072040171172773,9.772179594877969,34.379541210035256
Truck_8,381.4718576928012,6,0,0.0,4.4753199261284635,18.848450177358018,0,0.0,2.239001112794824,11.113726550805495,36.6764977670868
Truck_9,387.35302688457205,6,0,0.0,5.301298404144518,15.037663453187804,0,0.0,2.6074829453835946,8.947230524009399,31.893675326725315
Truck_5,391.00637100110873,6,0,0.0,3.668044978940202,12.855247943244763,0,0.0,2.684895813756043,12.320050794940585,31.528239530881592
Truck_6,392.8079266657146,6,0,0.0,4.117286466824282,18.56071717317087,0,0.0,2.6929774994457034,10.008506008850304,35.37948714829116
Truck_1,391.9286578802271,6,0,0.0,3.124116758958735,17.653914704130045,0,0.0,3.4274357454366395,12.277927843658063,36.48339505218348
Truck_4,396.5843039036448,6,0,0.0,2.58249061075054,18.720326271996782,0,0.0,3.338075855455884,12.51558068736,37.156473425563206
Truck_7,400.40315722748966,6,0,0.0,5.823829164863639,16.13515414315549,0,0.0,1.3092250117895219,10.497952211075813,33.76616053088446
Truck_2,407.29743848717266,6,0,0.0,4.472112162660892,13.524637303520478,0,0.0,3.4778071530701595,10.805217526747185,32.279774145998715
Truck_3,412.4622427131023,6,0,0.0,2.9549386057993274,18.916557081034966,0,0.0,1.7700026829964486,10.703905374050976,34.34540374388172
Truck_0,415.1579949563476,6,0,0.0,5.972021480976252,11.798211038247302,0,0.0,1.9029304032403616,14.299252785328918,33.972415707792834
Truck_8,418.148355459888,6,0,0.0,4.303994524333234,13.471594392016925,0,0.0,2.678903555021975,13.096531774122923,33.55102424549506
Truck_5,422.5346105319903,7,0,0.0,2.237621408745497,18.91843079830096,0,0.0,2.317985936072489,12.750742060160746,36.22478020327969
Truck_9,419.24670221129736,6,0,0.0,4.883428882798,18.62399713235908,0,0.0,2.6179637131404547,14.276382449437733,40.40177217773527
Truck_6,428.18741381400577,7,0,0.0,5.165733099215913,15.74599527637099,0,0.0,3.3872363644560437,11.016799881712757,35.315764621755704
Truck_1,428.4120529324106,7,0,0.0,5.759696475601402,15.026649111891913,0,0.0,3.3436569070622113,11.722630480888029,35.852632975443555
Truck_2,439.57721263317137,7,0,0.0,4.046928852743918,12.723216230803928,0,0.0,3.800148422725897,10.289401235141895,30.859694741415638
Truck_4,433.740777329208,7,0,0.0,6.196967899692822,19.234890519928626,0,0.9748703906156493,3.6910267999793405,8.38398360272322,38.48173921293966
Truck_7,434.1693177583741,7,0,0.0,5.4591444808961,17.564389058531674,0,0.0,2.9837863017818904,14.22859818286372,40.235918024073385
Truck_3,446.807646456984,7,0,0.0,5.757759228518296,10.406232635428353,0,0.0,3.701475299253673,8.414272327556716,28.279739490757038
Truck_8,451.6993797053831,7,0,0.0,4.169449263040747,14.173244951526101,0,0.0,3.4085209259765747,11.354791609186748,33.10600674973017
Truck_0,449.1304106641404,7,0,0.0,5.713269676685229,19.661414726342628,0,0.0,3.1286353366857043,10.164914865246999,38.66823460496056
Truck_5,458.75939073527,7,0,0.0,3.9044584518798047,11.263393086783992,0,0.0,3.6274665039007914,13.686277826134585,32.48159586869917
Truck_1,464.26468590785413,7,0,0.0,4.870360106107512,12.608140103153005,0,0.0,2.9482822112704525,9.119102445918486,29.545884866449455
Truck_9,459.64847438903263,7,0,0.0,5.244579686879035,16.517756443580254,0,0.0,3.348453906594841,10.404650842500473,35.5154408795546
Truck_6,463.50317843576147,7,0,0.0,5.501082046318629,19.994684468070886,0,0.0,3.7731613809641544,11.931222373276853,41.20015026863052
Truck_4,472.2225165421477,7,0,0.0,4.791561440179919,19.52195437419664,0,0.0,2.817580634516105,9.740400332845525,36.87149678173819
Truck_2,470.436907374587,7,0,0.0,5.784403019712386,19.903194763459055,0,0.0,2.2226840436501902,11.465159844911227,39.37544167173286
Truck_3,475.08738594774104,7,0,0.0,5.303057211667522,16.20063491318325,0,1.7561111288168263,3.1895778884005495,9.237894851265992,35.68727599333414
Truck_7,474.4052357824475,7,0,0.0,6.020722988092359,17.375736716695258,1,1.551917503805214,3.5613540366306324,10.639581427487087,39.14931267271055
Truck_8,484.80538645511325,8,0,0.0,5.279619507664734,13.801855824513268,0,0.0,2.1390501893390024,14.196055464728488,35.41658098624549
Truck_0,487.798645269101,8,0,0.0,6.0492958705513615,16.340706719916568,0,0.0,2.876687564294855,8.12444319670351,33.391133351466294
Truck_5,491.2409866039692,8,0,0.0,2.9147421198259167,14.519465850471363,0,0.0,3.721498059014607,9.353650192367354,30.50935622167924
Truck_9,495.16391526858723,8,0,0.0,5.808433328609681,16.229819706853675,0,0.0,2.043492519322399,8.11438976796967,32.196135322755424
Truck_1,493.8105707743036,8,0,0.0,5.958839701426882,13.109605458724957,0,0.0,2.981263843711872,14.064250890210246,36.11395989407396
Truck_6,504.703328704392,8,0,0.0,2.665664262547466,10.00926062108681,0,0.0,2.4388617517386137,13.486125211501758,28.599911846874647
Truck_7,513.554548455158,8,0,0.0,3.359481362371298,10.92437904138535,0,0.0,3.259225257549815,9.6797699573209,27.222855618627364
Truck_4,509.09401332388586,8,0,0.0,6.23831679933312,12.736866719711998,0,0.0,3.0333714071541635,14.620451119835252,36.62900604603453
Truck_2,509.81234904631987,8,0,0.0,5.9004003112617625,13.312398174245004,0,2.072486584637886,2.708852144236971,12.596557084429719,36.59069429881134
Truck_3,510.7746619410752,8,0,0.0,5.953201997123358,18.059900394848,0,0.0,2.7148353734584134,14.673174831903452,41.401112597333224
Truck_5,521.7503428256484,8,0,0.0,3.6300735860456825,10.670222795166751,0,0.0,3.193714476108994,13.8877829051047,31.381793762426128
Truck_8,520.2219674413587,8,0,0.0,3.82230404418749,15.18997874663205,0,0.0,1.9649903871966217,14.225023728933593,35.202296906949755
Truck_0,521.1897786205673,8,0,0.0,6.112184975601963,17.446016620261503,0,0.0,2.61274936153427,12.255244554051274,38.42619551144901
Truck_9,527.3600505913427,8,0,0.0,5.870173311688404,14.514934897005219,0,0.0,1.6017944032906826,14.80355340247047,36.790456014454776
Truck_1,529.9245306683775,8,0,0.0,4.233739065896998,18.230892355360425,0,0.0,3.2549683067210253,11.82372191076638,37.54332163874483
Truck_6,533.3032405512666,8,0,0.0,4.297918951594056,16.27686160579492,0,0.0,1.7684158278582345,13.776086049099376,36.11928243434659
Truck_2,546.4030433451312,9,0,0.0,3.9770244850857353,10.99721105473509,0,0.0,3.6376529227649144,9.99581904137051,28.60770750395625
Truck_7,540.7774040737854,9,0,0.0,6.186306443823241,17.718365310143554,0,0.0,3.6828692147381616,9.499006530122756,37.08654749882771
Truck_4,545.7230193699204,9,0,0.0,4.61440745525158,19.341783840302355,0,0.0,3.417071012627389,11.39313980021177,38.766402108393095
Truck_8,555.4242643483085,9,0,0.0,5.9890986979913805,12.938862630302197,0,0.0,3.1142082448197925,12.409859876721839,34.45202944983521
Truck_3,552.1757745384084,9,0,0.0,2.8530021861156456,19.75306499980843,0,0.0,3.565586421887133,11.641651565652865,37.81330517346407
Truck_5,553.1321365880746,9,0,0.0,6.030777379345409,15.852726653297054,0,2.450793300704845,3.231849241168675,9.845424759030948,37.41157133354693
Truck_0,559.6159741320163,9,0,0.0,3.2047914973105662,13.674485903387335,1,1.852176613505435,3.736070145390954,9.420112305023508,31.8876364646178
Truck_1,567.4678523071224,9,0,0.0,3.1975505872671874,16.72927718498363,0,0.0,2.8646050430354535,8.093708077281917,30.885140892568188
Truck_9,564.1505066057974,9,0,0.0,5.724870872486463,19.578297007217316,0,0.0,2.6570994682488163,13.030676608971135,40.99094395692373
Truck_7,577.8639515726131,9,0,0.0,4.996679770106198,10.430104314848563,0,0.0,3.202626071070881,11.16970275169922,29.79911290772486
Truck_6,569.4225229856132,9,0,0.0,5.873943559375334,18.90439193160728,0,0.0,3.5278965120780867,12.946791426675759,41.25302342973646
Truck_2,575.0107508490875,9,0,0.0,4.878924961575649,16.98348645442252,0,0.0,2.1473281000229463,12.560349410491426,36.57008892651254
Truck_8,589.8762937981437,9,0,0.0,4.736735689046327,10.44038672602062,0,0.0,3.6137259330917004,12.904258641118872,31.69510698927752
Truck_0,591.5036105966341,9,0,0.0,5.55374307635077,11.380265080191066,1,1.8165428195723052,2.6115681727691253,9.259653608262056,30.621772757145322
Truck_5,590.5437079216215,9,0,0.0,6.1748171280340785,10.039569067267507,0,0.0,3.4960674558251412,14.317432804714713,34.02788645584144
Truck_4,584.4894214783135,9,0,0.0,2.992434286548132,19.43965913500608,0,1.7456272464346512,3.818955042191874,14.31709694398603,42.31377265416677
Truck_3,589.9890797118725,9,0,0.0,4.121029792015634,16.77846683329244,0,1.597520851313675,2.770866041741783,14.32832010656216,39.59620362492569
Truck_1,598.3529931996906,9,0,0.0,5.98752295844065,17.296324468695843,0,0.0,3.717685181427555,9.049816229700923,36.05134883826497
Truck_9,605.1414505627212,10,0,0.0,4.974565164771093,12.999088117261977,0,0.0,3.2348877032571863,14.759126727979947,35.9676677132702
Truck_6,610.6755464153497,10,0,0.0,6.008567022662874,19.13406033921558,0,0.0,2.8948934679297054,8.986502204953013,37.02402303476117
Truck_7,607.663064480338,10,0,0.0,4.099359152587795,19.117849486994714,0,0.0,2.770500463507574,14.09385248275612,40.0815615858462
Truck_8,621.5714007874212,10,0,0.0,5.950780745559541,11.567961430092168,0,0.0,1.7625343135325693,11.09140989073478,30.37268637991906
Truck_2,611.5808397756,10,0,0.0,4.127025423886494,19.739290032212466,0,0.0,3.596770870059686,13.356482057746348,40.81956838390499
Truck_0,622.1253833537794,10,0,0.0,4.875838027399027,16.98864066279816,0,1.8580541868684577,2.2415267991020755,9.250286241452045,35.21434591761977
Truck_5,624.5715943774629,10,0,0.0,3.733467962750069,13.765377104121171,0,0.0,3.7774767865108743,11.99576962031847,33.272091473700584
Truck_4,626.8031941324803,10,0,0.0,3.597834554101837,13.585457248423268,0,0.0,2.8503718771604554,12.268932182369554,32.302595862055114
Truck_3,629.5852833367982,10,0,0.0,4.623176918258878,10.39453746146637,1,2.233860095642399,2.6983910355886565,11.917944734123239,31.867910245079543
Truck_1,634.4043420379555,10,0,0.0,3.7412374837169864,11.928306903074713,0,0.0,2.2791865519772045,10.909886455227365,28.85861739399627
Truck_9,641.1091182759914,10,0,0.0,4.901662423059747,15.126205065077215,0,0.0,2.356901843266428,13.953884854341823,36.33865418574521
Truck_6,647.6995694501109,10,0,0.0,5.418774229685596,11.038174146609094,0,0.0,1.7021673569680615,11.877201476858772,30.036317210121524
Truck_7,647.7446260661842,10,0,0.0,5.5989307734272415,19.405734727004187,0,0.0,2.8716360268452945,9.898220316925062,37.774521844201786
Truck_8,651.9440871673403,10,0,0.0,4.006338277435134,17.155014342434356,0,0.0,2.615686743486208,10.08482507674671,33.86186444010241
Truck_4,659.1057899945354,10,0,0.0,5.279898608564849,12.830568596732519,0,0.0,1.6838376039680725,9.922317059274178,29.71662186853962
Truck_0,657.3397292713992,10,0,0.0,4.916098451366565,17.90092649250232,0,0.0,2.2504780254167827,10.99486302026196,36.06236598954763
Truck_2,652.400408159505,10,0,0.0,5.596550173082051,19.92070607441235,0,0.0,3.7315535537184132,12.371475380814445,41.62028518202726
Truck_3,661.4531935818777,11,0,0.0,4.755278941369966,16.240820743801237,0,0.0,3.4241904263786864,8.56449226108316,32.98478237263305
Truck_5,657.8436858511635,10,0,0.0,5.90145282799574,18.389739393791046,0,0.0,3.7848365841185796,10.949037790678517,39.02506659658388
Truck_1,663.2629594319518,11,0,0.0,2.8732089329198516,19.851963555688485,0,0.0,3.1617920017115466,9.919805267802417,35.8067697581223
Truck_8,685.8059516074427,11,0,0.0,2.5305841404828016,10.996066593780029,0,0.0,3.382615988460884,9.943130941476056,26.85239766419977
Truck_9,677.4477724617366,11,0,0.0,3.648617963149036,15.049262137962387,0,0.0,3.5423991804043453,14.968528244364052,37.20880752587982
Truck_6,677.7358866602324,11,0,0.0,3.0780045307471937,19.415146199596393,0,0.0,3.8155296815050406,11.607114332172841,37.91579474402147
Truck_1,0.0,0,0,0.0,3.2041231683981293,13.039458047096083,0,0.0,3.5578609406853623,12.387352373367946,32.18879452954752
Truck_3,0.0,0,0,0.0,4.495671540435305,12.007707293207785,0,0.0,2.2268886699510198,13.598004789721333,32.32827229331544
Truck_5,0.0,0,1,4.495671540435305,4.511938135817763,12.478734019883916,0,0.0,1.8235553294932139,11.255518660625913,34.56541768625611
Truck_0,0.0,0,0,0.0,4.968705530909606,18.109375895984716,1,1.1092798268374473,3.2020474780452197,8.123158216078686,35.512566947855674
Truck_2,0.0,0,0,0.0,6.022437480490334,14.90163779380063,0,0.0,3.2632859794408056,13.572377088550294,37.75973834228206
Truck_6,0.0,0,2,4.968705530909606,5.700639002315027,15.378649071838984,0,1.3414151267133718,2.95153650693565,8.246913847441792,38.58785908615443
Truck_4,0.0,0,0,3.2041231683981293,4.000907106843189,14.443881723008937,0,1.6609870273799423,2.299775325625742,13.909958130554337,39.51963248181028
Truck_9,0.0,0,5,9.007609676253068,4.767887317615054,10.315460067234723,1,1.518717290153095,2.4042185652074792,12.03653068527791,40.05042360174133
Truck_7,0.0,0,3,6.022437480490334,4.539976330665324,17.59235253312152,0,2.1861788944354608,2.8366361619294587,10.700884954173574,43.87846635481567
Truck_8,0.0,0,4,7.2050302752413184,5.363277292360214,14.437629749740601,1,1.007955599121285,3.6309495661332924,14.92124104240472,46.56608352500143
Truck_5,34.56541768625611,0,0,0.0,3.3836640282747155,12.370044651188529,0,0.0,1.2449446530781643,12.617625285087499,29.616278617628907
Truck_1,32.18879452954752,0,0,0.0,5.494626131798711,11.164207723722022,0,0.0,3.7284169375271077,14.718577682907238,35.10582847595508
Truck_3,32.32827229331544,0,0,0.0,4.608075542779929,17.492745545184427,0,0.0,1.7141152244798548,13.200751187518577,37.01568749996279
Truck_0,35.512566947855674,0,0,0.0,5.824468803821439,12.32023965227041,0,0.0,3.683112523336611,12.421579833269654,34.24940081269811
Truck_9,40.05042360174133,0,0,0.0,5.461577967278089,13.836195183401912,0,0.0,3.40530877869125,10.273016531327826,32.97609846069908
Truck_4,39.51963248181028,0,0,0.0,5.360498712895918,14.262440106568128,0,0.0,2.9365841381488593,11.528144022832102,34.08766698044501
Truck_6,38.58785908615443,0,0,0.0,3.917510461874919,17.76091002935192,0,1.8128758620419134,2.9773039569432385,9.85498703993261,36.3235873501446
Truck_7,43.87846635481567,0,0,0.0,4.2834978399855785,16.027591375506724,0,0.0,2.788434674430661,8.917295116993529,32.01681900691649
Truck_8,46.56608352500143,0,0,0.0,4.94061710891787,14.554224971229452,0,0.0,2.7837126073746674,10.450045826899597,32.728600514421586
Truck_1,67.2946230055026,1,0,0.0,5.516969717227269,10.370119483842728,0,0.0,3.5805209135828875,9.878681348640725,29.34629146329361
Truck_5,64.18169630388502,1,0,0.0,4.299433876545564,17.880112521818603,0,0.0,3.7518033649415514,13.740303916444631,39.67165367975035
Truck_3,69.34395979327823,1,0,0.0,4.503935148677485,16.800823438497147,0,0.0,2.925453856242868,12.459875414493254,36.690087857910754
Truck_6,74.91144643629903,1,0,0.0,4.858077882904141,11.080089436784547,0,2.2791876495023615,2.354726822085169,10.812463353453154,31.384545144729373
Truck_9,73.0265220624404,1,0,0.0,4.269497441403161,17.34827202588768,0,0.8392366978440009,3.339672218499416,8.243020469917226,34.039698853551485
Truck_0,69.76196776055379,1,0,0.0,4.769600421467871,15.63864368145616,0,0.0,2.9585895420122625,14.168324344122382,37.535157989058675
Truck_7,75.89528536173216,1,0,0.0,5.574099149032008,11.183425660100298,1,0.9213620658312607,2.393158447797802,13.219106010116917,33.291151332878286
Truck_4,73.60729946225528,1,0,0.0,5.3319919112845895,18.900979671438563,0,0.0,3.65042097168363,11.886035037678752,39.769427592085535
Truck_8,79.29468403942302,1,0,0.0,4.782704180868237,16.736230625317305,0,0.0,3.810566225788776,14.095256203925402,39.42475723589972
Truck_1,96.64091446879621,1,0,0.0,2.894692774171574,11.233237118358176,0,0.0,2.0504168115878088,9.727601483216574,25.905948187334133
Truck_2,37.75973834228206,0,0,0.0,3.202732372112763,15.900283814781972,0,0.0,1.9242832040371667,10.60050034005684,88.42298198116339
Truck_3,106.03404765118898,1,0,0.0,4.649850908750267,12.299317346925108,0,0.0,3.262908347103874,11.428291137463518,31.640367740242766
Truck_5,103.85334998363537,1,0,0.0,4.765564313228779,16.076176684124434,0,0.0,3.56919333224063,14.913980768789344,39.32491509838319
Truck_6,106.2959915810284,1,0,0.0,4.472971410583952,15.960192581904892,0,0.0,2.8268041114113345,14.3212484810756,37.58121658497578
Truck_7,109.18643669461045,1,0,1.4974618653288019,4.4718175730970415,18.465523345861925,0,0.0,2.9132657072229904,9.059709231545156,36.407777723055915
Truck_9,107.06622091599189,1,0,0.0,5.5430006077788505,16.608350006071134,0,0.0,3.2963355242118837,14.216205174927978,39.66389131298985
Truck_0,107.29712574961246,1,0,1.3217885472516855,5.945841952256174,18.559533617117964,0,0.0,2.3604978218280337,11.778530419951267,39.966192358405124
Truck_4,113.37672705434082,1,0,0.0,5.669604628903741,15.22492081358844,0,1.2135351912333192,3.2494091052851672,8.664378246979652,34.02184798599032
Truck_1,122.54686265613034,2,0,0.0,4.174688311058304,13.966049905058611,0,0.0,3.3931732702593536,10.161526579561354,31.695438065937623
Truck_2,126.18272032344545,2,0,0.0,5.608577234406212,12.161133249512801,0,0.1283433351421479,3.3997444585618553,8.23395825500026,29.531756532623277
Truck_8,118.71944127532274,1,0,0.0,5.837830656186554,18.48839765862897,0,0.0,3.026130326069733,10.124727630385166,37.47708627127042
Truck_3,137.67441539143175,2,0,0.0,5.887053853403927,17.033577718708244,0,0.0,1.973825499296538,12.732564789074416,37.627021860483126
Truck_6,143.87720816600418,2,0,0.0,6.056656219028355,12.01641836942241,0,0.0,3.5568702496831293,10.120666122866453,31.750610961000348
Truck_9,146.73011222898174,2,0,0.0,5.711333295504318,10.334131599943845,0,0.0,3.2369689276761164,10.56395253152013,29.84638635464441
Truck_5,143.17826508201856,2,0,0.0,5.7686738407255405,14.030709959383245,0,2.529504122010735,1.807459248154089,14.305835458953766,38.442182629227375
Truck_4,147.39857504033114,2,1,2.535289344701397,3.7034156328749077,10.718231136399055,2,2.9591010979856662,3.699462458643751,12.101168179239096,35.71666784984387
Truck_0,147.2633181080176,2,0,1.6836208147265097,3.5576892135423464,10.641662338412914,1,2.866255577406662,2.7808637759794976,14.443851422648692,35.97394314271662
Truck_7,145.59421441766636,2,0,0.0,5.652375333264786,17.033773364613694,0,0.513046712540671,3.2091965315115942,13.512247548281977,39.92063949021272
Truck_1,154.24230072206797,2,0,0.0,6.18405924227352,13.62210207315593,0,0.0,3.338653815074963,9.892584669814738,33.03739980031915
Truck_8,156.19652754659316,2,0,0.0,5.87058479117178,15.377141209960968,0,0.0,1.8746052838098421,12.841940270272602,35.96427155521519
Truck_2,155.71447685606873,2,0,0.0,4.917059509063051,17.117779666489497,0,0.0,3.3384052663925843,12.495138999369459,37.86838344131459
Truck_3,175.30143725191488,2,0,0.0,5.255484461342746,13.36651971556833,0,0.0,3.5185686947666,11.520112664887506,33.66068553656518
Truck_9,176.57649858362615,2,0,0.0,4.470376757661114,14.283123450710576,0,0.0,3.6616772457298907,11.016261171504766,33.43143862560635
Truck_5,181.62044771124593,3,0,0.0,3.8902471390947824,12.967304381244048,0,0.0,3.151561779078122,9.070111353391383,29.079224652808335
Truck_1,187.27970052238712,3,0,0.0,4.82588754644388,11.02060405178321,0,0.0,3.5226685649327862,8.218152693351584,27.58731285651146
Truck_0,183.2372612507342,3,0,0.0,3.8484922533118606,16.8138663792559,0,0.0,2.2814826047347765,9.908803539401106,32.85264477670364
Truck_4,183.115242890175,3,0,0.0,3.8055494494952313,18.90997837464792,0,0.3503317737185796,1.1584548857349262,10.199245790823682,34.42356027442034
Truck_6,175.62781912700453,2,0,0.0,5.256595178932713,18.74102072771487,0,0.0,3.7429175393294543,14.543714245487422,42.28424769146446
Truck_7,185.5148539078791,3,0,0.0,5.41182210854933,18.64694101464559,0,0.0,2.8819771546711195,11.248263797718437,38.18900407558448
Truck_8,192.16079910180835,3,0,0.0,5.3809112004529425,11.806323208712428,0,0.0,3.8250669365712326,11.14605742096171,32.15835876669831
Truck_2,193.58286029738332,3,0,0.0,3.974965205933188,18.076339888922348,0,0.0,1.5927467980104097,11.007370340897523,34.65142223376347
Truck_9,210.0079372092325,3,0,0.0,5.1146744935844595,15.068086720061189,0,0.0,3.6829237679935716,9.62128147604048,33.4869664576797
Truck_5,210.69967236405427,3,0,0.0,5.183298043624262,17.03602161316084,1,1.0425383503647936,2.5809195082135545,8.427661249060066,34.27043876442352
Truck_3,208.96212278848006,3,0,0.0,4.250460189964684,18.133292785329957,0,2.5277464270970142,2.416218806773884,11.352412362867057,38.680130572032596
Truck_0,216.08990602743785,3,0,0.0,5.757913360626162,11.617858914145813,2,2.824162695435774,2.5202193297001827,8.998110147315373,31.718264447223305
Truck_1,214.86701337889858,3,0,0.0,5.091321184051338,11.080561350090079,0,0.0,2.9226344581641683,14.214331026139519,33.308848018445104
Truck_6,217.912066818469,3,0,0.0,4.119792136639433,19.19041507708505,0,0.0,2.487798291768712,9.265278399084366,35.06328390457756
Truck_4,217.53880316459535,3,0,0.0,4.084675436369565,12.835165033601328,1,2.0838062448514734,3.1947775932305262,14.425934495438412,36.624358803491305
Truck_7,223.70385798346356,3,0,0.0,4.583376700804763,16.898681246091513,0,0.3308263299516625,3.77555253278598,8.250014678674745,33.838451488308664
Truck_2,228.2342825311468,3,0,0.0,3.0076913226391184,11.310115853241825,0,0.0,3.023773464143801,13.363487464601064,30.70506810462581
Truck_8,224.31915786850666,3,0,0.0,4.3531224553179015,15.070509388473283,0,0.0,1.7739525480136535,13.562073153855465,34.7596575456603
Truck_9,243.4949036669122,4,0,0.0,2.81845815529374,14.250562015232674,0,0.0,3.807812509540895,12.513942436058528,33.39077511612584
Truck_0,247.80817047466115,4,0,0.0,6.123799477219336,10.878574869625993,0,0.0,3.5446142962401836,10.031555906409551,30.578544549495064
Truck_1,248.17586139734368,4,0,0.0,5.6754213672623735,12.825736525810981,0,0.0,3.1370507779732293,13.12998419723425,34.768192868280835
Truck_5,244.97011112847778,4,0,0.0,6.085240060249106,17.568406038419482,0,0.0,1.8535960793220738,14.262900398294448,39.77014257628511
Truck_3,247.64225336051265,4,0,0.0,3.5450029649063026,19.88674019994545,0,0.0,1.4289611822793518,12.33481716171076,37.195521508841864
Truck_6,252.97535072304655,4,0,0.0,3.8552076908912056,17.30997260528534,0,0.0,2.5647254139477127,8.68760326078501,32.41750897090927
Truck_4,254.16316196808665,4,0,0.0,3.750569750374922,12.435535932121297,0,0.0,2.6656035649269825,13.370402575415312,32.222111822838514
Truck_7,257.5423094717722,4,0,0.0,5.662057910268743,16.066526623321238,0,0.0,3.0714293521634204,8.152285746126097,32.9522996318795
Truck_2,258.9393506357726,4,0,0.0,6.052503075211064,10.739139060398713,0,0.9742636617884273,2.9918960512649164,11.707012902035729,32.46481475069885
Truck_8,259.07881541416697,4,0,0.0,3.4739738746698094,11.549134595807914,0,0.0,3.4300326401707366,14.8144630326982,33.26760414334666
Truck_9,276.88567878303803,4,0,0.0,3.62943075067426,13.537597861424103,0,0.0,3.251791482109752,14.763858989118546,35.18267908332666
Truck_1,282.9440542656245,4,0,0.0,4.327713191549776,15.324784704116894,0,0.0,1.735768636388059,8.665889055741616,30.054155587796345
Truck_0,278.3867150241562,4,0,0.0,5.023590067947964,19.894501854586338,0,0.0,2.8492101221012263,8.6172395000047,36.38454154464023
Truck_3,284.8377748693545,4,0,0.0,5.989391851661992,13.450548381427097,0,0.05460569523563663,1.9838701104350775,9.80439458532419,31.282810624083993
Truck_5,284.7402537047629,4,0,0.0,5.902794532033795,14.238314568911164,1,1.4348281024064704,3.3182551057532237,9.290448631709125,34.18464094081378
Truck_6,285.3928596939558,4,0,0.0,3.6798541325326255,15.56682229577666,0,1.5144809465266462,2.796909929366848,10.06820568947785,33.62627299368063
Truck_4,286.38527379092517,4,0,0.8864936662491232,5.866938129768187,12.249846219954748,2,3.562375191261367,3.480959127918254,11.905114835775578,37.951727170927256
Truck_2,291.40416538647145,4,0,0.0,5.309504904982646,14.009560904270586,0,0.0,2.342748378766487,11.408726900130205,33.07054108814992
Truck_8,292.3464195575136,4,0,0.0,4.017958596910603,16.71591113490956,0,0.0,3.4599847486582007,8.962656508599139,33.1565109890775
Truck_7,290.4946091036517,4,0,0.0,4.3764331225078195,18.321218222555956,0,0.0,2.793336401322449,13.038881975738036,38.52986972212426
Truck_0,314.77125656879645,5,0,0.0,4.103451003255884,10.32697063954771,0,0.0,1.80734367151706,13.885772222876824,30.12353753719748
Truck_9,312.0683578663647,5,0,0.0,4.254930108399321,19.706819461573048,0,0.0,3.2893219900578856,8.804871984322233,36.05594354435249
Truck_1,312.99820985342086,5,0,0.0,6.188194334795071,14.637588839445357,0,0.0,1.1996569446132526,14.755851998690616,36.7812921175443
Truck_3,316.1205854934385,5,0,0.0,3.3268453571340615,15.667308019232735,0,0.0,1.3316386286595616,14.190481416171622,34.51627342119798
Truck_6,319.01913268763644,5,0,0.0,5.3091659268255285,12.572055634733772,0,0.0,3.561838853195411,10.489190350613796,31.932250765368508
Truck_5,318.92489464557667,5,0,0.0,5.986525623404361,14.734884906627258,0,0.0,3.1768702615801203,10.636808720753038,34.53508951236478
Truck_2,324.47470647462137,5,0,0.0,3.6775609359480654,12.54472366975773,0,0.0,3.582302059172548,13.695910295545787,33.50049696042413
Truck_4,324.3370009618524,5,0,0.0,5.908968656248533,15.236422686715457,0,0.0,3.2335421473432007,10.508571536654927,34.88750502696212
Truck_8,325.50293054659113,5,0,0.0,5.16436564761824,12.91329334129955,0,0.0,2.690545128945814,14.621558546742108,35.38976266460571
Truck_7,329.024478825776,5,0,0.0,5.051509150098752,18.898550087199737,0,0.0,1.3786888711681513,14.319118019079838,39.64786612754648
Truck_9,348.1243014107172,5,0,0.0,6.173067701297896,10.037161574928632,0,0.0,2.9660313169381993,14.681206850802141,33.85746744396687
Truck_0,344.8947941059939,5,0,0.0,5.052701385667717,19.83295864092537,0,0.0,2.348689491019286,10.251827525292242,37.486177042904615
Truck_1,349.77950197096516,5,0,0.0,5.419849189093441,14.906364636567503,0,0.0,1.8954252700228835,11.816460870783203,34.03809996646703
Truck_3,350.6368589146365,5,0,0.0,6.029865866618081,13.472697714536764,0,1.8617185708576471,2.583247249609258,11.973391614354739,35.92092101597649
Truck_4,359.22450598881454,5,0,0.0,4.867786152625911,12.685610631540555,0,0.0,3.4572217692370373,8.874211249224231,29.884829802627735
Truck_6,350.95138345300495,5,0,0.0,5.911763241902747,17.196665640120216,0,0.5245759812303277,3.0256751954606216,12.420431695804496,39.07911175451841
Truck_5,353.45998415794145,5,0,0.8373849540736273,4.413246272750598,11.569971384293694,1,1.8485568545469278,3.63222019028143,14.47848609622838,36.77986575217466
Truck_8,360.89269321119684,6,0,0.0,5.006937853116199,19.056265881315824,0,0.0,3.1244493892200467,8.369780268190254,35.55743339184232
Truck_2,357.9752034350455,5,0,0.0,3.4993792747449106,19.82950686260301,0,0.0,3.2342286804434934,13.432419108631052,39.99553392642247
Truck_7,368.67234495332247,6,0,0.0,4.770227643003977,16.348605318103694,0,0.0,3.630132432164089,11.393337422481125,36.142302815752885
Truck_0,382.38097114889854,6,0,0.0,4.707493501425574,14.791856681575268,0,0.0,2.2428240369414425,10.318882771909898,32.06105699185218
Truck_9,381.98176885468405,6,0,0.0,2.86118622512447,16.382612231114706,0,0.0,2.745251146330361,11.421586565549774,33.41063616811931
Truck_1,383.8176019374322,6,0,0.0,5.027783353494669,13.123738182185605,0,2.0016949841411247,2.1974562916117293,9.980022584795961,32.33069539622909
Truck_5,390.2398499101161,6,0,0.0,4.361427470465799,10.649103794266182,0,0.9178935740172278,3.8166760694139725,11.32253667256424,31.06763758072742
Truck_3,386.557779930613,6,0,0.0,4.783124904381623,11.569359898118535,1,1.2128806357276858,3.1623912177485636,14.236052967087119,34.963809623063526
Truck_4,389.1093357914423,6,0,0.0,4.500682412879087,17.06166093388481,0,0.0,1.328095332613998,11.329155735695963,34.21959441507386
Truck_6,390.03049520752336,6,0,0.0,3.104492899945569,12.22680634971266,1,1.923742129407799,3.781657136785441,12.482150986784745,33.518849502636215
Truck_2,397.97073736146797,6,0,0.0,3.529840960436502,10.253240361768746,0,0.0,2.8428105700836,10.904123457382866,27.530015349671714
Truck_8,396.45012660303917,6,0,0.0,5.374943240781363,18.518908323645064,0,0.0,2.0043254088187723,13.71633746563299,39.61451443887819
Truck_7,404.81464776907535,6,0,0.0,6.101671775711338,11.573950312153897,0,0.0,3.0204186930264427,14.24415447221378,34.94019525310546
Truck_1,416.1482973336613,6,0,0.0,5.03185235977196,16.672948598297694,0,0.0,2.3379765576337377,11.75696460739357,35.79974212309696
Truck_0,414.4420281407507,6,0,0.0,4.033961214083774,19.912219747257268,0,0.0,3.765272238997113,11.953796819054617,39.66525001939277
Truck_6,423.5493447101596,7,0,0.0,4.416811996102695,11.120183985923802,0,1.1047341571785978,2.073474292660933,11.980075440723056,30.695279872589083
Truck_9,415.39240502280336,6,0,0.0,5.402969097061202,19.323786575759357,1,2.034320645464959,3.671458517876033,8.841902910230885,39.27443774639244
Truck_4,423.32893020651613,7,0,0.0,2.5468364427863435,14.647361134421942,1,1.7414213583011815,2.8225861556526866,11.667629280943004,33.42583437210516
Truck_5,421.3074874908435,7,0,0.0,3.787437423216886,19.404728179194024,1,1.325286765710473,2.812541883965878,9.775988587535267,37.10598283962253
Truck_3,421.5215895536765,7,0,0.0,5.633042492219602,13.68368378441744,2,4.24881946736474,3.464409426470297,13.868094678051705,40.89804984852378
Truck_2,425.5007527111397,7,0,0.0,5.479329281393234,15.281384437559836,0,2.2900782940558315,3.457142922353569,10.707811472865728,37.2157464082282
Truck_7,439.7548430221808,7,0,0.0,6.224722191485512,11.24436298009789,0,0.0,3.4745430172574174,8.15867717697813,29.10230536581895
Truck_8,436.06464104191735,7,0,0.0,5.546877751447482,19.64581901782418,0,0.0,2.9405263330952494,10.478536868790059,38.61175997115697
Truck_9,454.6668427691958,7,0,0.0,2.5929762774132428,16.685888961801425,0,0.0,3.6584141820503646,10.489609069989285,33.42688849125432
Truck_1,451.94803945675824,7,0,0.0,6.200921813954494,15.664263531884956,0,0.0,2.3212127146849753,13.772339821164678,37.9587378816891
Truck_6,454.24462458274866,7,0,0.0,4.997726471329145,17.37688913963501,1,3.0419576196945854,2.234155312886969,9.753337813248208,37.40406635679392
Truck_0,454.1072781601435,7,0,0.0,5.898565116198085,15.58121119004494,0,0.5473830508961441,3.526760296124735,12.696427008541207,38.25034666180511
Truck_2,462.7164991193679,7,0,0.0,4.893151790105776,14.06589037686598,0,0.21981183995472975,1.9179658860486484,9.489731573472909,30.586551466448043
Truck_4,456.7547645786213,7,0,0.5050544679877476,4.614021187733897,13.933552964870557,1,1.7967289912473348,3.30561601281903,12.952932621258356,37.10790624591692
Truck_5,458.41347033046605,7,0,0.0,5.3349769260591415,15.433516661316276,1,1.727774285438386,3.687319549624135,10.28768269464598,36.47127011708392
Truck_3,462.4196394022003,7,0,0.0,5.30125111315067,19.88065968200931,0,0.0,2.011573045689886,14.595828377625082,41.78931221847495
Truck_7,468.85714838799976,7,0,0.0,3.5336991360251204,16.662640680803577,0,0.0,3.674661173575487,12.48611706352051,36.357118053924694
Truck_8,474.6764010130743,7,0,0.0,3.2673386514970275,16.91025950278862,0,0.0,3.032268956754251,13.944968620538873,37.15483573157877
Truck_9,488.0937312604501,8,0,0.0,5.83933998465983,12.514677940996421,0,0.0,3.319132539843622,10.021833462163443,31.694983927663316
Truck_1,489.90677733844734,8,0,0.0,5.551822850164626,14.893569477838696,0,0.0,1.8981173220349774,9.266748661864426,31.610258311902726
Truck_4,493.8626708245382,8,1,1.4604884168683157,5.028195521764985,11.536774578124948,0,0.0,2.9693605396292924,11.948826649368812,32.94364570575635
Truck_0,492.3576248219486,8,0,0.0,2.9655344194579243,16.93080692120384,0,0.0,3.0084128989146848,12.299340659442578,35.204094899019026
Truck_5,494.88474044755,8,1,0.5738597410619946,5.717330589262701,12.989892300236875,0,0.6916668028142112,2.967166846718669,9.772377681424246,32.7122939615187
Truck_2,493.3030505858159,8,0,0.6300206592940185,4.133263763522507,16.782064120194832,1,0.4139799326977709,2.990147484693807,10.656755744714246,35.60623170511718
Truck_6,491.6486909395426,8,0,0.0,6.0202844279127135,19.5477407670881,0,0.6079405931010342,2.291993983220209,9.947677130413922,38.41563690173598
Truck_3,504.20895162067524,8,0,0.0,3.360053149482326,12.722120252038053,0,0.0,1.6934934405965123,13.341267379371743,31.116934221488634
Truck_7,505.21426644192445,8,0,0.0,3.96467632134636,19.044569968195447,0,0.0,2.1529437347145404,10.894289342388902,36.05647936664525
Truck_8,511.8312367446531,8,0,0.0,5.025884153023867,12.575277702992025,0,0.0,3.483655397542293,9.292990813346023,30.37780806690421
Truck_1,521.5170356503501,8,0,0.0,5.050559442296617,13.399956540727771,0,0.0,2.238153298580073,11.521735987767556,32.21040526937202
Truck_9,519.7887151881134,8,0,0.0,5.65721166207652,14.150992429352982,0,0.0,3.792731608891586,14.59321517785827,38.19415087817936
Truck_5,527.5970344090687,8,0,0.0,4.531215777476177,14.132567210377943,0,0.0,2.178833708539628,10.985901695005396,31.828518391399143
Truck_6,530.0643278412786,8,0,1.501240730395125,5.882962710936567,11.370072401559582,0,0.0,2.6186879399833742,10.084013715087508,31.456977497962157
Truck_4,526.8063165302946,8,0,0.0,5.5084204550270215,17.731795546963895,0,0.0,3.1900835923224804,9.910181301381954,36.34048089569535
Truck_0,527.5617197209676,8,0,0.0,4.003848850706049,18.499899460477877,0,1.3718235920016468,2.7706095265359636,11.728213139516583,38.37439456923812
Truck_2,528.9092822909331,8,0,0.0,4.063901174047942,17.880752478538852,1,2.3826801810880625,2.113591748022486,13.44142989257,39.88235547426734
Truck_7,541.2707458085697,9,0,0.0,4.9164945038079395,12.86112118664596,0,0.0,3.3317990606968806,12.911906775425791,34.02132152657657
Truck_3,535.3258858421639,8,0,0.0,5.509018064464385,18.64905747638545,0,0.0,3.778194818558063,14.79588556440126,42.73215592380916
Truck_8,542.2090448115573,9,0,0.0,6.129393144814003,18.52894710453586,0,0.0,2.0469831591855154,11.40505530409007,38.11037871262545
Truck_9,557.9828660662928,9,0,0.0,2.813327741302828,10.794737183302118,0,0.0,3.3385261108334134,10.481270785546485,27.427861820984845
Truck_1,553.7274409197221,9,0,0.0,4.347854242702397,15.946218262856291,0,0.0,2.48946800294118,10.009187537515459,32.79272804601533
Truck_5,559.4255528004678,9,0,0.0,5.648671000840977,12.331895293731577,0,0.0,3.315274153172709,10.616928165939726,31.91276861368499
Truck_4,563.1467974259899,9,0,0.0,4.546327719211945,12.241764570780106,0,0.7865035322311087,2.417769225376105,9.363891563228322,29.356256610827586
Truck_6,561.5213053392407,9,0,0.0,4.461948644737959,13.573321815789768,0,0.0,2.9784675696257636,11.679227935199606,32.692965965353096
Truck_3,578.058041765973,9,0,0.0,5.35514430140006,10.654336036905079,0,0.0,2.2896196489202794,9.774087200275517,28.073187187500935
Truck_2,568.7916377652004,9,0,0.0,5.274289493138326,16.066416252907743,0,0.0,2.915415175444423,13.427176715349901,37.68329763684039
Truck_0,565.9361142902058,9,0,0.0,5.606997931361661,16.713096813106176,0,0.0,3.6024757389531032,14.76471049654981,40.68728097997075
Truck_7,575.2920673351463,9,0,0.0,4.634672140541625,14.202140417953387,0,0.0,3.32144231742609,12.154103620825708,34.31235849674681
Truck_8,580.3194235241828,9,0,0.0,5.7925154620273815,14.587210294278066,0,0.0,2.5034635459902574,12.46606010230039,35.349249404596094
Truck_9,585.4107278872776,9,0,0.0,4.812748760049999,15.008219225772109,0,0.0,2.534313837860168,11.144625116832685,33.49990694051496
Truck_1,586.5201689657374,9,0,0.0,5.356693784638992,13.632070741363918,0,0.0,2.1934783114966194,14.572186858638474,35.754429696138004
Truck_5,591.3383214141528,9,0,0.0,4.592758610395208,17.56839347571554,0,0.0,2.889424548505076,12.446656584796301,37.497233219412124
Truck_4,592.5030540368175,9,0,0.0,5.974431391636813,19.928609643879213,0,0.0,2.294346164196668,11.116875879645022,39.314263079357715
Truck_6,594.2142713045938,9,0,0.0,5.86074409655987,19.798723544553354,0,0.0,3.580922758386805,13.73518310807674,42.97557350757677
Truck_3,606.131228953474,10,0,0.0,6.158854244963777,10.462734938459334,0,0.0,2.602770124339372,14.422220166094235,33.64657947385672
Truck_2,606.4749354020408,10,0,0.0,5.516636000016206,13.470660090822662,0,0.0,3.5746100043866136,14.030371440314298,36.59227753553978
Truck_0,606.6233952701765,10,0,0.0,6.137313225674802,13.865539176787138,0,0.0,3.5632617575577115,13.536125954434851,37.1022401144545
Truck_7,609.6044258318931,10,0,0.0,5.898921420392185,15.706048253427412,0,0.0,2.738902910358888,12.81973515344123,37.163607737619714
Truck_8,615.6686729287788,10,0,0.0,6.021517542287029,11.7384634072489,0,0.0,2.4856921638584026,14.147551888929343,34.393225002323675
Truck_1,622.2745986618754,10,0,0.0,5.156150027192325,12.351274400615921,0,0.0,2.7779076901989583,10.317772142425042,30.603104260432247
Truck_9,618.9106348277926,10,0,0.0,5.606511103801267,19.497439312620145,0,0.0,2.7508964893681878,8.339712532497174,36.194559438286774
Truck_5,628.8355546335649,10,0,0.0,2.4067958960525857,14.23267676071282,0,0.0,2.1750177787687335,8.739196443989044,27.553686879523184
Truck_4,631.8173171161752,10,0,0.0,2.6824095842064253,18.100535035481244,0,0.0,3.302827422055998,11.270811641924183,35.35658368366785
Truck_6,637.1898448121706,10,0,0.0,4.909450473282163,18.082777958087263,0,0.0,2.461082767153812,12.885445294941405,38.33875649346464
Truck_2,643.0672129375806,10,0,0.0,4.362089779323242,10.762250842148319,0,0.0,3.828091494413343,14.454269746023442,33.406701861908346
Truck_7,646.7680335695128,10,0,0.0,4.405891620080865,11.366329104342071,0,0.0,3.6134907671016663,11.805330090227017,31.19104158175162
Truck_0,643.725635384631,10,0,0.0,4.160342105331779,15.600637717697396,0,2.6671298533772188,3.6605792426544213,10.601669270188154,36.69035818924897
Truck_3,639.7778084273307,10,0,0.0,4.501935336788165,18.83337494178386,0,0.0,3.588965680430647,14.788345252510794,41.712621211513465
Truck_1,652.8777029223077,10,0,0.0,3.578007415454067,15.1574678068705,0,0.0,3.717550456680783,10.183059280482325,32.636084959487675
Truck_8,650.0618979311025,10,0,0.0,5.628465311188279,16.593751004292926,0,0.0,3.7649082690408022,11.241758751582893,37.2288833361049
Truck_9,655.1051942660794,10,0,0.0,4.58934598204371,18.644138112611017,0,0.0,1.7176682230008282,14.139445658935529,39.090597976591084
Truck_5,656.3892415130881,10,0,0.0,6.02772639213083,19.656539325765834,0,0.0,2.0317466903284185,12.613706735384085,40.32971914360917
Truck_4,667.1739007998431,11,0,0.0,4.4681856244308165,13.696809707549505,0,0.0,2.663577631096473,14.012790605214946,34.84136356829174
Truck_6,675.5286013056352,11,0,0.0,5.502765156957594,16.08111039268374,0,0.0,2.1994971153970937,8.041087449956649,31.824460114995077
Truck_7,677.9590751512644,11,0,0.0,5.966494418188063,13.029934674900574,0,0.0,2.8447926550318243,8.245821786106376,30.087043534226837
Truck_2,676.473914799489,11,0,0.0,5.741322552378961,15.706145486737341,0,1.39059113206838,3.466361134190379,13.239859619322715,39.544279924697776
Truck_3,681.4904296388441,11,0,0.0,5.400349688614938,13.522719572900428,0,0.0,2.749765132271591,13.895016277261789,35.567850671048745
Truck_0,0.0,0,0,0.0,4.3483075900333015,15.895804548105684,0,2.373741767446539,1.3421763033173697,9.602995176637108,33.56302538554
Truck_2,0.0,0,0,0.0,3.964350208893416,15.264256701284145,0,0.0,3.3892469954079623,12.322240293457579,34.9400941990431
Truck_4,0.0,0,0,3.964350208893416,4.86142105832557,10.591654568190553,0,0.0,3.753237129523338,12.069839564886149,35.240502529819025
Truck_6,0.0,0,2,4.3483075900333015,4.205185790769597,13.008257762147867,1,1.6089118219821117,3.41018773916894,12.824803948954855,39.40565465305667
Truck_3,0.0,0,0,0.0,4.3458427277059215,18.45770918338441,1,1.156478297812562,3.313173271329184,13.226603446540615,40.49980692677269
Truck_8,0.0,0,4,8.553493380802898,6.013667725944812,13.411428350378339,0,0.0,2.0027677504395314,11.895617751261966,41.876974958827546
Truck_1,0.0,0,0,0.0,5.5769995843223885,17.32925521899363,2,3.6745959007858,3.4246619962070852,12.834325648828024,42.839838349136926
Truck_5,0.0,0,1,4.3458427277059215,4.602580492651576,19.09469835545375,0,1.9382356317543312,1.3075216977697508,13.027844021145206,44.31672292648054
Truck_9,0.0,0,5,8.825771267218986,3.8443198233682274,17.411577212572436,0,0.0,3.1158363024204867,13.768420844844115,46.96592545042425
Truck_7,0.0,0,3,5.5769995843223885,5.209335257992363,19.625552775994205,0,0.8769912870263745,3.4324095970321835,13.96026932243712,48.681557824804635
Truck_0,33.56302538554,0,0,0.0,3.5019646135786786,13.242874758228112,0,0.0,1.760065739751468,8.31185861434978,26.81676372590804
Truck_2,34.9400941990431,0,0,0.0,5.583435172274363,15.358939808093083,0,0.0,1.9083684151881783,11.44944618994316,34.300189585498785
Truck_4,35.240502529819025,0,0,0.0,5.897261822007373,15.9569729953949,0,0.0,3.157138598978804,11.839156672250326,36.8505300886314
Truck_6,39.40565465305667,0,0,0.0,5.289881030788649,12.40814278578803,0,0.6871591249653761,3.4666862111463104,11.044165965503595,32.89603511819196
Truck_3,40.49980692677269,0,0,0.0,4.067487822881475,15.943561805674292,0,0.7466672504165786,3.6961088831104263,9.611099243773111,34.06492500585588
Truck_8,41.876974958827546,0,0,0.0,6.010984539667156,11.720073192037958,0,0.6438432556674414,2.0063617649260337,14.107870266021159,34.48913301831975
Truck_1,42.839838349136926,0,0,0.0,3.1023119104262378,18.338650054884468,0,0.0,2.9895108670384474,10.164477025330129,34.59494985767928
Truck_7,48.681557824804635,0,0,0.0,2.8381681093112903,16.705748081275274,0,0.0,1.8406342460279177,8.034001039550432,29.418551476164915
Truck_9,46.96592545042425,0,0,0.0,3.4205575236024686,18.78467431487732,0,0.6386462146411276,3.316646752192,8.578798626023058,34.739323431335976
Truck_5,44.31672292648054,0,0,0.2505718231736296,4.676614124697295,17.734352982255217,0,0.0,2.83154164693849,13.575831080632781,39.06891165769741
Truck_0,60.37978911144804,1,0,0.0,6.1144446121725124,14.23551994996815,0,0.0,3.4115006627702797,9.13558328077471,32.89704850568565
Truck_2,69.24028378454189,1,0,0.0,4.472218086321902,11.100834091159498,0,0.0,3.163874012602278,10.067138731805443,28.804064921889122
Truck_4,72.09103261845043,1,0,0.0,4.931912443439771,11.174670683543724,0,0.0,2.8550416809986388,10.534569612977066,29.4961944209592
Truck_6,72.30168977124863,1,0,0.0,4.733837643897743,12.151197511311139,0,0.0,3.4242414174906486,11.830040908051842,32.13931748075137
Truck_8,76.3661079771473,1,0,0.0,4.420627840851523,14.609363007480837,0,0.0,1.3465277410087424,10.20385879308732,30.580377382428424
Truck_1,77.43478820681621,1,0,0.0,4.424841370611759,15.432154625369918,0,0.0,2.0044041188056383,8.293896273347286,30.1552963881346
Truck_3,74.56473193262858,1,0,0.0,5.221397398443443,15.773811098756667,0,0.0,3.3267844342748134,9.128522332917086,33.45051526439201
Truck_5,83.38563458417795,1,0,0.0,6.09151603319701,10.06948217512489,0,0.0,3.7287856409400177,12.334931818363671,32.22471566762559
Truck_9,81.70524888176023,1,0,0.0,5.620027110253702,15.458946066990492,0,0.4911963744354466,3.006240226319065,10.147846185402841,34.724255963401546
Truck_7,78.10010930096955,1,0,0.0,4.975440815617247,19.148283118142857,0,0.0,3.6991914667839865,11.810505577202804,39.633420977746894
Truck_2,98.04434870643101,1,0,0.0,5.106969176355079,14.469079147152428,0,0.0,3.0338138327018385,11.743369612633984,34.35323176884333
Truck_0,93.2768376171337,1,0,0.0,3.371487778013531,18.393987227048584,0,0.0,3.1669822521427875,14.265298415610758,39.19775567281566
Truck_8,106.94648535957572,1,0,0.0,5.047005799892119,10.623161156051296,0,0.0,1.9227574180250997,12.132629526439018,29.725553900407533
Truck_4,101.58722703940963,1,0,0.0,3.4507252446344125,14.159883373930995,0,0.0,3.143228534138373,14.447444546101337,35.20128169880512
Truck_3,108.01524719702059,1,0,0.0,2.2964813089246263,12.315912155613134,0,0.0,3.592152678162435,10.762773580035173,28.96731972273537
Truck_6,104.441007252,1,0,0.0,5.725570221213374,15.778556407076877,0,0.0,2.0800922628005196,11.383316654729299,34.96753554582007
Truck_1,107.59008459495081,1,0,0.0,3.6783370666535404,15.337725132825312,0,0.0,2.174771827287742,11.692056080339228,32.88289010710582
Truck_9,116.42950484516177,1,0,0.0,5.941735662951302,16.67301931467459,0,0.0,3.4348470407170453,11.697667353940119,37.74726937228306
Truck_5,115.61035025180354,1,0,0.0,5.345088292190667,17.295304293856532,0,0.0,3.5154036036044545,13.387706649094469,39.54350283874612
Truck_7,117.73353027871644,1,0,0.0,4.587112717654023,17.961296884877143,0,1.484206560207582,3.0461979074474357,11.750480934778892,38.829295004965076
Truck_2,132.39758047527434,2,0,0.0,3.0698407566356707,10.067807911358187,0,0.0,2.926578286504906,14.798604949804286,30.86283190430305
Truck_0,132.47459328994935,2,0,0.0,5.1875555679794445,18.67059923562715,0,0.0,3.6382798447723417,11.698955499640931,39.19539014801987
Truck_3,136.98256691975595,2,0,0.0,5.429590818491647,16.91579484226358,0,0.6430753578171107,2.295938651810559,11.095689549338175,36.38008921972107
Truck_8,136.67203925998325,2,0,0.0,5.342992799598051,16.94333458954995,0,0.0,3.5400753854806624,11.70023670064785,37.52663947527651
Truck_4,136.78850873821474,2,0,0.0,4.65739611526115,18.59319403229219,0,2.227867704370766,1.645970517871831,14.392762155155935,41.51719052495187
Truck_6,139.40854279782008,2,0,0.0,3.0613921928942034,18.187866737749033,1,1.8406403061486003,3.229769716769084,13.562857525162514,39.882526478723435
Truck_1,140.47297470205663,2,0,0.9729301514192628,5.952028759097004,18.66263038508606,0,0.0,3.6366441449756053,11.191256038428293,40.415489479006226
Truck_9,154.17677421744483,2,0,0.0,3.746468334449247,13.945628016713783,0,0.0,2.701512562207256,8.932805721068178,29.326414634438464
Truck_5,155.15385309054966,2,0,0.0,2.462438573473804,13.436692193932373,0,0.0,2.115805204442495,14.880467287116346,32.89540325896502
Truck_2,163.2604123795774,2,0,0.0,2.871405011208111,10.786940188717011,0,0.0,3.3297791480673595,10.971403770123004,27.959528118115486
Truck_7,156.56282528368152,2,0,0.0,5.42028700734744,19.781322634318485,0,0.0,2.692639664985961,11.525646163521827,39.419895470173714
Truck_3,173.36265613947702,2,0,0.0,2.8646046351115046,10.203415039903291,0,0.0,2.1890044834721323,10.362761064138681,25.61978522262561
Truck_8,174.19867873525976,2,0,0.0,4.357425824021732,12.869897698567854,0,0.0,2.2828865023307117,12.386915695817407,31.897125720737705
Truck_0,171.66998343796922,2,0,0.0,4.989526085267755,12.960906430515195,0,0.0,3.783933638707481,14.322527626232528,36.05689378072296
Truck_4,178.30569926316662,2,0,0.0,4.065148778982774,18.85293087023507,0,0.0,2.8745760683839308,10.06268849544594,35.855344213047715
Truck_9,183.5031888518833,3,0,0.0,5.343931259609718,13.776972024529215,0,0.0,2.213768523598418,14.457454306830186,35.79212611456754
Truck_1,180.88846418106286,3,0,0.0,4.805338734707021,19.524746104611722,0,0.0,3.4703184909251945,11.485390544011722,39.28579387425566
Truck_6,179.2910692765435,2,0,0.0,5.66512507832573,19.819960074836672,0,0.0,3.818439923304908,11.998328297135828,41.30185337360314
Truck_5,188.04925634951468,3,0,0.0,5.041217209129371,13.239928992011471,0,2.264191802355299,2.2940965181351203,10.142943712074214,32.982378233705475
Truck_2,191.21994049769287,3,0,0.0,4.6923985136866975,19.68481704322386,0,0.0,2.703742834225409,11.227699877862705,38.30865826899867
Truck_7,195.98272075385523,3,0,0.0,5.598395053789147,19.63342971783979,0,0.0,2.893809000905179,9.065936450912147,37.19157022344626
Truck_8,206.09580445599747,3,0,0.0,6.101726583187485,11.042377955424712,0,0.0,1.2917032232779775,9.164696012390351,27.600503774280526
Truck_3,198.98244136210263,3,0,0.0,5.275395120266296,13.253176327030019,0,0.0,3.1557655762557033,13.413002545870995,35.09733956942301
Truck_0,207.72687721869218,3,0,0.0,5.913392276689592,11.74477869606423,0,0.0,2.817111488959682,11.97803399759394,32.453316459307445
Truck_9,219.29531496645083,3,0,0.0,3.0309015857551174,13.013039179909896,0,0.0,3.3832708522935775,12.668965448750328,32.09617706670892
Truck_4,214.16104347621433,3,0,0.0,2.7703515899151796,19.806099079762333,0,0.0,3.279523176966336,14.049911374051476,39.905885220695325
Truck_1,220.17425805531852,3,0,0.0,2.818691806614396,18.809624876994576,0,0.6840263621927534,3.476247936958657,9.594293982537636,35.38288496529802
Truck_5,221.03163458322015,3,0,0.0,5.312812994789908,11.059986111321876,0,1.3180928950774842,3.7640745167108207,14.387025758158643,35.84199227605873
Truck_6,220.59292265014665,3,0,0.0,3.503136871687019,15.580847373035283,0,0.34011042798923086,3.374471475528395,14.489117105859208,37.287683254099136
Truck_2,229.52859876669154,3,0,0.0,2.4697604292756523,12.370431654992103,0,0.0,2.3185677010138193,13.288389175804213,30.447148961085787
Truck_8,233.696308230278,3,0,0.0,4.276463977644482,10.609441028120614,0,0.0,2.5377221001965893,11.106149509101954,28.52977661506364
Truck_7,233.1742909773015,3,0,0.0,5.89349487679732,16.765681716525535,0,0.0,2.304110456905505,14.35934587097546,39.32263292120382
Truck_3,234.07978093152565,3,0,0.0,4.837294275210525,17.324241901380447,0,0.0,3.282979751990183,13.379569015780021,38.824084944361175
Truck_0,240.18019367799963,4,0,0.0,4.458363857317039,16.00930946291632,0,0.0,3.6541254060390997,14.552951665182718,38.67475039145518
Truck_9,251.39149203315975,4,0,0.0,4.698028762359229,16.477676398756103,0,0.0,2.450872930976743,8.070983106300673,31.697561198392748
Truck_5,256.8736268592789,4,0,0.0,4.018110592303344,13.436589245967525,0,0.6897434277020693,1.9532351344333847,9.21468542539202,29.312363825798343
Truck_6,257.8806059042458,4,0,0.0,3.9500694455636562,10.866895400122132,0,0.0,2.8942020937863617,12.419624410764527,30.130791350236677
Truck_4,254.06692869690966,4,0,0.0,4.403492675602081,18.81578987434625,0,0.0,3.1101763050431828,9.108072606456858,35.43753146144837
Truck_8,262.22608484534163,4,0,0.0,3.340289434633519,13.158321556546412,0,0.0,3.004832454074517,9.046928647811342,28.55037209306579
Truck_1,255.55714302061654,4,0,0.0,5.984333655390515,19.74646703389419,0,0.0,3.0664346677468757,10.953333037720313,39.750568394751895
Truck_2,259.97574772777733,4,0,0.0,3.790374829821701,19.359852126886665,0,0.0,2.8001740081233493,14.606797316539485,40.5571982813712
Truck_3,272.9038658758868,4,0,0.0,5.789169068664819,12.503630599351538,0,0.0,3.5536722423739207,10.479979625249314,32.32645153563959
Truck_7,272.4969238985053,4,0,0.0,3.466303119034478,18.13662271199638,0,0.0,3.55491314893942,9.450166962423282,34.60800594239356
Truck_0,278.8549440694548,4,0,0.0,4.342650067016905,17.507149888657352,0,0.0,2.7331518336058025,8.800906778964702,33.38385856824476
Truck_8,290.7764569384074,4,0,0.0,4.781683562979708,12.833356436359963,0,0.0,3.4752022371672524,8.034367244243583,29.124609480750507
Truck_9,283.0890532315525,4,0,0.0,5.4850333678976995,15.44575492772725,0,0.0,2.6056468683273124,13.359465941720316,36.89590110567258
Truck_4,289.50446015835803,4,0,0.0,5.214815834788283,10.322616689994334,0,0.0,3.2816121655449138,12.795637139231076,31.614681829558606
Truck_5,286.18599068507723,4,0,0.0,4.6764597093414295,17.161070285832125,0,0.0,3.3269275093981605,11.439609730144753,36.60406723471647
Truck_1,295.30771141536843,4,0,0.0,4.343542886924979,10.471135234977794,1,1.7443096376431413,1.7504129309613177,13.793845244722661,32.10324593522989
Truck_6,288.01139725448246,4,0,0.0,4.810803577044965,16.775221472412113,0,1.7530258857094054,3.7890711897186975,13.0205627666449,40.14868489153008
Truck_2,300.53294600914853,5,0,0.0,3.9390441893300476,19.807579773287955,0,0.0,3.17149085881141,8.200247239350858,35.11836206078027
Truck_3,305.2303174115264,5,0,0.0,6.141854860046692,17.31107900693206,0,0.0,2.247103678720464,8.206164292156586,33.906201837855804
Truck_0,312.23880263769956,5,0,0.0,3.2933713451291737,15.659272735845661,0,0.0,3.434846213631033,8.04429160751556,30.43178190212143
Truck_7,307.1049298408989,5,0,0.0,4.917174544214788,16.79042437122405,0,0.0,2.0221627557747297,12.599134828028127,36.328896499241694
Truck_8,319.9010664191579,5,0,0.0,2.6812277981315447,11.72147153183738,0,0.0,2.727790890367828,13.227805756162866,30.35829597649962
Truck_9,319.9849543372251,5,0,0.0,2.370060378037806,14.629409761983538,0,0.0,3.354484824515339,12.628067867934192,32.982022832470875
Truck_5,322.7900579197937,5,0,0.0,6.101701080451505,15.519858344035129,0,0.0,3.6362014367605866,9.649221191096217,34.90698205234344
Truck_6,328.16008214601254,5,0,0.0,5.074457651447403,11.946309906444355,0,0.0,3.401828206803998,12.273278613590037,32.695874378285794
Truck_4,321.11914198791663,5,0,0.0,5.994052222745154,18.688996880327522,0,2.245627690051606,2.0195090397045306,12.996529506714921,41.944715339543734
Truck_1,327.4109573505983,5,0,0.0,3.2385757025013504,16.7967828899433,1,1.136361967665323,3.560659038960239,11.357386809457523,36.08976640852774
Truck_3,339.1365192493822,5,0,0.0,6.1979008964577815,15.608461656286465,0,0.0,2.5473697240882984,11.05095828745391,35.404690564286454
Truck_2,335.6513080699288,5,0,0.0,6.2339371055632,19.54554920309988,0,0.0,2.902239419229659,12.027033458946278,40.70875918683902
Truck_7,343.43382634014057,5,0,0.0,5.466244365778493,17.63301877479205,0,0.0,3.169433091519238,9.665002430122343,35.93369866221212
Truck_0,342.670584539821,5,0,0.0,5.658501552557823,15.16381087365005,0,0.0,2.6492691893296865,14.077480920672087,37.54906253620965
Truck_8,350.25936239565755,5,0,0.0,5.982730357503215,14.589325947902296,0,0.0,2.3684591509880875,8.93941669040936,31.879932146802958
Truck_9,352.96697716969595,5,0,0.0,5.7484823559322535,13.659325276398988,0,0.0,1.8799177081815515,14.223524619928583,35.511249960441376
Truck_4,363.06385732746037,6,0,0.0,6.217054916082191,10.453253106437671,0,0.0,3.0143552670142526,8.513590730294311,28.198254019828425
Truck_5,357.69703997213713,5,0,0.0,4.919625337433672,19.407806036368754,0,0.44799393537590504,3.4784606853185664,8.457184679725685,36.71107067422258
Truck_6,360.85595652429834,6,0,0.0,5.087052462375141,13.732618145084018,0,0.0,2.7968381495579706,11.936934180255435,33.553442937272564
Truck_3,374.5412098136687,6,0,0.0,5.911179423745807,10.552392008401512,0,0.0,1.4710467195789647,10.997187417765701,28.931805569491985
Truck_1,363.50072375912606,6,0,0.0,5.5484245703968895,17.083377763617364,0,0.0,3.306516095339248,14.164161537152609,40.10247996650611
Truck_2,376.3600672567678,6,0,0.0,3.41794978802443,17.598694792635172,0,0.0,3.2063852239177777,12.759070838343234,36.982100642920614
Truck_7,379.3675250023527,6,0,0.0,5.372197156547202,14.612267851037188,0,0.0,2.6085479820707747,13.865075623264715,36.45808861291988
Truck_8,382.1392945424605,6,0,0.0,4.114138612498607,19.831685212416687,0,0.0,2.2905163901567107,9.340890998957548,35.57723121402955
Truck_0,380.21964707603064,6,0,0.0,5.721410166918645,16.519962914580105,0,0.0,2.833321298151759,14.121767175463106,39.196461555113615
Truck_9,388.4782271301373,6,0,0.0,4.151867952358373,18.88555666535194,0,0.0,1.5282917939018148,11.636386059789402,36.20210247140153
Truck_5,394.4081106463597,6,0,0.0,3.7850237389612857,18.053172578009082,0,0.0,2.9478038430747233,9.222954614462253,34.008954774507345
Truck_6,394.4093994615709,6,0,0.0,3.801604666560422,16.453935923671622,0,0.0,3.2226656979299833,11.083640716883849,34.56184700504588
Truck_4,391.2621113472888,6,0,0.0,5.367282661336276,15.506145639312933,0,0.0,3.809334841738007,13.793997749798109,38.476760892185325
Truck_3,403.47301538316066,6,0,0.0,4.966911046863288,17.35249992511882,0,0.0,3.3990068046092006,10.786735697743666,36.505153474334975
Truck_0,419.41610863114425,6,0,0.0,4.303290260544145,10.149918611825,0,0.4486652820015138,3.3963094719451306,8.343232852752749,26.64141647906854
Truck_1,403.60320372563217,6,0,0.0,6.108041132780954,19.852469366643845,0,0.0,3.4086080451820067,13.440086928068581,42.80920547267539
Truck_7,415.8256136152726,6,0,0.0,5.951526277417145,10.786937761561035,0,0.0,1.7539051312641618,13.469453154403709,31.96182232464605
Truck_8,417.71652575649006,6,0,0.0,5.448003018339591,10.613507521640884,0,0.0,1.8516333338919253,14.012768768856574,31.925912642728974
Truck_2,413.34216789968843,6,0,0.0,4.897762889754404,17.490496617241888,0,0.0,1.9666477176334638,13.274215666998998,37.629122891628754
Truck_9,424.68032960153886,7,0,0.0,3.9420415128681725,15.905516546971171,0,0.0,1.7502788890538454,11.30591849620015,32.90375544509334
Truck_6,428.9712464666168,7,0,0.0,4.442736092928783,15.91760414051896,0,0.0,1.5199636458564783,9.332053031295402,31.212356910599624
Truck_4,429.7388722394741,7,0,0.0,4.379367511902103,12.753882703483782,0,0.0,2.3374825972804274,12.83398653054212,32.30471934320843
Truck_5,428.41706542086706,7,0,0.0,5.705416093148472,15.788432156516421,0,0.0,3.405920867917132,9.916840938268592,34.81661005585062
Truck_7,447.7874359399186,7,0,0.0,2.748369657638932,12.60552083046548,0,0.0,3.5862729562878712,9.08116098056945,28.021324424961733
Truck_3,439.97816885749563,7,0,0.0,4.417437371000403,18.05073723225985,0,0.0,1.7482580675162467,12.361756171969546,36.578188842746044
Truck_0,446.0575251102128,7,0,0.0,5.132700554010569,13.556378755584944,0,0.0,3.0008157224078786,10.701964112339454,32.391859144342845
Truck_1,446.41240919830756,7,0,0.0,3.647315164305951,15.547314158238635,0,1.1205608634587634,3.1524754409572893,9.707224098067286,33.174889725027924
Truck_2,450.9712907913172,7,0,0.0,5.159690563861375,11.352170567568237,0,0.26426821946938617,2.9043227364514337,11.219784063543102,30.900236150893534
Truck_8,449.64243839921903,7,0,0.0,5.341743874678457,16.166900739294817,0,0.0,3.6120361177467544,12.763118626889309,37.88379935860934
Truck_6,460.1836033772164,7,0,0.0,5.802154248598072,11.028213987152412,0,0.0,3.7088884513803464,8.535859780478006,29.075116467608837
Truck_9,457.5840850466322,7,0,0.0,6.177502042077322,14.620957489918965,0,0.0,3.215834723478565,14.869604865859912,38.883899121334764
Truck_4,462.04359158268255,7,0,0.0,5.850838440905477,15.47807669568624,0,0.0,1.9219310464721957,13.697737660508437,36.94858384357235
Truck_5,463.2336754767177,7,0,0.0,4.911097812378614,15.261937637597214,0,0.0,2.6726155250009924,13.73377986911379,36.57943084409061
Truck_7,475.80876036488036,7,0,0.0,4.9946606551248465,17.53936309643251,0,0.0,2.5774176354794918,10.700363452316651,35.8118048393535
Truck_0,478.44938425455564,7,0,0.0,4.680470245797665,15.576300888739183,0,1.8052888791643227,3.7664921998565433,8.45903788543194,34.287590098989654
Truck_3,476.5563577002417,7,0,0.0,5.592766754683964,14.783104153569639,0,0.0,3.5792156597615303,13.741627990116399,37.69671455813153
Truck_1,479.5872989233355,7,0,0.0,4.927507813985187,17.830371198111493,0,0.0,1.531704814751663,10.557914810415184,34.84749863726353
Truck_6,489.25871984482524,8,0,0.0,3.6363742424763927,14.573963957922615,0,0.0,2.016332934525849,11.156454875471411,31.383126010396268
Truck_2,481.8715269422107,8,0,0.0,4.622423019062637,19.97586928119091,0,0.0,2.630936141372672,13.673787699876243,40.90301614150246
Truck_8,487.52623775782837,8,0,0.0,4.983329780821634,17.5736544889416,0,0.0,3.493689079326998,12.51945452293262,38.57012787202285
Truck_4,498.9921754262549,8,0,0.0,4.600150165579066,11.622714997090611,0,0.0,3.1731705256274836,9.853762644128551,29.249798332425712
Truck_9,496.46798416796696,8,0,0.0,6.021374357506943,13.356285394947008,0,0.0,2.720513496210174,9.889873656739269,31.988046905403394
Truck_5,499.8131063208083,8,0,0.0,3.6471552169746815,13.035305818444215,0,1.8926437583248799,3.614333301434158,14.05638570954568,36.245823804723614
Truck_0,512.7369743535453,8,0,0.0,3.788440340392526,14.606566776692034,0,0.0,1.8775495430713818,13.127701852657879,33.40025851281382
Truck_7,511.62056520423386,8,0,0.0,4.263303199045765,17.98360731416085,0,0.0,3.5013129657945683,9.839178376069412,35.587401855070596
Truck_1,514.434797560599,8,0,0.0,3.0992025364590745,15.336894812036803,0,0.0,2.92622991189387,13.622895831481287,34.985223091871035
Truck_3,514.2530722583732,8,0,0.0,2.8770363290406067,16.990222922402722,0,1.6767933111722186,1.7930512921511763,14.722160427891708,38.05926428265843
Truck_6,520.6418458552215,8,0,0.0,5.875498845331663,15.24223458879544,0,0.0,3.175467324542751,9.176462854672081,33.469663613341936
Truck_2,522.7745430837132,8,0,0.0,5.591558819312922,12.635349424504625,0,0.0,3.189212251718118,10.00465082472033,31.420771320255994
Truck_8,526.0963656298512,8,0,0.0,4.903868596339635,10.975645585955363,0,2.214783767102631,3.0178568715800793,10.274417519174676,31.386572340152384
Truck_9,528.4560310733704,8,0,0.0,4.795920167215854,10.708179221405203,1,0.9749161518999472,3.1712918727216675,10.545437449740348,30.19574486298302
Truck_4,528.2419737586806,8,0,0.0,5.776822707559518,14.554089813488986,0,0.0,1.5701353050785656,11.754310762000046,33.655358588127115
Truck_5,536.0589301255319,8,0,0.0,4.2249222556021095,13.957973840963518,0,0.0,3.444631400087701,11.128667305892577,32.756194802545906
Truck_0,546.1372328663591,9,0,0.0,2.7537919944890064,17.188203965093408,0,0.0,2.8456199354086493,8.328296270426563,31.115912165417626
Truck_3,552.3123365410316,9,0,0.0,5.256995888765232,14.08064731773743,0,0.0,1.9074024153126174,13.312700472818392,34.55774609463367
Truck_9,558.6517759363534,9,0,0.0,4.21177739478162,10.364397308268622,0,0.0,3.7367260709703487,11.360194734152287,29.673095508172878
Truck_7,547.2079670593045,9,0,0.0,6.040167299002064,19.994041647007975,0,0.31520615753242964,2.7640145773452787,14.032325952888414,43.14575563377616
Truck_2,554.1953144039692,9,0,0.0,5.920883354163038,14.670287503519944,1,2.1781914487218046,3.3845630432957705,11.97093378135969,38.12485913106025
Truck_6,554.1115094685634,9,0,0.0,4.419313321570257,18.49186183241852,1,3.326555131117516,2.241267882001239,9.734916116490012,38.213914283597546
Truck_1,549.42002065247,9,0,0.0,5.657125160764281,18.86295119393469,0,2.3812997330231838,3.3821203991382163,12.904878637829029,43.1883751246894
Truck_8,557.4829379700036,9,0,0.0,3.2232669739064477,16.233580692248893,1,2.7637315031714706,3.7504655449980646,9.655653432940085,35.62669814726496
Truck_4,561.8973323468077,9,0,0.0,4.946762724681776,18.48583327357676,0,0.0,2.171249781855863,10.598219799411595,36.20206557952599
Truck_5,568.8151249280778,9,0,0.0,5.751534239738248,13.678161650332072,0,0.0,2.581024415560705,8.663956492096759,30.674676797727784
Truck_0,577.2531450317767,9,0,0.0,4.473031699560579,10.370758935804247,0,0.0,3.3052717981302067,11.920607468616595,30.069669902111627
Truck_3,586.8700826356653,9,0,0.0,3.453101810566295,13.597086818908792,0,0.0,3.445048080198376,9.496000167702505,29.991236877375968
Truck_9,588.3248714445263,9,0,0.0,5.806822075436003,11.448892232481285,0,0.0,3.486663819712703,9.595743372122115,30.338121499752106
Truck_1,592.6083957771594,9,0,1.5232977428028107,5.748821947913825,16.9081932431601,0,0.4033314979122906,2.171254459141892,8.164289492288162,34.91918838321908
Truck_2,592.3201735350294,9,0,0.0,5.887139751386599,12.113825843643326,0,0.0,3.2603174763580682,14.627619737339955,35.88890280872795
Truck_7,590.3537226930806,9,0,0.0,3.965168523378793,19.897413318707095,0,0.9667246739800248,2.711052733088536,10.562198060394167,38.102557309548615
Truck_8,593.1096361172686,9,1,1.209255099190841,5.744611667858408,11.464190518084024,0,0.0,3.655335806744688,13.505285155527531,35.57867824740549
Truck_4,598.0993979263337,9,0,0.0,4.332031260416784,14.931827932313467,0,0.5308248231710877,2.2166805458348335,11.591079948776382,33.602444510512555
Truck_6,592.325423752161,9,0,0.0,5.639242555556962,15.09516746772647,0,0.5216228309730013,3.610583602531051,14.774525066155888,39.64114152294337
Truck_5,599.4898017258056,9,0,0.0,4.48673158437748,19.83485693245916,0,0.0,3.354178606522055,11.579078462974053,39.25484558633275
Truck_0,607.3228149338884,10,0,0.0,4.2838666827036604,15.795152561036048,0,0.0,3.47237948161046,14.471926623167633,38.0233253485178
Truck_9,618.6629929442784,10,0,0.0,4.055777340221539,10.891928110928575,0,0.0,3.5811352258441502,8.690575573902379,27.219416250896643
Truck_3,616.8613195130413,10,0,0.0,4.662161063454164,14.46748342064177,0,0.0,3.3261691435351395,14.228184471426857,36.68399809905793
Truck_1,627.5275841603785,10,0,0.0,3.5879560733114886,15.598998029552035,0,0.0,1.8321966580202798,10.027935012246076,31.04708577312988
Truck_2,628.2090763437574,10,0,0.0,4.722783018692894,10.792272909146732,0,0.0,3.543236102332571,11.853878042628594,30.91217007280079
Truck_6,631.9665652751044,10,0,0.9652940873459102,3.312912764146631,12.193742844213943,0,0.0,2.6536175883372835,10.96012386223299,30.08569114627676
Truck_8,628.688314364674,10,0,0.0,5.669400881075944,16.341220302432248,1,0.8534080479216755,2.0330325086951007,10.28820228695804,35.18526402708301
Truck_4,631.7018424368463,10,0,0.0,4.7707827238133405,12.580181113597405,0,0.0,2.4995373218469012,13.97431819670021,33.82481935595786
Truck_7,628.4562800026292,10,0,0.0,6.173373767487874,15.789059205098738,0,0.6734195839322865,2.0607348387605953,13.634788058160552,38.331375453440046
Truck_5,638.7446473121383,10,0,0.0,5.565803694109377,19.921542302220814,0,0.0,2.8848786922443423,10.217997852008011,38.590222540582545
Truck_9,645.882409195175,10,0,0.0,5.068915651737143,13.675186993489774,0,0.0,3.531578178553332,9.498906447971876,31.774587271752125
Truck_0,645.3461402824062,10,0,0.0,3.8699370236388404,17.31386541888412,0,0.5869292757837457,3.0835904991041616,9.096533692622529,33.9508559100334
Truck_3,653.5453176120992,10,0,0.0,4.121248416390472,18.21445525384445,0,0.0,1.6277448454653722,9.152557790808487,33.11600630650878
Truck_8,663.8735783917571,11,0,0.0,4.705601422119571,12.69788778106954,0,0.0,3.5506920067440433,8.701029649707039,29.655210859640192
Truck_1,658.5746699335084,10,0,0.0,4.283122310495401,17.924833754735573,0,0.0,3.0380243132037776,12.904027880460376,38.15000825889513
Truck_6,662.0522564213811,11,0,0.0,6.241262329814958,17.781517217656187,0,1.1218307858227945,3.169457359734679,9.76898863361123,38.08305632663985
Truck_2,659.1212464165582,10,0,0.0,5.295534753028164,18.064893492968622,0,1.3389756493882032,3.376216442731902,12.963690223901267,41.03931056201816
Truck_7,666.7876554560693,11,0,0.0,4.248088008544755,12.299847798194378,1,1.492168338881811,3.27361197885034,13.726348984345918,35.0400651088172
Truck_4,665.5266617928041,11,0,0.0,5.928637102387597,18.07103779304998,0,0.0,2.447506062625962,11.980236193495102,38.42741715155864
Truck_5,677.3348698527209,11,0,0.0,2.49915842162261,15.787371811843514,0,0.0,3.3640006666867066,9.605599193240096,31.256130093392926
Truck_9,677.6569964669271,11,0,0.0,5.785617547494667,18.064569083956485,0,0.0,3.6673021742453784,8.447421713545623,35.96491051924215
Truck_3,686.661323918608,11,0,0.0,5.444200865818743,10.573383852383358,0,0.0,3.182096373096101,10.187703138204824,29.387384229503027
Truck_0,679.2969961924396,11,0,0.0,3.87681356023063,16.540927961098305,0,0.0,2.3507882515755227,14.020815400682068,36.789345173586526
Truck_1,0.0,0,0,0.0,4.928186311601073,11.783023345619302,0,0.0,2.645860670454926,8.372142677983767,27.72921300565907
Truck_4,0.0,0,0,3.7150830451053265,4.383975803044687,10.41462992500331,0,0.0,2.293248517106747,11.14294815129967,31.94988544155974
Truck_0,0.0,0,0,0.0,4.804840155795095,18.015508506679424,0,0.06353306547273618,2.8794804432044465,8.135428347201202,33.898790518352904
Truck_3,0.0,0,0,0.0,5.389091579934491,15.396814087340935,1,1.8602147575277534,2.3358577302013686,9.534992071973754,34.5169702269783
Truck_6,0.0,0,2,4.928186311601073,3.9091567132564284,10.873083413008667,0,0.0,3.173455290081087,13.464863036354444,36.3487447643017
Truck_7,0.0,0,3,5.389091579934491,5.772646667889783,14.684231057497996,0,0.0,2.515748232567063,9.060155981226018,37.42187351911535
Truck_2,0.0,0,0,0.0,3.7150830451053265,16.634371213082677,0,0.45748303207206575,1.8391831345431093,14.989111530865962,37.63523195566914
Truck_8,0.0,0,4,8.099058848150014,5.268682824888092,17.651165132882205,0,0.0,1.7894369832887875,9.543688224740166,42.35203201394926
Truck_9,0.0,0,5,8.74477834026622,3.718119823038096,15.268671404268215,0,0.630147970316802,2.54407674433439,12.569634611615825,43.47542889383955
Truck_5,0.0,0,1,4.804840155795095,3.939938184471126,18.66034057700552,0,0.0,3.5647097668010304,13.065749453571165,44.03557813764394
Truck_1,27.72921300565907,0,0,0.0,5.026474896986777,19.970825964152063,0,0.0,3.5696173675922793,8.478372003762018,37.04529023249314
Truck_3,34.5169702269783,0,0,0.0,6.194884040685913,12.358461270625106,0,0.0,2.1799154355225667,12.05578943391712,32.789050180750706
Truck_0,33.898790518352904,0,0,0.0,4.437380555302724,17.929197074522406,0,0.030763086212154178,2.046911009173513,11.34522163671383,35.78947336192463
Truck_2,37.63523195566914,0,0,0.7009391179864863,5.433838792601726,11.710941540546983,0,0.0,2.5252264218019036,12.846479715428401,33.2174255883655
Truck_8,42.35203201394926,0,0,0.0,5.890704293394315,13.676807390125987,0,0.0,3.081319326019951,8.206924191320937,30.85575520086119
Truck_6,36.3487447643017,0,0,0.0,4.715675282939792,15.729732796364111,0,1.2120249850006388,3.412230837926934,12.12596525627415,37.195629158505625
Truck_7,37.42187351911535,0,0,0.0,4.280522428746302,15.276754553528022,1,1.363891742174026,3.505325653409841,14.177616006079191,38.60411038393738
Truck_5,44.03557813764394,0,0,0.0,5.434253720477159,15.513595943084027,0,0.0,3.827004473067632,8.967599068208699,33.74245320483752
Truck_9,43.47542889383955,0,0,0.0,5.650257519259235,17.032544637643717,0,0.0,1.9446638604499924,14.669775548145836,39.29724156549878
Truck_1,64.7745032381522,1,0,0.0,2.635025329849725,15.555840903157915,0,0.0,2.745299652276657,8.636342529856591,29.572508415140888
Truck_0,69.68826388027753,1,0,0.0,5.168524232632109,12.354188348563866,0,0.0,3.5037204149358274,8.497387826382493,29.523820822514296
Truck_8,73.20778721481045,1,0,0.0,5.4500325161253045,11.187955764298337,0,0.45896189309372915,2.170274547029962,10.885491805668451,30.152716526215784
Truck_3,67.30602040772901,1,0,0.0,3.466141009201266,16.829074390481978,0,0.0,2.703501580915571,13.688934676866452,36.68765165746527
Truck_2,70.85265754403464,1,0,0.0,5.1171702214091255,16.92088092156507,0,0.0,3.711893515551907,13.15044878093589,38.90039343946199
Truck_7,76.02598390305273,1,0,0.0,4.908867900431844,15.01602172087209,0,0.0,3.6215681053637354,11.218505236886642,34.76496296355431
Truck_6,73.54437392280732,1,0,0.0,5.978681478494082,18.15016347502214,0,0.0,3.765625633738523,13.552282386062288,41.44675297331703
Truck_5,77.77803134248146,1,0,0.0,5.446380800441048,19.330753793084554,0,0.0,3.11770785049562,9.713190240574207,37.60803268459543
Truck_9,82.77267045933833,1,0,0.0,5.6273621799442,16.61248800522921,0,0.0,3.819789176206214,14.849246836074812,40.908886197454436
Truck_0,99.21208470279183,1,0,0.0,4.584020398518874,14.640251480865885,0,0.0,3.3526629610058905,8.557127056709206,31.134061897099855
Truck_1,94.3470116532931,1,0,0.0,3.5712690346821745,14.417892731483335,0,0.0,3.52145702933133,14.78208958123605,36.29270837673289
Truck_4,31.94988544155974,0,0,0.0,5.787496565607455,10.508794500985687,0,0.0,2.017669145362632,9.421368193410558,103.64738717425489
Truck_2,109.75305098349664,1,0,0.0,3.9596921516732806,11.275055383646844,0,0.0,3.417635368869554,8.39298830495133,27.04537120914101
Truck_3,103.99367206519427,1,0,0.0,5.29142958774203,16.222793103099363,0,0.6680096663684054,3.324380915338992,10.233936860982396,35.74055013353119
Truck_8,103.36050374102624,1,0,0.0,5.37585886981978,18.7624369723589,0,0.9066343044814005,2.7719407880240112,8.557707655535978,36.37457859022007
Truck_5,115.38606402707688,1,0,0.0,2.796241591557134,14.596073444937446,0,0.0,1.676710815324384,11.116456253768007,30.18548210558697
Truck_7,110.79094686660704,1,0,0.0,4.157274970701096,14.572964883630547,0,0.0,3.131695864854919,13.152544039627287,35.01447975881385
Truck_6,114.99112689612436,1,0,0.0,4.1016337965319565,12.644839825645434,0,0.0,3.4362418774736057,13.44022614209237,33.62294164174337
Truck_9,123.68155665679276,2,0,0.0,2.972520382508648,13.710371061284988,0,0.0,2.8712074948275017,9.162263518606494,28.716362457227632
Truck_0,130.34614659989168,2,0,0.0,3.3058530816678626,12.05657210973905,0,0.0,3.325421420594523,12.007217362957931,30.695063974959368
Truck_2,136.79842219263764,2,0,0.0,5.072169488634927,10.939597216849734,0,0.0,3.035492697162141,9.505309352795479,28.55256875544228
Truck_4,135.59727261581463,2,0,0.0,6.128072212434802,14.902054625663396,0,0.0,2.4205830634051893,9.941141394861319,33.391851296364706
Truck_1,130.63972003002598,2,0,0.0,5.043609616812802,16.82336425165269,0,0.0,3.5534323077152123,13.14584782770143,38.566254003882136
Truck_8,139.7350823312463,2,0,0.0,6.010272284852562,12.534613047400995,0,0.0,3.034188510365368,13.725354230153044,35.30442807277197
Truck_5,145.57154613266385,2,0,0.0,5.211928397521092,15.071861971081148,0,0.0,3.4794742377670786,8.960458358642313,32.72372296501163
Truck_3,139.73422219872546,2,0,0.0,6.141835811377092,18.549113037399508,0,0.0,3.571404834878308,11.703557006937757,39.965910690592665
Truck_6,148.61406853786772,2,0,0.0,5.079800078486187,12.28748649631595,0,2.01522076971051,2.2909475847620797,10.471596541275318,32.145051470550044
Truck_7,145.8054266254209,2,0,0.0,5.034198422371105,18.704292869430162,0,0.0,2.3186293550130017,10.245111998375563,36.30223264518983
Truck_9,152.3979191140204,2,0,0.0,4.015466399966812,17.234765135191196,0,0.0,3.5750855636377707,10.93756068794437,35.76287778674015
Truck_1,169.20597403390812,2,0,0.0,4.7327832757016495,11.478395236553155,0,0.0,2.231311960447016,8.81240910977374,27.25489958247556
Truck_2,165.35099094807993,2,0,0.0,3.7565506444041716,16.657876611727687,0,0.5221050389062611,3.7894588908538083,9.651862069265576,34.377853255157504
Truck_0,161.04121057485105,2,0,0.0,5.943284065873684,17.870069524107436,0,0.0,1.4329590782858759,13.512203293541177,38.75851596180817
Truck_4,168.98912391217934,2,0,0.0,3.604981695613901,19.076784096882108,0,0.0,2.57781970492681,8.807041628465612,34.06662712588843
Truck_8,175.03951040401827,2,0,0.0,5.329900202882385,15.789830040853246,0,0.0,3.5919285397545195,10.446511436141861,35.15817021963201
Truck_3,179.70013288931813,2,0,0.0,3.0321713415933687,11.069822350966035,0,0.0,2.3091757299148696,14.834243122368179,31.245412544842452
Truck_5,178.2952690976755,2,0,0.0,5.07052158426734,13.074280850681077,0,0.0,2.4646447937327878,12.943291187375337,33.55273841605654
Truck_7,182.10765927061072,3,0,0.0,3.278957199755041,16.35659441955309,0,0.0,3.419173250683798,10.964652470687383,34.01937734067931
Truck_6,180.75912000841777,3,0,0.0,3.1005126186776124,16.573002485802505,0,0.0,3.3719908297641723,13.863241377193958,36.90874731143825
Truck_9,188.16079690076054,3,0,0.0,4.1492190272866765,17.992478812963697,0,0.0,2.916406169055051,13.006977110137598,38.06508111944302
Truck_1,196.46087361638368,3,0,0.0,4.125889703012433,12.31320660667265,0,0.0,2.6857174710293634,13.77778010436117,32.90259388507562
Truck_2,199.72884420323743,3,0,0.0,3.4706684989285748,17.052876050064327,0,0.0,3.110528456963891,12.956216878494132,36.590289884450925
Truck_0,199.79972653665922,3,0,0.0,6.187233304770444,17.66916650258409,0,0.0,3.538465862991302,11.891797542526774,39.28666321287261
Truck_4,203.05575103806777,3,0,0.0,3.1992305441556255,18.650776120613358,0,0.0,3.7015222155515914,13.09358354626275,38.645112426583324
Truck_8,210.19768062365029,3,0,0.0,5.347233637426967,10.476526094797464,0,1.173151851130342,3.807379034870081,11.759993231377877,32.56428384960273
Truck_3,210.94554543416058,3,0,0.0,4.8536790274573605,13.342516237563672,0,0.0,3.620746590443048,14.929004224481588,36.74594607994567
Truck_5,211.84800751373203,3,0,0.0,4.229929309401996,19.49512574956583,0,0.0,3.2901937754763537,9.964856792539678,36.98010562698386
Truck_7,216.12703661129004,3,0,0.0,3.7162668392633975,19.9754578240931,0,0.0,3.0468395472523753,9.137030093490694,35.875594304099565
Truck_6,217.66786731985601,3,0,0.0,6.0496411442709075,19.134125506044597,0,0.013966851727388985,3.485881626415278,10.434720547199447,39.11833567565762
Truck_9,226.22587802020357,3,0,0.0,3.333172218116488,10.88357330376408,0,0.0,3.101301223476213,14.790857255283129,32.10890400063991
Truck_1,229.3634675014593,3,0,0.0,6.210179272388473,17.249831728271147,0,0.0,3.648709599556696,8.700672462998511,35.80939306321483
Truck_2,236.31913408768835,3,0,0.0,5.9835983316231705,10.075764547174515,0,0.0,3.54748490338298,13.233728471722259,32.840576253902924
Truck_0,239.08638974953183,3,0,0.0,5.120797773643403,19.352748023326313,0,0.0,2.5355330524801047,13.82078492641142,40.82986377586124
Truck_8,242.76196447325302,4,0,0.0,4.778404445423803,19.851549316931283,0,0.0,3.638336212756883,10.094351864084729,38.3626418391967
Truck_4,241.7008634646511,4,0,0.0,4.821162790101198,18.289708706003125,0,0.0,3.365997718407982,14.824311437998688,41.30118065251099
Truck_6,256.78620299551363,4,0,0.0,6.096388390478012,12.732322877707134,0,0.0,1.6449813382031948,8.627392232222576,29.101084838610916
Truck_5,248.82811314071589,4,0,0.0,5.696355467956238,17.172828668803618,0,0.0,3.650858317554082,10.84755450061084,37.36759695492478
Truck_3,247.69149151410625,4,0,0.0,4.480826927908396,19.22489511955044,0,0.0,2.5781876285888075,12.444546645999708,38.72845632204735
Truck_7,252.0026309153896,4,0,0.0,5.286530395570935,14.968094289602107,0,1.718145589591245,2.935229139022738,9.906989143663907,34.81498855745093
Truck_9,258.3347820208435,4,0,0.0,5.619586999849048,12.05144796929028,0,0.9048133391938222,3.7974212520154538,9.338910245155603,31.712179805504206
Truck_1,265.1728605646741,4,0,0.0,5.913498436471059,18.464404508144753,0,0.0,3.142651355738849,8.39103381139006,35.91158811174472
Truck_2,269.1597103415913,4,0,0.0,5.300792572936018,17.46850162870726,0,0.0,3.1199190844044438,11.222351242703894,37.111564528751614
Truck_0,279.9162535253931,4,0,0.0,5.762807721006311,17.33062343950212,1,1.9456251106516333,2.4077106284524348,8.857262347063681,36.30402924667618
Truck_4,283.0020441171621,4,0,0.0,4.309597163590013,15.085462000606185,0,0.0,2.2510643384572404,12.685103298183833,34.33122680083727
Truck_8,281.1246063124497,4,0,0.0,6.23465512085005,13.810649829227373,0,0.0,3.785398534026001,14.381487920699328,38.21219140480275
Truck_3,286.4199478361536,4,0,0.8916934445985021,4.44835478056234,15.67676913328728,0,0.6495139836854946,2.291740991389929,11.314189978920695,35.27226231244424
Truck_6,285.88728783412455,4,0,0.0,5.982052494015875,13.647432947805726,0,1.8462471490594226,2.0142775889728455,12.501000757021984,35.99101093687585
Truck_5,286.19571009564066,4,0,0.0,5.107740589101866,19.916750740066334,0,0.0,2.6532160914352403,8.060535592145527,35.73824301274897
Truck_7,286.81761947284053,4,1,0.5416419604592306,4.669713685626675,10.407996048994619,0,2.211196451894466,3.4381115584716895,14.082550531508218,35.3512102369549
Truck_9,290.0469618263477,4,0,1.256488858394846,5.594089249893443,16.067662928867662,0,0.0,2.4945096416321917,10.013906023035076,35.42665670182322
Truck_1,301.08444867641884,5,0,0.0,2.968812356781541,10.390440123661108,0,0.0,2.4448461384219513,14.887365525199527,30.691464144064128
Truck_2,306.2712748703429,5,0,0.0,3.2755475171795183,10.6886617515882,0,0.0,3.3588027240701877,10.762407819576936,28.08541981241484
Truck_0,316.22028277206925,5,0,0.0,3.077392090718888,16.92821040161533,0,0.0,2.610353852513356,8.274644220121218,30.890600564968793
Truck_4,317.33327091799936,5,0,0.0,3.6948117525686257,17.057122941483783,0,0.7510335048650632,3.610061897582966,11.87854164896072,36.99157174546116
Truck_8,319.33679771725247,5,0,0.0,4.405027601397592,13.046690826597683,0,0.0,3.182442012777642,14.551137955286322,35.18529839605924
Truck_3,321.69221014859784,5,0,0.0,3.770014044192294,12.839457814791785,1,1.6692761504434657,1.9814676193456648,13.83817354123596,34.09838917000917
Truck_5,321.93395310838963,5,0,0.0,3.75109827047703,17.89555258035051,0,0.0,3.6317008231463888,10.133681891236222,35.41203356521015
Truck_6,321.8782987710004,5,0,0.0,4.232740112506747,14.503717676869542,0,1.3376692169943567,2.945860043075186,12.648712062818959,35.66869911226479
Truck_7,322.16882970979543,5,0,1.572995608854626,5.585875936731156,15.528390425457644,0,0.042194139607374836,2.1943462240385543,12.435616720735709,37.359419055425064
Truck_1,331.775912820483,5,0,0.0,4.341796003886884,10.286778453379213,0,0.6881447667357179,3.7326589050023813,13.162075170884862,32.21145329988906
Truck_9,325.4736185281709,5,0,0.0,6.084824132425467,17.948098105576378,0,0.0,3.7223955390285823,14.360122601772673,42.1154403788031
Truck_2,334.35669468275773,5,0,0.0,3.6787525276988617,17.941294947708116,0,0.0,1.74503219386321,14.118563752668479,37.483643421938666
Truck_0,347.11088333703805,5,0,0.0,3.7047995952438555,11.382908527316658,0,0.0,2.6736017165825956,13.706707495245041,31.46801733438815
Truck_3,355.790599318607,5,0,0.0,4.131731953453823,13.737365930309238,0,0.0,3.075126490427351,10.04728186934068,30.99150624353109
Truck_4,354.3248426634605,5,0,0.0,5.222331437331832,11.017285106287375,0,0.0,2.291528483305342,14.160949924806971,32.69209495173152
Truck_1,363.98736612037203,6,0,0.0,5.07309357572916,10.2100873093774,0,0.0,3.605292497340372,10.305015969178328,29.19348935162526
Truck_8,354.5220961133117,5,0,0.0,6.074446776763352,15.450973168338749,0,0.0,2.691385485290084,14.827144783026029,39.04395021341821
Truck_6,357.5469978832652,5,0,2.000176217527155,5.137832922166126,19.32557671290482,0,0.0,2.3159349427241978,8.40954385900261,37.18906465432491
Truck_5,357.3459866735998,5,0,0.0,5.5048187653101195,17.18587757668689,0,0.0,3.535296335774831,13.62663422342007,39.85262690119191
Truck_9,367.589058906974,6,0,0.0,4.052388251578805,14.660993278977855,1,0.20306142789320347,2.2674757737673303,11.17201311629691,32.3559318485141
Truck_2,371.8403381046964,6,0,0.0,3.463625928222598,10.705269548737704,0,0.31728509693078877,3.6043191496773943,10.087525285325171,28.178025008893655
Truck_7,359.5282487652205,5,1,0.3940825068403342,5.209103272320704,19.044589056058896,0,0.0,2.329478264983436,14.90892764990457,41.88618075010794
Truck_0,378.5789006714262,6,0,0.0,4.590855270840848,11.950362582431808,0,0.0,2.2928968698675476,12.958000380270903,31.792115103411106
Truck_4,387.01693761519203,6,0,0.0,5.476628742361697,13.066637834712196,0,0.0,3.730052680102176,11.623688631218386,33.897007888394455
Truck_8,393.5660463267299,6,0,0.0,4.189652874402441,10.075792226909584,0,0.0,2.9383267752246525,13.419841598356697,30.623613474893375
Truck_6,394.7360625375901,6,0,0.0,5.591765441938264,13.07899895989732,0,0.0,3.0423370222222275,9.603080013537465,31.316181437595276
Truck_3,386.7821055621381,6,0,0.0,4.754987338374235,19.142563166597427,0,0.0,3.2123173871509607,12.452775042826318,39.56264293494894
Truck_1,393.1808554719973,6,0,0.0,4.3888671912431505,18.63394364645552,0,0.2454976519519505,1.6487872505576888,9.92500117031392,34.84209691052223
Truck_9,399.9449907554881,6,0,0.0,3.538812736247678,14.781529407508742,0,0.0,3.058898393620723,8.511630981943767,29.89087151932091
Truck_5,397.1986135747917,6,0,0.0,5.114999026279008,13.564042000426127,0,0.0,2.408485962404086,11.807658590307597,32.89518557941682
Truck_7,401.41442951532844,6,0,0.0,4.860989728227594,12.01780970082234,0,0.0,3.521741806538671,14.663521321841984,35.06406255743059
Truck_2,400.01836311359006,6,0,0.0,5.704345533062053,18.464511430304356,0,0.0,3.527465113829976,12.618161310445032,40.31448338764142
Truck_0,410.3710157748373,6,0,0.0,4.735602837580132,12.918874468972035,0,0.0,3.2099352301084423,14.806097545688374,35.67051008234898
Truck_4,420.9139455035865,7,0,0.0,4.290677540089064,15.803695247863345,0,0.0,1.467211154651352,8.912688748983669,30.47427269158743
Truck_6,426.0522439751854,7,0,0.0,4.479912467511269,11.908516500255075,0,0.0,2.039595919556348,13.653939220571147,32.08196410789384
Truck_3,426.34474849708704,7,0,0.0,4.7009326031786145,14.652493493617953,0,0.0,3.2645545391025053,11.084415143074978,33.70239577897405
Truck_9,429.835862274809,7,0,0.0,5.725701283527371,10.391873903738201,0,0.0,3.6539013231775357,11.670310954580145,31.441787465023253
Truck_8,424.1896598016233,7,0,0.0,4.886781745121539,17.9084294218016,0,1.9778581644396809,3.25769858127461,9.110857648112358,37.14162556074979
Truck_1,428.0229523825195,7,0,0.0,3.754797014099097,16.220790543832777,1,1.6087988448007309,3.6586644275373033,9.12895529161051,34.37200612188042
Truck_5,430.0937991542085,7,0,0.4383572884881346,3.8500367119901853,16.319761048378098,0,1.5184735111957934,3.587210586791855,9.57258983533842,35.286428982182485
Truck_7,436.478492072759,7,0,0.0,5.635166278504926,12.469408231806653,0,0.0,2.8368482986430763,13.594052508380457,34.53547531733511
Truck_0,446.0415258571863,7,0,0.0,4.824142829094285,13.751797988182261,0,0.0,2.403196015743447,11.50730560889042,32.48644244191041
Truck_2,440.3328465012315,7,0,0.0,4.728603778206434,16.421491225286047,0,0.0,3.796008800318077,14.492593546690784,39.43869735050134
Truck_4,451.3882181951739,7,0,0.0,3.32251835682672,17.877517359694878,0,0.0,3.4920377184248537,13.152574772771175,37.844648207717626
Truck_1,462.39495850439994,7,0,0.30987074890265376,3.3633639435739155,10.709165803843803,0,1.1559298800632973,3.4430978814071977,8.722802324759641,27.704230582550508
Truck_9,461.27764973983227,7,0,0.0,3.0905593753483345,11.181847667466513,0,0.0,3.0894998664135187,12.437945447591517,29.799852356819883
Truck_8,461.3312853623731,7,0,0.0,3.7875947318435124,11.314900960081559,0,0.0,1.4995078264854556,14.853113598764082,31.45511711717461
Truck_6,458.1342080830792,7,0,0.0,4.971712196653073,14.37382186585836,1,1.1598145034699883,2.6420458668052333,12.704529199971546,35.8519236327582
Truck_3,460.0471442760611,7,0,0.0,2.6576849772415017,14.944318628263261,2,3.632454634300018,1.4818855635506907,11.326450503733327,34.0427943070888
Truck_5,465.380228136391,7,0,0.0,5.943036755346441,16.237246917035236,0,0.0,2.6898731589740237,9.71852879084571,34.58868562220141
Truck_7,471.01396739009414,7,0,0.0,5.852679770786324,18.867375247921984,0,0.0,3.634667092475297,8.940681202495057,37.29540331367866
Truck_2,479.7715438517328,7,0,0.0,4.318223885675309,11.641424544773713,0,0.0,2.1940074725868044,11.54924235852343,29.702898261559255
Truck_0,478.5279682990967,7,0,0.0,5.346487171913111,12.35853043839802,0,1.6922138453608113,2.964622599375275,9.458522803830874,31.82037685887809
Truck_4,489.23286640289155,8,0,0.0,5.125589533216214,10.871137856760583,0,0.0,1.5682881146310592,11.303521287599835,28.868536792207692
Truck_8,492.7864024795477,8,0,0.0,5.759670609251941,12.210110985170559,0,0.0,1.612185937008121,13.139418651001051,32.72138618243167
Truck_6,493.9861317158374,8,0,0.3723242202703432,2.852657117346155,15.805737962695503,0,0.0,3.678698143620295,11.72618026503153,34.435597708963826
Truck_9,491.07750209665215,8,0,0.0,4.99823029134285,14.84738551502619,0,0.0,3.739365874145278,13.918950128904726,37.50393180941904
Truck_1,490.09918908695045,8,0,0.0,5.8449532508435595,17.344362449205846,0,1.37397899016662,2.6962446206711093,14.384625685425249,41.644164996312384
Truck_3,494.0899385831499,8,1,1.854203754644118,4.459022678594863,18.28723637694503,0,0.0,2.935629031833969,10.443928241460299,37.98002008347828
Truck_5,499.9689137585924,8,0,0.0,6.007248631705011,11.419864221707371,0,0.0,1.753816170558025,14.934145643108536,34.11507466707894
Truck_2,509.47444211329207,8,0,0.0,5.556450187837186,10.201691242018342,0,0.0,2.8904104062745546,14.258659247025093,32.907211083155175
Truck_4,518.1014031950992,8,0,0.0,4.139974898287846,13.29875505612847,0,0.0,2.252468137890446,8.736684465902044,28.427882558208807
Truck_7,508.3093707037728,8,0,0.0,4.868177754456781,16.46638599506946,0,0.0,2.257644252207683,14.660136540136364,38.252344541870286
Truck_0,510.3483451579748,8,0,0.0,5.886900504230425,18.28541645975986,0,0.0,2.5190236377713973,9.938873813065584,36.630214414827265
Truck_6,528.4217294248012,8,0,0.0,4.379346433952605,14.735359415055655,0,0.0,2.8592562428605106,11.796498935237196,33.770461027105966
Truck_8,525.5077886619794,8,0,0.0,4.7850105522114745,17.617404039234884,0,0.0,3.5651507934574056,11.231086067817841,37.198651452721606
Truck_1,531.7433540832628,8,0,0.0,5.308255313596192,11.07456483456258,0,2.269517285248412,3.142289670711989,10.882186665954919,32.67681377007409
Truck_3,532.0699586666282,8,0,0.0,6.115388009861249,11.831800795892036,1,1.4582065745016735,2.5680302250838167,10.945052789980082,32.91847839531886
Truck_5,534.0839884256714,8,0,0.0,5.067918315970587,13.374972883844066,0,1.0111015618959982,2.572803455907092,12.321158993914764,34.34795521153251
Truck_9,528.5814339060712,8,0,0.0,6.043983007300085,18.88516119310418,1,0.5328061654914791,1.9941770799715641,14.760800984937305,42.216928430804614
Truck_7,546.5617152456431,9,0,0.0,4.018863066209519,11.153292175052457,0,0.0,3.207224288129396,8.247114375958972,26.626493905350344
Truck_4,546.529285753308,9,0,0.0,5.638536509637788,12.28723766005453,0,0.4860348520340949,2.9947591940249367,8.575937107309414,29.982505323060764
Truck_0,546.978559572802,9,0,0.0,3.7532105516035017,15.281096348350275,0,1.6043209202352955,2.0989368033733626,8.464149221876937,31.20171384543937
Truck_2,542.3816531964472,9,0,0.0,4.998225788848458,16.933428338846625,0,0.0,3.303880068848798,12.368286700487033,37.603820897030914
Truck_6,562.1921904519072,9,0,0.0,3.3933356117649964,10.542294068903743,0,0.0,2.993956217358914,11.277486355503356,28.20707225353101
Truck_8,562.706440114701,9,0,0.0,6.162558818250545,12.809056399521637,0,0.0,2.904559932304096,10.35058968626629,32.22676483634257
Truck_1,564.4201678533369,9,0,0.0,5.457527290407484,11.980349994549783,0,0.0,2.5223256205438247,12.999572173691718,32.95977507919281
Truck_3,564.988437061947,9,0,0.0,4.4664186076420265,18.125469874191822,0,0.0,3.199860363083644,8.258062491466262,34.049811336383755
Truck_5,568.4319436372039,9,0,0.0,5.234970351723518,11.552365297784604,0,0.0,3.1971766313613443,12.421087043075545,32.40559932394501
Truck_4,576.5117910763688,9,0,0.0,3.6587354640601006,11.815438201747497,0,0.0,2.4666080061738285,8.744292445328938,26.685074117310364
Truck_7,573.1882091509934,9,0,0.0,6.013309767127453,15.98878861795879,0,0.0,1.7511842238378676,9.551481464233916,33.304764073158026
Truck_9,570.7983623368758,9,0,0.0,4.265588701083061,15.967621237463732,0,0.0,2.170997002681929,13.320862657796965,35.72506959902569
Truck_0,578.1802734182414,9,0,0.0,3.5136950002130334,16.153263615300943,0,0.0,3.1494880765785638,12.19524956320879,35.01169625530133
Truck_2,579.9854740934782,9,0,0.0,5.157067868464878,17.50603591610343,0,0.0,3.230643850946308,8.544273994830291,34.438021630344906
Truck_6,590.3992627054382,9,0,0.0,5.838827616767276,15.725568753399443,0,0.0,3.16112799410962,12.484979217880323,37.21050358215666
Truck_8,594.9332049510435,9,0,0.0,5.566515642471245,19.670392992673897,0,0.503018654147354,2.9062215418766755,8.660423475762968,37.30657230693214
Truck_1,597.3799429325297,9,0,0.0,4.546310714863466,13.375342789404385,0,0.0,3.176857022014474,14.454300565244239,35.552811091526564
Truck_3,599.0382483983308,9,0,0.0,5.825678061051121,13.719965233845983,0,0.0,2.971060787761189,13.154244632926634,35.67094871558493
Truck_5,600.8375429611489,10,0,0.0,3.5317309887881265,18.101952238829767,0,1.1081275934459427,1.3683509109251872,10.440490203829654,34.55065193581868
Truck_4,603.1968651936792,10,0,0.0,5.04454910411539,10.123950472889987,0,0.0,2.3077674696514805,14.879070774795082,32.35533782145194
Truck_9,606.5234319359015,10,0,0.0,5.87559989677095,12.344703705066877,0,0.0,2.138390309684837,9.02127489041743,29.379968801940095
Truck_7,606.4929732241515,10,0,0.0,5.101580130350953,10.503250665373685,0,0.0,1.5787251524290014,13.555339693857377,30.738895642011016
Truck_2,614.4234957238231,10,0,0.0,2.80443188128811,12.935409651646978,0,0.0,2.433387633864527,13.223156559754443,31.39638572655406
Truck_0,613.1919696735428,10,0,0.0,5.434380010214909,19.895764364621527,0,0.0,2.850544416881462,9.649866095119364,37.83055488683726
Truck_6,627.6097662875949,10,0,0.0,3.5755586696095634,18.584714272386123,0,0.0,2.7099718327592655,13.541090630684494,38.411335405439445
Truck_3,634.7091971139157,10,0,0.0,5.035397157872126,10.681186736027712,0,0.0,3.6736494639936836,12.171822935976593,31.562056293870114
Truck_1,632.9327540240563,10,0,0.0,5.030680752689136,16.52607510477162,0,0.0,3.2586558520807785,9.056836283839743,33.87224799338128
Truck_7,637.2318688661625,10,1,1.4188351418255252,5.624495517387004,11.666450205731621,0,1.8065160024912075,2.2142449281936933,8.0682752350167,30.79881703064575
Truck_5,635.3881948969675,10,0,0.0,3.2625091110204494,11.87434393966032,0,1.9549631147015134,3.3117840623248185,12.850924113124847,33.25452434083195
Truck_8,632.2397772579757,10,0,0.0,4.71830965118636,19.890512005555138,1,2.4519470772800105,2.0340810164924505,8.927711574092541,38.0225613246065
Truck_4,635.5522030151311,10,0,1.4058838940309215,4.449799844610652,14.028424974483869,0,0.35548339641809434,3.508750867322533,11.227460034655678,34.97580301152175
Truck_9,635.9034007378416,10,1,2.0600340389038365,6.125917240150898,13.095029409196059,2,2.7780292356991367,2.6111560666968217,9.687997148704653,36.358163139351404
Truck_0,651.02252456038,10,0,0.0,5.151914943171164,10.24293149751395,0,0.0,3.5111985630544496,9.543634193663593,28.449679197403157
Truck_2,645.8198814503771,10,0,0.0,6.07115453768472,17.177697148607535,0,0.0,2.8847001218174455,8.499755539152147,34.63330734726185
Truck_3,666.2712534077858,11,0,0.0,2.407878501082564,14.406916113019633,0,0.0,1.9705548014673013,9.507632507787548,28.292981923357047
Truck_8,670.2623385825822,11,0,1.3375679668989733,5.510311262665823,11.523579291905094,0,0.0,2.928882195193637,11.272339191120409,32.572679907783936
Truck_4,670.5280060266529,11,1,2.432188232404201,5.648470319726357,11.496298761708658,1,1.4577159587536244,3.5792858055691568,8.359745359458088,32.973704437620086
Truck_6,666.0211016930343,11,0,0.0,5.578804856446823,17.017758365744385,0,0.0,2.550995303750824,14.681271319740176,39.82882984568221
Truck_1,666.8050020174376,11,0,0.0,6.155192241619488,17.671407665075094,2,3.8609214073077283,2.8638232192959094,8.879786672300384,39.431131205598604
Truck_5,668.6427192377995,11,0,0.0364126710688879,6.032104679950862,15.225712386847249,0,1.23171124330986,3.3238631124635276,14.380619890115213,40.2304239837556
Truck_9,672.261563877193,11,1,1.9839009504547676,5.009395631167422,12.495472013773679,1,3.391632632225992,2.3740573026790344,14.295452118021444,39.54991064832234
Truck_2,680.453188797639,11,0,0.0,6.12962299561525,13.312928413027635,0,0.0,2.792177395197996,9.500510205196179,31.73523900903706
Truck_7,668.0306858968082,11,0,0.0,6.214778930839543,18.350842177674394,2,4.760039545413633,3.5657323829682355,13.719684986600441,46.61107802349625
Truck_0,679.4722037577832,11,0,0.0,6.13299748011616,17.329976667160963,0,0.0,3.1666660911342888,11.963173130376504,38.592813368787915
Truck_0,0.0,0,0,0.0,5.583266795924606,13.470116394466588,0,0.213679354149793,2.027249653345425,8.43333576949037,29.727647967376782
Truck_2,0.0,0,0,0.0,5.815573595857858,10.254176382172693,0,0.0,3.197312566510437,12.160621611986269,31.427684156527256
Truck_3,0.0,0,0,0.0,5.281901150011384,10.012045358859117,0,0.0,2.428644835385274,14.862484708757336,32.58507605301311
Truck_4,0.0,0,0,2.767548561379432,3.3427417822153633,13.232117014010306,0,1.1476876237167382,2.777315675856986,10.131373873718506,33.39878453089733
Truck_1,0.0,0,0,0.0,2.767548561379432,15.789183000087043,0,0.0,1.9333634198553646,14.214109387672728,34.70420436899457
Truck_8,0.0,0,4,6.110290343594795,2.8963287639209634,14.884745278869973,0,0.0,2.3741761029285158,10.834727911448383,37.10026840076263
Truck_5,0.0,0,1,5.281901150011384,6.230965359052023,13.75342991684414,0,0.0,3.412473093206753,10.053555278922612,38.73232479803691
Truck_9,0.0,0,5,9.006619107515759,4.600800907528869,15.417180316077662,0,0.26770136205324846,3.26623192966278,9.73313821335585,42.29167183619417
Truck_6,0.0,0,2,5.583266795924606,5.34165392154647,15.32873542007144,0,0.011884351771730195,3.026761203861291,14.508973630206278,43.801275323381816
Truck_7,0.0,0,3,5.815573595857858,4.140195143998795,18.947213944130283,0,0.0,2.730739217239787,12.378533839798884,44.012255741025605
Truck_0,29.727647967376782,0,0,0.0,3.8428539260831087,18.029953233161677,0,0.0,3.7508960033551872,8.43280989859226,34.056513061192234
Truck_2,31.427684156527256,0,0,0.0,6.170189481888961,14.506233739646092,0,0.0,2.669954233833259,9.315764796564999,32.66214225193331
Truck_4,33.39878453089733,0,0,0.0,4.841449297025086,10.778404454668681,0,0.0,3.0344463523384064,12.603535886874866,31.25783599090704
Truck_1,34.70420436899457,0,0,0.0,3.5203282791882984,10.568242746431302,0,0.0,2.708552774466291,13.835387503990326,30.632511304076218
Truck_8,37.10026840076263,0,0,0.49760523765358755,4.45422398157713,11.286577489906605,0,1.435386501995616,1.9398998002030652,10.943097654949064,30.556790666285067
Truck_3,32.58507605301311,0,0,0.0,5.495024124926111,16.07114418036778,1,1.200106771669752,3.424542372199433,14.036945821652921,40.227763270816
Truck_7,44.012255741025605,0,0,0.0,5.240300906699723,12.33126392455516,0,0.0,2.321469838628637,9.310832287511296,29.203866957394816
Truck_9,42.29167183619417,0,0,0.0,6.193903945485992,15.040684561112037,0,0.37903006811692563,2.052810032759531,9.163060243556998,32.829488851031485
Truck_5,38.73232479803691,0,0,0.0,4.972541065664778,19.590297173720863,0,0.0,2.8398071215429326,9.299086884283,36.70173224521157
Truck_6,43.801275323381816,0,0,0.0,4.241026845612936,16.09256915112445,0,1.8232291235494529,1.7941525607917157,14.33218905436793,38.283166735446486
Truck_1,65.33671567307078,1,0,0.0,5.989022032609483,12.063539041112023,0,0.0,3.042098453127366,8.659692233497424,29.754351760346296
Truck_8,67.6570590670477,1,0,0.0,5.936816737789869,13.849277893523109,0,0.0,2.8783973016295903,9.685443065679905,32.34993499862247
Truck_4,64.65662052180437,1,0,0.0,4.521270402467863,16.427893733504362,0,0.0,2.328849215012184,12.557980259166456,35.835993610150865
Truck_0,63.78416102856902,1,0,0.0,5.666129944817143,19.158205258882106,0,0.0,2.3513856069025394,10.999215592913018,38.174936403514806
Truck_5,75.43405704324849,1,0,0.0,5.171488957457882,11.335020063503833,0,0.0,3.440507185800925,10.713882629924129,30.66089883668677
Truck_3,72.81283932382911,1,0,0.0,5.378985533990388,15.126698344769764,0,0.0,3.713606130654753,10.933483231647799,35.152773241062704
Truck_7,73.21612269842042,1,0,0.0,5.383051298636204,16.446321803632003,0,0.3355774493224999,2.490400429045849,14.351117216975126,39.00646819761168
Truck_6,82.0844420588283,1,0,0.0,6.091933400542018,10.328264612325484,0,0.0,3.6993123324133848,11.40759373501352,31.527104080294407
Truck_9,75.12116068722565,1,0,0.0,5.67676769904125,19.71098151664451,0,0.0,3.8156334243186336,13.503565704399676,42.70694834440407
Truck_1,95.09106743341708,1,0,0.0,3.254109036514464,10.841410234652244,0,0.0,2.9138418889302073,14.022560287152515,31.03192144724943
Truck_4,100.49261413195524,1,0,0.0,4.762807579730918,13.265620561567857,0,0.0,2.4774365706897754,9.63262916099589,30.13849387298444
Truck_8,100.00699406567017,1,0,0.0,4.982354051149372,15.6589129776128,1,1.4300980398086551,1.960250454050282,11.587147672629555,35.618763195250665
Truck_2,64.08982640846057,1,0,0.0,5.3213574054361175,10.853717115825646,0,1.0019326140791804,3.803880765016231,11.051317078802953,71.7638502793024
Truck_0,101.95909743208382,1,0,0.0,4.114909345183861,12.25446059150751,0,0.0,3.7498917654658044,14.595687064560053,34.71494876671723
Truck_3,107.96561256489181,1,0,0.0,2.9781961720748598,14.941727681140492,0,0.0,2.669140220393814,11.101724184738032,31.690788258347197
Truck_5,106.09495587993526,1,0,0.0,3.266270608772416,19.113605019432924,0,0.0,3.6993839552080203,10.9921535048245,37.07141308823786
Truck_7,112.2225908960321,1,0,0.0,6.190520774736143,13.025266089558443,0,0.0,2.6272242305169584,10.946771866421443,32.78978296123299
Truck_9,117.82810903162972,1,0,0.0,4.5936402836052395,11.636512381491201,0,0.0,3.625406370883212,11.979190249912278,31.83474928589193
Truck_6,113.61154613912271,1,0,0.0,5.772399277321398,19.689976954780064,0,0.0,3.000136471589485,10.595546715071578,39.058059418762525
Truck_1,126.12298888066651,2,0,0.0,4.008959173602037,12.904617853305382,0,0.0,2.100745610964168,14.771763025006209,33.786085662877795
Truck_8,135.62575726092084,2,0,0.0,3.861106928506956,13.136479989305712,0,0.0,2.6246394303587977,9.670312338634432,29.292538686805898
Truck_2,135.85367668776297,2,0,0.0,4.733612042494599,13.534079951272048,0,1.1266149275626844,1.6326841079055043,9.268265199795167,30.295256229030002
Truck_4,130.63110800493968,2,0,0.0,4.608108019609574,17.88872811366653,0,0.0,2.614269349455526,12.867777847901408,37.97888333063304
Truck_3,139.656400823239,2,0,0.0,5.003379309210658,12.212639816833189,0,0.008247767714948395,3.7850945910657856,11.687093234442301,32.69645471926688
Truck_0,136.67404619880105,2,0,0.0,5.706211835934596,13.941952017784928,0,0.0,3.732795107711979,14.29992479390657,37.68088375533807
Truck_7,145.0123738572651,2,0,0.0,5.705647040025838,17.46275611693204,0,0.0,1.7336217340767348,12.58528422096299,37.487309111997604
Truck_5,143.16636896817312,2,0,0.0,5.462330731732607,18.310430462348933,0,0.0,2.480903644017502,14.757188620021935,41.01085345812098
Truck_1,159.9090745435443,2,0,0.0,5.359741906361222,10.779554055309688,0,0.0,1.8678368275504909,8.500057181532014,26.507189970753416
Truck_9,149.66285831752165,2,0,0.0,5.973287519789068,16.936276680252917,0,0.0,3.4358174282814673,11.681211349066444,38.026592977389896
Truck_6,152.66960555788523,2,0,0.0,3.4016847222129627,18.00746092622512,0,0.0,2.814433970503188,12.09309445440934,36.31667407335061
Truck_2,166.14893291679297,2,0,0.0,5.360813794339265,15.400562339270124,0,0.0,3.8002469322623256,8.628004458024776,33.18962752389649
Truck_4,168.60999133557272,2,0,0.0,6.085706984518623,14.391369941720455,0,0.0,2.811331994245137,8.658889419070249,31.947298339554465
Truck_8,164.91829594772673,2,0,0.0,5.360718131702754,14.600803670530865,0,0.0,3.6213950335194056,12.135621968193334,35.71853880394636
Truck_0,174.35492995413912,2,0,0.0,5.477228504291077,11.02117130412259,0,0.0,2.4466180245151463,12.747475032036135,31.692492864964947
Truck_3,172.3528555425059,2,0,0.0,5.807038118410389,17.355916816507317,0,0.0,3.730303000048764,14.177932595720534,41.071190530687005
Truck_5,184.1772224262941,3,0,0.0,3.0755780107391786,11.205151970550986,0,0.0,3.781984856034512,14.58773386099486,32.650448698319536
Truck_7,182.4996829692627,3,0,0.0,3.6958692929844403,17.72028028176402,0,0.0,3.4168020908221592,12.790384762249175,37.623336427819794
Truck_6,188.98627963123585,3,0,0.0,4.9960266807877645,14.608267045788068,0,0.0,2.2303194591850684,12.006411410593756,33.84102459635466
Truck_1,186.41626451429772,3,0,0.0,5.704509071960814,17.842078354799384,0,0.8580408759388263,2.900332699050381,10.499425940767338,37.80438694251674
Truck_9,187.68945129491155,3,0,0.0,5.660156774168257,14.587900469611526,0,0.0,2.9361053584447063,14.256614054344936,37.440776656569426
Truck_2,199.33856044068946,3,0,0.0,5.220687880179696,12.475012963520982,0,0.0,1.524113803861809,12.581236889088927,31.801051536651414
Truck_4,200.55728967512718,3,0,0.0,4.90963575421992,13.496352523534028,0,0.0,3.0239485606210224,12.033076856710949,33.46301369508592
Truck_8,200.6368347516731,3,0,0.0,6.218561226079714,17.475753604227833,0,0.0,2.0717734922655495,10.024242984143768,35.790331306716865
Truck_0,206.04742281910407,3,0,0.0,4.879184924160171,15.134141900079328,0,0.0,2.3703351947739577,8.73026386957082,31.113925888584276
Truck_7,220.1230193970825,3,0,0.0,6.006277825913656,10.247597505125412,0,0.21214483572563836,1.7161496305198511,8.89482607778774,27.0769958750723
Truck_5,216.82767112461363,3,0,0.0,6.0944452258289346,11.910223439832777,0,0.0,1.756699773571853,13.976432713323362,33.737801152556926
Truck_3,213.4240460731929,3,0,0.0,5.241348974465495,15.229957797039248,0,0.0,2.88067954352195,14.701528252062616,38.05351456708931
Truck_9,225.13022795148098,3,0,0.0,3.8561795614177186,10.929979153653193,0,0.0,3.696262287185391,12.110251445872166,30.592672448128468
Truck_6,222.8273042275905,3,0,0.0,4.5234309616048165,18.608977706754303,0,0.0,3.103873465116635,10.045085912686716,36.28136804616247
Truck_1,224.22065145681447,3,0,0.0,5.371837057555041,15.912871157480566,0,0.0,3.7226066945293326,13.410511761357895,38.417826670922835
Truck_2,231.13961197734088,3,0,0.0,6.001798350343023,14.514317896450422,0,0.0,3.6124275877161836,9.866031183149147,33.994575017658775
Truck_0,237.16134870768835,3,0,0.0,4.76383641805603,18.4385140517347,0,0.0,3.0641126339053812,10.12268041959129,36.3891435232874
Truck_8,236.42716605838996,3,0,0.0,4.91591885792235,19.71266885635896,0,0.5064391948217803,3.659261046441088,8.654522770038398,37.448810725582575
Truck_4,234.0203033702131,3,0,0.0,4.465466508409662,19.880367369089072,0,0.0,3.1960557197812136,14.3493304214918,41.89122001877175
Truck_7,247.2000152721548,4,0,0.0,3.682000630020042,12.814350481273493,0,0.0,3.1149133630763117,11.470577123525516,31.081841597895362
Truck_5,250.56547227717056,4,0,0.0,3.143658719406801,14.99173613140647,0,0.0,3.1498701523140085,8.331603117878444,29.616868121005723
Truck_6,259.108672273753,4,0,0.0,2.553446357132543,12.539917550967687,0,0.0,1.5250277294950934,10.724824452240796,27.34321608983612
Truck_9,255.72290039960944,4,0,0.0,5.1218141655930935,10.097949997701392,0,0.0,2.7991287748216678,13.399146361383487,31.41803929949964
Truck_3,251.4775606402822,4,0,0.0,3.6435142792284125,17.389802966475003,0,0.0,2.7344833807210875,13.43177498182962,37.19957560825412
Truck_2,265.13418699499965,4,0,0.0,5.642704669180262,15.71903231997652,0,0.0,3.2251891266551524,8.551850994537801,33.138777110349736
Truck_1,262.6384781277373,4,0,0.0,5.923551279747926,16.97593937067586,0,0.0,3.6691637519245432,12.758502871879614,39.32715727422794
Truck_0,273.55049223097575,4,0,0.0,3.821616620268969,13.401800345640083,0,0.0,2.6879675099693827,13.330005547872531,33.24139002375097
Truck_8,273.87597678397253,4,0,0.0,4.385989424526372,16.354742808588924,0,0.0,2.0842879018957774,10.623750293029502,33.448770428040575
Truck_7,278.28185687005015,4,0,0.0,4.762733847366064,13.820661795547664,0,0.0,3.3977722928970593,9.50568216006468,31.486850095875468
Truck_4,275.91152338898485,4,0,0.0,2.3162834301371618,18.524465037432265,0,0.0,3.022507326448533,14.145582790873675,38.008838584891635
Truck_9,287.1409396991091,4,0,0.0,5.668325962815402,11.33418625328568,0,0.0,2.929296489006788,8.938455664774494,28.870264369882364
Truck_3,288.6771362485363,4,0,0.0,5.946070339303844,12.62078165872424,0,0.0,3.0246423887962806,8.602161487614467,30.193655874438832
Truck_5,280.1823403981763,4,0,0.0,4.501762216404131,18.99626773833984,0,0.0,2.210413438842636,14.181383402248684,39.88982679583529
Truck_6,286.4518883635891,4,0,0.0,6.123191648138516,16.075113206313233,0,0.0,2.1161394093265358,9.945969474460014,34.2604137382383
Truck_2,298.2729641053494,4,0,0.0,5.754331690867275,14.359682558022257,0,0.0,1.7757886214266136,13.317581590708983,35.20738446102513
Truck_1,301.96563540196524,5,0,0.0,3.3407378625776687,15.256726885055116,0,0.0,1.7079803073277162,12.254253958954223,32.559699013914724
Truck_8,307.3247472120131,5,0,0.0,6.126850375203787,11.430009278551665,0,0.0,2.722542951670846,13.721772450180708,34.00117505560701
Truck_0,306.7918822547267,5,0,0.0,5.991952785902527,18.33678976692852,0,0.0,3.5169621768441743,8.168033068189231,36.01373779786445
Truck_7,309.7687069659256,5,0,0.0,4.839417412317005,12.472421971669405,0,0.0,2.9498357551674417,13.009327711630988,33.27100285078484
Truck_5,320.07216719401157,5,0,0.0,5.204343221919373,11.473590438830797,0,0.0,3.087351738066502,8.855639741744085,28.620925140560757
Truck_9,316.01120406899145,5,0,0.0,4.043671429912877,15.156631753954514,0,0.0,3.4332090028069615,13.816985888908619,36.45049807558297
Truck_6,320.7123021018274,5,0,0.0,4.3080459072584745,13.158246623347395,0,0.4661216232325387,3.495565643148268,11.982362455663406,33.41034225265008
Truck_3,318.87079212297516,5,0,0.0,4.543578046536197,19.60811239964994,0,0.0,2.1751888193982722,11.986170654733485,38.313049920317894
Truck_4,313.9203619738765,5,0,0.0,5.102947538901503,19.186129195794933,1,1.6280138842553242,3.7367038259986316,14.604009958688096,44.25780440363849
Truck_2,333.4803485663745,5,0,0.0,4.317280121432134,12.669610821256185,0,0.0,3.5646785623083588,8.975702867249026,29.527272372245704
Truck_1,334.52533441587997,5,0,0.0,2.858868552461047,18.250767403320424,0,0.0,3.6429724403208184,8.899310141108685,33.651918537210975
Truck_7,343.03970981671046,5,0,0.0,4.759768907853811,10.101054987526709,0,0.0,2.0134556870902998,10.261047624693617,27.135327207164437
Truck_8,341.3259222676201,5,0,0.0,5.4804159849875305,12.447699973386818,0,0.023904585987793325,2.1726326623183354,9.775881563826601,29.90053477050708
Truck_0,342.80562005259117,5,0,0.0,6.057072477745521,15.162328403887727,0,0.0,3.3545326423150073,12.470046572625847,37.0439800965741
Truck_5,348.6930923345723,5,0,0.0,5.1614773339366025,14.763656124732677,0,0.0,2.9074257768619987,10.554135877813223,33.3866951133445
Truck_9,352.4617021445744,5,0,0.0,5.537780148090121,10.753443898038313,0,0.0,3.163406265149092,10.918163591818484,30.37279390309601
Truck_6,354.1226443544775,5,0,0.0,4.669616228655968,16.05225070036863,0,0.0,2.0917258274829464,8.364097984251657,31.177690740759203
Truck_3,357.18384204329305,5,0,0.0,4.210794606009131,13.156959165009368,0,0.0,3.3845143552567833,12.112496742960218,32.8647648692355
Truck_4,358.17816637751497,5,0,0.0,5.8115466773257936,14.995850856639663,0,0.0,2.944252761038399,10.386085166517319,34.137735461521174
Truck_1,368.17725295309094,6,0,0.0,4.964275336628305,13.241631043086727,0,0.0,2.2343986863522787,11.463388751381444,31.903693817448755
Truck_2,363.0076209386202,6,0,0.0,3.717870369694708,19.85907305868892,0,0.0,2.7786291561945973,13.176501001893087,39.53207358647131
Truck_8,371.2264570381272,6,0,0.0,6.143131707307646,14.810097153512402,0,0.0,1.8243553954158642,10.926445995973722,33.704030252209634
Truck_5,382.07978744791683,6,0,0.0,4.051037882009837,10.303898370698391,0,0.0,2.1293100911898364,10.956127990521509,27.440374334419573
Truck_7,370.1750370238749,6,0,0.0,5.871065879836294,19.032773284448012,0,0.0,2.862204244831787,11.919003752841206,39.6850471619573
Truck_0,379.84960014916527,6,0,0.0,5.378609407040642,16.416954690297814,0,0.0,2.8851392048779303,11.147131448274138,35.827834750490524
Truck_9,382.8344960476704,6,0,0.0,5.206528500341108,16.516989373453725,0,0.0,3.791329776897726,8.328942775589269,33.84379042628183
Truck_3,390.04860691252856,6,0,0.0,3.9931847690442055,12.248438020376568,0,0.0,2.899962523498857,11.516402545126084,30.657987858045715
Truck_6,385.3003350952367,6,0,0.0,5.601385847599886,17.16799915397587,0,0.2796236015505542,2.9807394860529257,10.65328518483659,36.68303327401583
Truck_4,392.31590183903614,6,0,0.0,4.791706934221679,15.966006142092226,0,0.0,3.4557989256992414,9.082821537139239,33.296333539152386
Truck_2,402.53969452509153,6,0,0.0,4.6561236353431354,11.13043062362874,0,0.0,2.8050421546937514,12.219546394239444,30.81114280790507
Truck_1,400.0809467705397,6,0,0.0,4.585047344128839,13.648611174141479,0,0.0,3.763966499684898,13.377689986169685,35.3753150041249
Truck_7,409.8600841858322,6,0,0.0,4.13186855142726,11.343391440976518,0,0.0,2.96268802795953,12.876249677136457,31.314197697499765
Truck_5,409.5201617823364,6,0,0.0,5.575199270337748,10.226082073169607,0,0.0,2.40028275421065,13.71230227234929,31.913866370067296
Truck_8,404.9304872903368,6,0,0.0,5.519216760996699,17.38930051934898,0,0.0,1.9332737434415321,14.017958607384571,38.85974963117178
Truck_0,415.6774348996558,6,0,0.0,5.680239681722696,15.532495264250144,0,0.0,3.569758240304509,8.678881550645883,33.46137473692323
Truck_9,416.67828647395226,6,0,0.0,5.637682241372829,10.262544325073122,0,0.0,2.3207181925037617,14.266656894325195,32.48760165327491
Truck_3,420.70659477057427,7,0,0.0,4.09483264894709,13.161690469665984,0,0.0,2.0650671657056705,14.111454405717723,33.43304469003647
Truck_6,421.9833683692525,7,0,0.0,5.536003382765955,15.254013351110473,0,0.0,2.8266943892570566,9.28160619773007,32.898317320863555
Truck_4,425.61223537818853,7,0,0.0,6.1343134869220535,13.562556010599678,0,0.0,3.0695234633614064,12.931716082498838,35.698109043381976
Truck_1,435.4562617746646,7,0,0.0,3.034196437012156,16.390007427259945,0,0.0,3.316419929794108,12.401430588304777,35.142054382370986
Truck_5,441.4340281524037,7,0,0.0,5.914983010174694,15.66080603621981,0,0.0,2.279093879490347,8.109560072918782,31.964442998803634
Truck_2,433.3508373329966,7,0,0.0,5.8936506310746495,16.003184002741932,0,0.0,3.8212487487927547,14.496985516007953,40.21506889861729
Truck_7,441.17428188333196,7,0,0.0,6.15931020887848,12.845213620412721,0,0.0,2.7134396513857837,11.1927571625028,32.910720643179786
Truck_9,449.16588812722716,7,0,0.0,4.95410085201047,11.392015334893983,0,0.0,2.1595957105970456,11.941071030231114,30.446782927732613
Truck_0,449.138809636579,7,0,0.0,6.045297101932704,11.734277096147707,0,0.0,1.5846363407500803,11.134068194466181,30.498278733296672
Truck_8,443.7902369215086,7,0,0.0,6.129758460423318,18.23603876742959,0,0.0,3.189117266175458,9.181398375832089,36.736312869860456
Truck_6,454.88168569011606,7,0,0.0,5.916671645993858,14.713100407652178,0,0.0,3.6341551777350674,8.21325929868641,32.47718653006751
Truck_3,454.13963946061074,7,0,0.0,5.592667698921787,15.611861523070559,0,0.0,2.9132203162193946,14.1450680199099,38.26281755812164
Truck_4,461.3103444215705,7,0,0.0,5.709786536310389,13.08418659595793,0,0.0,2.995975015733052,13.978954331884609,35.76890247988598
Truck_1,470.5983161570356,7,0,0.0,5.756260889021178,11.039004366748259,0,0.0,3.771425461230649,12.90469683861295,33.471387555613035
Truck_2,473.5659062316139,7,0,0.0,4.989954446962031,11.574027786607473,0,0.0,1.442211898682956,14.808786969867413,32.81498110211987
Truck_7,474.08500252651174,7,0,0.0,4.038082298325207,17.89223920138437,0,0.0,2.867540456706024,11.171613921698793,35.969475878114395
Truck_9,479.6126710549598,7,0,0.0,6.089240745156246,13.25696715875739,0,0.34212296942763487,2.1513526861106698,9.019493256096439,30.85917681554838
Truck_0,479.6370883698757,7,0,0.0,4.616248898987237,14.464659931179654,0,0.1648672828847566,3.384627162272693,10.084097758242706,32.714501033567046
Truck_5,473.39847115120733,7,0,0.0,5.107124107634263,18.670868853164393,0,0.0,2.12453781629506,14.140452599439982,40.0429833765337
Truck_8,480.52654979136906,8,0,0.0,5.609693612478225,16.069227573149476,0,0.0,3.470803167540396,12.108495582990827,37.25821993615892
Truck_3,492.4024570187324,8,0,0.0,4.246488724547078,15.975097689481572,0,0.0,3.606392618978134,11.658876993173863,35.48685602618065
Truck_4,497.0792469014565,8,0,0.0,3.9846869599128354,19.199769243001413,0,0.0,3.3898864635788186,14.091602335774041,40.66594500226711
Truck_1,504.0697037126486,8,0,0.0,3.2748772399162362,19.248349000003657,0,0.0,2.896054530541278,9.219476896193214,34.638757666654385
Truck_9,510.47184787050816,8,0,0.0,5.733279198163984,14.864746097881266,0,0.0,2.0773128939486014,11.075647341226613,33.750985531220465
Truck_2,506.38088733373377,8,0,0.0,5.334033512087387,17.224009630257626,0,0.550054007031008,3.4919977365259456,11.804915176537293,38.40501006243926
Truck_0,512.3515894034427,8,0,0.0,5.456357839355064,10.403869918125224,0,0.0,2.7197577505857,14.946952254781763,33.52693776284775
Truck_5,513.441454527741,8,0,0.0,3.6627189500355826,15.707610899005545,1,0.33540168371985146,1.9030610624628252,12.947798688117018,34.55659128334082
Truck_7,510.05447840462614,8,0,0.0,4.828152620346714,17.448159855903214,0,0.6501913387596687,3.1274430132438056,14.1359589056309,40.1899057338843
Truck_8,517.784769727528,8,0,0.0,4.071344465388165,11.674986846065053,0,1.5191460839836282,3.438553281999816,12.276432248702463,32.980462926139126
Truck_3,527.889313044913,8,0,0.0,4.822154792218726,15.653786477835297,0,0.0,2.7454842411583513,9.18771910808141,32.409144619293784
Truck_4,537.7451919037236,8,0,0.0,3.7033699800668956,18.49057387761775,0,0.0,1.36572900436488,10.013045598893655,33.57271846094318
Truck_2,544.785897396173,9,0,0.0,2.5211036412672456,10.014389386764265,0,0.0,1.8663389824664591,13.365419364697004,27.767251375194974
Truck_1,538.708461379303,8,0,0.0,4.403792585818223,16.034787822004773,0,0.0,3.0010818168344713,13.85091323859831,37.29057546325578
Truck_0,545.8785271662905,9,0,0.0,5.948099013062688,12.37046936139518,0,0.0,3.2512279750164907,10.64481713729549,32.21461348676985
Truck_8,550.7652326536671,9,0,0.0,3.4765388614795256,12.28423458038867,0,0.0,2.109331558379381,12.237183309388115,30.107288309635692
Truck_9,544.2228334017286,9,0,0.0,5.998820691003289,17.61354007416344,0,0.8001434870193407,3.1557493029851003,12.457330277719734,40.0255838328909
Truck_7,550.2443841385104,9,0,0.0,6.138735186996428,16.318701747963132,0,0.0,3.4140850695852123,8.325522789352249,34.19704479389702
Truck_5,547.9980458110819,9,0,0.0,2.8651957445463268,16.371433926061627,0,0.2136480340750495,2.3829359159558408,14.649594333921186,36.48280795456003
Truck_6,487.35887222018357,8,0,0.0,4.875977596323196,14.333854133905675,0,0.0,1.5656683861994907,13.615471717223045,106.74296700675802
Truck_3,560.2984576642068,9,0,0.0,5.137430082705009,17.53698804968417,0,0.0,2.6921228274850364,12.167457440183057,37.53399840005727
Truck_4,571.3179103646668,9,0,0.0,5.060589939870283,16.82700087469459,0,0.0,3.640378001757881,8.36686243786869,33.894831254191445
Truck_2,572.553148771368,9,0,0.0,4.5405354498414,12.471923625874183,0,0.0,2.934035247841848,14.045244476187236,33.99173879974467
Truck_7,584.4414289324075,9,0,0.0,5.498733724662543,10.923862532200246,0,0.0,3.5592027863913245,10.479930473261902,30.461729516516016
Truck_1,575.9990368425588,9,0,0.0,5.022182573585724,19.953890392423773,0,2.8802432247007346,3.269896329473113,9.055356378980264,40.18156889916361
Truck_8,580.8725209633028,9,0,0.0,2.4465895062984373,17.345622277869325,0,0.0,3.1906202857984454,13.535465561265369,36.518297631231576
Truck_0,578.0931406530603,9,0,0.0,4.6885096443639895,18.953303774911433,1,2.6882739033258076,2.17414633325825,10.87949984165573,39.38373349751521
Truck_5,584.4808537656419,9,0,0.0,4.018504074220459,19.51526377533787,0,0.0,2.194168290360949,9.783163225185945,35.511099365105224
Truck_9,584.2484172346195,9,0,0.0,4.23998380997898,14.707245574552076,2,3.4017276897692454,3.174267162939941,12.15603141098768,37.67925564822792
Truck_6,594.1018392269416,9,0,0.0,4.151855482661858,17.52510724178626,0,0.0,2.6105278587428984,10.522730178456527,34.81022076164754
Truck_3,597.8324560642641,9,0,0.0,5.835113769430336,15.948383061764275,0,0.0,1.9544931209086371,12.699181168185987,36.437171120289236
Truck_4,605.2127416188582,10,0,0.0,4.897452331429008,12.721357506140748,0,0.0,1.616435429346211,11.42136984436911,30.656615111285078
Truck_2,606.5448875711127,10,0,0.0,3.967934803300068,14.884585819348217,0,0.0,3.441194523500485,12.749429124156677,35.04314427030545
Truck_5,619.9919531307471,10,0,0.0,5.9537526274784796,11.01501368543643,0,0.0,3.6437853218208147,10.053326468728983,30.665878103464706
Truck_8,617.3908185945344,10,0,0.0,6.066677515958986,15.856416750257154,0,1.2905919047323096,3.000122021901234,8.185952109668847,34.39976030251853
Truck_7,614.9031584489235,10,0,0.0,3.655829986501317,19.536548318317045,0,0.0,3.0770544653256593,12.519209289277796,38.78864205942182
Truck_9,621.9276728828474,10,0,0.0,5.114529679924999,17.602715682417625,0,0.0,3.0180698970873436,8.176638538845964,33.91195379827593
Truck_1,616.1806057417224,10,0,0.0,5.854676607109809,18.17282813285351,1,0.9644807373817912,3.264379449679609,14.548594942594832,42.80495986961955
Truck_0,617.4768741505756,10,0,0.0,3.898193035531449,19.513892567701077,1,2.7156670335759827,3.686846524128555,12.105650400815648,41.92024956175271
Truck_6,628.9120599885891,10,0,0.0,6.186101809678462,18.542095236918158,0,0.0,2.981081091265878,9.97919156357159,37.68846970143409
Truck_3,634.2696271845533,10,0,0.0,4.920093801540133,18.622475732324915,0,0.0,3.0813574384997082,11.45033485234535,38.074261824710106
Truck_4,635.8693567301433,10,0,0.0,5.779275547382554,18.732307037766077,0,0.0,3.2431255563913055,12.569256003372857,40.32396414491279
Truck_7,653.6918005083453,10,0,0.0,3.164358795735666,11.046180478416545,0,0.0,1.4066201578308437,10.218349687282512,25.835509119265566
Truck_2,641.5880318414181,10,0,0.0,3.424286464791976,18.85392661392143,0,0.0,2.7179550728966433,13.871244999553483,38.86741315116353
Truck_8,651.7905788970529,10,0,0.0,5.561492746845261,15.774249825210518,0,0.0,2.2968523601114157,14.709528145312788,38.34212307747998
Truck_9,655.8396266811234,10,0,0.0,5.669316693580868,12.7793192266613,0,0.0,3.669731148094229,12.915907152795398,35.034274221131795
Truck_5,650.6578312342118,10,0,0.0,4.883852772024284,19.139366670422305,0,0.7421231525617031,2.859451318104334,14.804279802128576,42.4290737152412
Truck_0,659.3971237123283,10,0,0.0,4.865361623991134,16.30182297399142,0,0.0,1.6677292929070973,11.412385749283544,34.247299640173196
Truck_1,658.9855656113419,10,0,0.0,4.496538308059144,17.516509776420776,0,0.0,1.5995111351807054,12.177848432954534,35.79040765261516
Truck_6,666.6005296900232,11,0,0.0,5.870500568783427,17.416431388292267,0,0.0,3.3652900746296837,8.200095220150047,34.852317251855425
Truck_3,672.3438890092634,11,0,0.0,4.322305680398358,13.709637298203916,0,0.0,3.3213603647378704,8.250912726101774,29.604216069441918
Truck_7,679.5273096276109,11,0,0.0,6.006061767214646,17.170642006446656,0,0.0,1.8282584740462653,8.331643188420685,33.33660543612825
Truck_2,680.4554449925816,11,0,0.0,3.461838593187622,19.450084998412763,0,1.1649032911363975,3.80678686401734,8.569340177018148,36.45295392377227
Truck_4,676.1933208750561,11,0,0.0,5.718831943286091,19.902274391887204,0,0.0,3.7418784867545583,12.816078662011364,42.17906348393922
Truck_1,0.0,0,0,0.0,4.617193919502617,11.00757112341848,0,0.0,3.3775805907528476,10.219427581150587,29.22177321482453
Truck_2,0.0,0,0,0.0,5.817464066271663,11.067186828610728,0,0.0,2.8444954937478144,12.095360987040984,31.82450737567119
Truck_3,0.0,0,0,0.0,5.715704842452189,11.214927385269343,0,2.071713405952412,3.5527677064305756,11.833854925970272,34.38896826607479
Truck_0,0.0,0,0,0.0,6.107948516237933,13.540705179631086,0,0.08049269276118665,2.867297938439421,13.930090044345881,36.52653437141551
Truck_4,0.0,0,0,4.617193919502617,4.6781787811747915,16.59885720823125,0,0.0,1.369350194077331,9.761475742361753,37.025055845347744
Truck_5,0.0,0,1,5.715704842452189,3.0148653255503053,11.635124888829345,0,2.18941828327268,2.902200948042278,14.454923505299476,39.91223779344627
Truck_7,0.0,0,3,6.107948516237933,6.093143893320034,15.349831834757806,0,0.0,3.6214945389336926,12.172231499084635,43.3446502823341
Truck_6,0.0,0,2,5.817464066271663,5.068996613959635,16.572518013671434,0,0.0,3.1750466462819595,14.118211304662324,44.75223664484702
Truck_8,0.0,0,4,8.730570168002494,4.737487026525464,18.06449428010943,0,0.0,3.3367026740208843,10.861997382299208,45.73125153095748
Truck_9,0.0,0,5,9.295372700677408,5.82764771440219,16.25252326362357,0,0.0,3.539724600566622,12.890738039452678,47.80600631872247
Truck_1,29.22177321482453,0,0,0.0,5.416854529248397,13.41842458482855,0,0.0,3.0612664807637415,11.322632083591692,33.21917767843238
Truck_0,36.52653437141551,0,0,0.0,3.7747246142940583,16.11420592178851,0,0.0,2.570554428813125,10.071395145480423,32.53088011037612
Truck_2,31.82450737567119,0,0,0.0,3.5590647688809867,18.504625522473567,0,0.0,1.6685548807588049,13.511866233628758,37.24411140574212
Truck_4,37.025055845347744,0,0,0.0,6.149260958608927,11.441051567559882,0,0.0,1.6438871146206253,14.23230076821595,33.466500409005384
Truck_3,34.38896826607479,0,0,0.0,4.680711417382405,18.92762274728983,0,0.0,3.495255914802698,12.072040639002537,39.17563071847747
Truck_7,43.3446502823341,0,0,0.0,6.1406002488367974,11.31139921800898,0,0.0,3.677717609364592,9.401538719654098,30.531255795864467
Truck_9,47.80600631872247,0,0,0.0,6.125176001797861,10.624103875534693,0,0.0,3.5899641106009454,11.989290761566778,32.32853474950028
Truck_5,39.91223779344627,0,0,0.0,3.9624761915498183,19.39076288169924,0,0.0,3.8167054322203384,14.461169468019321,41.631113973488716
Truck_8,45.73125153095748,0,0,0.0,3.5753199952322277,17.859517427265537,0,0.0,3.4313241224697038,12.627783390965192,37.49394493593266
Truck_6,44.75223664484702,0,0,0.0,5.984378591256956,17.46837589653181,0,0.0,2.160068614630802,13.281485646733472,38.89430874915304
Truck_1,62.44095089325691,1,0,0.0,4.129140799884283,11.965992226823445,0,0.0,3.7874600522344934,11.458705173667624,31.341298252609846
Truck_0,69.05741448179162,1,0,0.0,4.989292100478934,10.74232306233867,0,0.0,2.6186956135298516,13.657412004076676,32.00772278042413
Truck_2,69.0686187814133,1,0,0.0,5.509314209414043,12.488538085221009,0,0.0,3.0681052759206153,13.919084124590015,34.98504169514568
Truck_4,70.49155625435313,1,0,0.0,5.848628788002003,18.578225499852607,0,0.0,2.4637848853406865,11.61552506463812,38.50616423783342
Truck_3,73.56459898455226,1,0,0.0,5.860003951607183,18.60594198342453,0,0.0,2.6061324036200517,8.415015183697719,35.48709352234948
Truck_6,83.64654539400006,1,0,0.0,3.697527607236111,14.520525555657372,0,2.0368451056516506,2.210385526787519,8.59492876885011,31.060212564182763
Truck_8,83.22519646689014,1,0,0.0,5.293122014888695,11.580785465258899,1,0.7541177549308742,3.0482219605765835,11.202721511039385,31.878968706694437
Truck_7,73.87590607819857,1,0,0.1708005040719911,5.377916759727128,17.747888025284453,0,0.0,3.6807103346864665,14.436289949094217,41.413605572864256
Truck_9,80.13454106822275,1,0,0.0,5.78624761370358,13.34440262370562,0,1.3714860175720816,3.427027635715902,12.035384557639759,35.96454844833694
Truck_5,81.54335176693499,1,0,0.0,3.744835654277338,16.9528982786111,1,1.8226192590964985,1.560811665248778,14.21139984113124,38.292564698364956
Truck_1,93.78224914586676,1,0,0.0,5.434661473446468,12.378393617861192,0,0.0,2.311849740597836,8.879378650869171,29.004283482774667
Truck_0,101.06513726221576,1,0,0.0,5.427624631893295,19.054543371558893,0,0.0,2.4757439153277687,10.97909591123414,37.937007830014096
Truck_2,104.05366047655899,1,0,0.0,6.188353653400682,15.770689388612254,0,0.9899534504649381,3.3786116257520433,9.195825587973673,35.52343370620359
Truck_4,108.99772049218655,1,0,0.0,3.480318176389517,11.421660312744294,0,0.0,3.1029579877165077,12.888514052590281,30.8934505294406
Truck_6,114.70675795818282,1,0,0.0,3.9364305499880032,12.39270609097801,0,0.0,2.6623160342508356,11.00228027255045,29.9937329477673
Truck_9,116.09908951655969,1,0,0.0,3.8603584319525908,15.759679566426641,0,0.0,3.010978088532994,10.126551720744402,32.75756780765663
Truck_8,115.10416517358458,1,0,0.0,5.012996409021071,15.241117426149614,0,0.0,3.817200082560646,10.25870961783994,34.33002353557127
Truck_7,115.28951165106282,1,0,0.0,4.80895865297822,16.511706669551458,0,2.1199286298794107,3.2967542016507707,10.806834679342359,37.54418283340222
Truck_1,122.78653262864142,2,0,0.0,5.4110112678807525,10.024603632161899,1,0.9533315626318313,2.961180564607332,10.773802438152785,30.1239294654346
Truck_5,119.83591646529995,1,0,0.0,4.798603411045775,15.9339393371598,0,1.4584005916171634,3.6499272290613476,9.55666254841114,35.397533117295225
Truck_0,139.00214509222985,2,0,0.0,3.769441287798003,14.16633796544906,0,0.0,3.4136582865169487,12.833344551686764,34.182782091450775
Truck_4,139.89117102162714,2,0,0.0,5.539206718983877,12.615988809322488,0,0.0,3.542118118115411,13.248368792351243,34.94568243877302
Truck_2,139.57709418276258,2,0,0.0,5.820755008227536,15.746614009010727,0,0.0,3.2459158952809446,14.137701719762532,38.95098663228174
Truck_9,148.85665732421631,2,0,0.0,6.112292581528919,13.59271953298628,0,0.0,2.640607127522628,9.595343431530836,31.940962673568663
Truck_7,152.83369448446504,2,0,0.0,5.3481748707005465,10.767713344938613,0,0.0,2.6356381292463027,11.761643237096393,30.513169581981856
Truck_8,149.43418870915585,2,0,0.0,4.5822708027187105,17.732749410916625,0,0.0,2.1586118831105807,12.296437887043226,36.77006998378914
Truck_5,155.23344958259517,2,0,0.0,4.899062675742641,13.954580071306822,0,0.0,3.4713115861210895,10.442838985025901,32.76779331819645
Truck_1,152.91046209407602,2,0,0.0,4.889066261705523,17.63330260224825,0,0.0,3.6039777943975935,9.540828940247906,35.66717559859927
Truck_3,109.05169250690174,1,0,0.0,5.054953926431779,12.208810016398559,0,0.0,3.404637116633779,10.70543865594675,96.74122129147456
Truck_4,174.83685346040016,2,0,0.0,4.9462616721513655,13.162485917604585,0,0.0,2.155878660375464,11.379075765024055,31.64370201515547
Truck_0,173.18492718368063,2,0,0.0,5.274738223096108,17.281389696719856,0,0.0,2.7251008913942485,10.802025404848735,36.08325421605895
Truck_2,178.52808081504432,2,0,0.0,3.6978050562976534,16.08908059112275,0,0.0,1.8703576234622403,12.111170876327293,33.76841414720994
Truck_7,183.3468640664469,3,0,0.0,6.184945529278082,12.164533096144368,0,0.0,3.5246329992578467,8.705034967771951,30.579146592452247
Truck_9,180.79761999778498,3,0,0.0,5.407320834943533,15.046295381992508,0,0.0,3.617698145138178,13.514569263238883,37.5858836253131
Truck_8,186.204258692945,3,0,0.0,5.598740912137345,14.885811906859885,0,0.0,2.655418821162044,9.631352944062371,32.771324584221645
Truck_5,188.00124290079162,3,0,0.0,4.803315592056521,13.684602701255386,0,0.0,3.3669073027491265,9.910774525298422,31.765600121359455
Truck_1,188.5776376926753,3,0,0.0,5.605267459264155,14.211331859223293,0,0.9499933219415198,2.1642185470597894,9.043313392762599,31.974124580251356
Truck_3,205.7929137983763,3,0,0.0,5.713977539239323,10.752897164552735,0,0.0,2.9746686274799856,11.612256304085605,31.05379963535765
Truck_0,209.26818139973957,3,0,0.0,2.509073290602828,12.799829560319637,0,0.0,2.2198970250582306,13.38928297850174,30.918082854482435
Truck_4,206.48055547555563,3,0,0.0,4.513425385205267,14.824712459650186,0,0.0,2.8830969477138524,13.313793706079394,35.5350284986487
Truck_2,212.29649496225426,3,0,0.0,5.732751582795828,15.517177075220218,0,0.0,3.1277037710844127,8.30472064952869,32.68235307862915
Truck_6,144.70049090595012,2,0,0.0,4.878335080077306,13.159211249622047,0,0.0,3.4004811679936324,9.785237835354991,102.27766093336854
Truck_7,213.92601065889914,3,0,0.0,5.805542061141722,19.34319374497187,0,0.0,1.762923456295681,8.209854121262282,35.121513383671555
Truck_5,219.76684302215108,3,0,0.0,5.764125593080365,11.740284751956608,0,0.0,3.7207243999140758,14.442737259764499,35.66787200471555
Truck_9,218.38350362309808,3,0,0.0,4.195223959413255,19.959347464642548,0,0.0,3.623627843827677,10.614581304765949,38.39278057264943
Truck_1,220.55176227292665,3,0,0.08145931342133395,3.329715237557963,19.277713906299283,0,0.9803643648428704,2.4957217451624842,10.079242639243859,36.24421720652779
Truck_8,218.97558327716663,3,0,0.0,3.5160689430817342,18.7504005504326,0,0.0,2.9789623243671315,13.064469648742858,38.309901466624325
Truck_3,236.84671343373395,3,0,0.0,6.036086957678378,15.399983346669842,0,0.0,2.150763119144983,12.699496168649716,36.28632959214292
Truck_0,240.186264254222,4,0,0.0,3.289481207476939,19.42899189119575,0,0.0,2.469737619920977,9.086645476351123,34.27485619494479
Truck_4,242.01558397420433,4,0,0.0,3.910611981164948,18.834086307558607,0,0.0,2.120554317237179,10.380125372911778,35.24537797887251
Truck_7,249.0475240425707,4,0,0.0,3.7311626045623996,14.065448341271065,0,0.036701591760902375,2.0283311274093876,10.782261205946043,30.643904870949797
Truck_6,246.97815183931866,4,0,0.0,4.366441998944055,15.241026892020102,0,0.0,3.7324190342014845,13.288031984608551,36.62791990977419
Truck_1,256.79597947945445,4,0,0.0,2.2982599704396307,13.36828866099978,0,1.5727030456674242,2.7714954766380515,9.414646059978054,29.42539321372294
Truck_9,256.7762841957475,4,0,0.0,5.606581068383889,11.22096010708384,1,1.0299704620573493,3.675474453530228,8.211774827753686,29.744760918808993
Truck_5,255.43471502686663,4,0,0.0,3.3326360036045344,12.98973891912948,0,0.0,2.8767058836719457,12.174411491736066,31.373492298142025
Truck_2,244.9788480408834,4,0,0.0,5.936781741526431,19.89674228511211,0,0.0,3.222859089039332,13.748910723690187,42.80529383936806
Truck_8,257.28548474379096,4,0,0.0,6.223347446911191,13.770098764282807,0,0.0,3.6845534156379927,9.78699965853599,33.46499928536798
Truck_3,273.1330430258769,4,0,0.0,4.527449860174272,13.79041599763059,0,0.0,3.241452992855784,11.78283454578883,33.342153396449476
Truck_0,274.4611204491668,4,0,0.0,4.835723832922383,19.035859720467272,0,0.0,3.332626424407806,10.429710024821816,37.63392000261928
Truck_5,286.80820732500865,4,0,0.0,5.037938184161874,10.095861242622277,0,0.0,2.0276622370607242,9.265382397222595,26.42684406106747
Truck_7,279.6914289135205,4,0,0.0,3.281829289575171,17.091923070941277,0,0.0,1.5040225543696693,13.933128184890393,35.81090309977651
Truck_4,277.26096195307684,4,0,0.0,5.123599936041899,19.794621421233956,0,0.0,1.9741053895482423,14.663916469662922,41.55624321648702
Truck_6,283.60607174909285,4,0,0.0,5.11057553382102,17.847490144883523,0,0.0,3.1710125882032116,11.102539149524034,37.23161741643179
Truck_1,286.2213726931774,4,0,0.0,5.02379203274586,16.829530633960132,0,0.0,3.504896847252951,13.3929393048262,38.75115881878514
Truck_2,287.78414188025147,4,0,0.9325054026624002,5.667544533896091,19.68415452852355,0,0.0,2.726115222694091,8.748554224951022,37.758873912727154
Truck_9,286.5210451145565,4,0,0.0,4.376264194448254,18.823806346672427,0,0.014034360323421424,3.3128557120302276,13.995578407580297,40.52253902105463
Truck_8,290.75048402915894,4,0,0.14682527984581384,4.036369280680276,17.593350327845997,0,0.0,3.2002908112387445,14.311754459254303,39.288590158865134
Truck_3,306.47519642232635,5,0,0.0,4.0991978430020595,14.87421304798363,0,0.0,3.455865527214712,11.616046018908321,34.04532243710872
Truck_0,312.0950404517861,5,0,0.0,3.502656699165925,13.256740565738255,0,0.0,3.0793938008315536,10.263524067575474,30.10231513331121
Truck_7,315.502332013297,5,0,0.0,4.756350258125792,14.449491300835746,0,0.0,3.1891351990486214,9.238204922233137,31.633181680243297
Truck_5,313.2350513860761,5,0,0.0,6.222310046844768,16.9011858153047,0,0.0,1.9390159776235123,9.106607267445156,34.16911910721814
Truck_6,320.83768916552464,5,0,0.0,5.814388016017347,12.746691566034997,0,0.0,2.891785543603305,13.096027381377098,34.54889250703275
Truck_4,318.81720516956386,5,0,0.0,5.992861741582715,19.295419081441196,0,0.0,3.7484942886767385,8.849162300971841,37.88593741267249
Truck_9,327.0435841356111,5,0,0.0,5.551773255055309,12.397284901216835,0,0.0,3.2156295926911866,11.324214709847581,32.48890245881091
Truck_1,324.97253151196253,5,0,0.0,4.263922191744882,19.300605892030717,0,0.0,2.452767261640304,11.295214060479736,37.31250940589564
Truck_2,325.5430157929786,5,0,0.0,4.615224462564356,18.07905696511216,0,0.0,2.088881796690373,14.415450938105835,39.19861416247272
Truck_8,330.0390741880241,5,0,0.0,5.775957827168213,12.959502883912364,0,1.5516441182408585,2.796437181936767,12.844357959077058,35.92789997033526
Truck_3,340.5205188594351,5,0,0.0,4.230438665266547,12.767386510753965,0,0.0,3.5357741568213896,10.644247707741329,31.17784704058323
Truck_0,342.1973555850973,5,0,0.0,5.9849870724158905,15.221463555530988,0,0.0,2.4947451084805152,10.304906510814078,34.00610224724147
Truck_5,347.40417049329426,5,0,0.0,4.075200869636376,19.312234445784384,0,0.0,3.470611211140067,9.981234051494482,36.83928057805531
Truck_4,356.70314258223635,5,0,0.0,5.236998592934185,10.540160730449884,1,2.109340340955953,2.568085281963647,9.503557882195196,29.958142828498865
Truck_6,355.3865816725574,5,0,0.0,4.986734350540132,10.40114828868252,0,0.0,3.8151779347963384,12.20659499025578,31.40965556427477
Truck_9,359.53248659442204,5,0,0.0,4.487922941461306,13.543217896406588,0,0.0,2.571456599370663,8.020459062146415,28.623056499384973
Truck_7,347.1355136935403,5,0,0.0,6.043913547750776,17.745726758679154,0,3.3370630198848517,2.2702737926124996,14.483336717254645,43.88031383618193
Truck_1,362.28504091785817,6,0,0.0,3.7845773633616773,13.737050864236664,0,0.0,3.458905331366225,14.594606411129917,35.57513997009448
Truck_8,365.96697415835933,6,0,0.0,6.213544264021266,10.873371887184874,0,0.0,3.4517456168444483,13.707765948523729,34.24642771657432
Truck_3,371.6983659000183,6,0,0.0,4.939819128528541,14.520452458511329,0,0.0,2.8241374599196547,8.747747530686809,31.032156577646333
Truck_2,364.74162995545134,6,0,0.0,5.857187522916377,19.44434000513911,0,0.0,3.521417951805631,9.365421162267978,38.1883666421291
Truck_0,376.20345783233876,6,0,0.0,4.634761862265293,15.407657698997696,0,0.0,2.7609996038344207,10.630736338909344,33.43415550400675
Truck_6,386.79623723683216,6,0,0.0,4.3688783477114725,11.823255645954191,0,0.0,3.6106889460633624,8.306072908201372,28.1088958479304
Truck_5,384.24345107134957,6,0,0.0,6.169523874571382,15.160159199023951,0,0.0,3.670336952115065,10.034321854566656,35.034341880277054
Truck_9,388.155543093807,6,0,0.0,5.206057090984643,12.763043003407347,0,0.4744169883621794,2.247150683892926,12.434014301290802,33.1246820679379
Truck_4,386.6612854107352,6,0,0.0,5.5316194800352605,18.670377980378646,0,0.0,3.4873757576040703,14.982442708197198,42.671815926215174
Truck_8,400.21340187493365,6,0,0.0,5.344315943478136,10.864880581906903,0,0.0,3.5329689324831293,9.896881675457394,29.639047133325562
Truck_7,391.01582752972223,6,0,0.0,5.3895052945163116,18.775699225634014,0,0.0,3.0438180281785208,14.247812184972645,41.45683473330149
Truck_1,397.86018088795265,6,0,0.0,6.206057475827379,19.731623524307622,0,0.0,3.5994171430893402,10.397688990115114,39.934787133339455
Truck_3,402.73052247766464,6,0,0.0,2.919312487562877,17.03369595284073,0,0.0,2.7379492301994333,13.186713516514942,35.87767118711798
Truck_2,402.92999659758044,6,0,0.0,6.225369294283382,18.279893500942023,0,0.0,2.77328292092335,9.257900303365432,36.53644601951419
Truck_0,409.6376133363455,6,0,0.0,5.478850373089131,18.10919361586025,0,0.0,2.6205444961102557,9.599761845884643,35.80835033094428
Truck_6,414.90513308476255,6,0,0.0,3.8727312557768983,12.467459730893665,0,0.0,2.918451027953779,14.29744483250738,33.55608684713172
Truck_5,419.2777929516266,6,0,0.0,4.547784250298037,18.437235683613892,0,0.0,3.0508198833080655,9.80528369698493,35.841123514204924
Truck_9,421.2802251617449,7,0,0.0,4.751051170211497,17.97513667746813,0,0.0,3.7735302132659285,9.37203767889207,35.871755739837624
Truck_8,429.8524490082592,7,0,0.0,3.8688435307811915,14.946038099877342,0,0.0,3.824594087758669,11.61359054235919,34.25306626077639
Truck_7,432.4726622630237,7,0,0.0,4.993879514480511,15.871252003907102,0,0.0,1.8229403443033902,9.224014389148863,31.912086251839867
Truck_4,429.3331013369504,7,0,0.0,6.004361255916592,16.162743716683224,0,0.0,3.6969642916003522,11.669485230545604,37.53355449474577
Truck_2,439.46644261709463,7,0,0.0,4.480391650394438,10.152442061111117,0,1.0614577971145422,3.7288247920433832,12.469546453873534,31.892662754537014
Truck_3,438.6081936647826,7,0,0.0,4.924783352933218,15.511517292960662,0,0.0,3.18908559744051,10.547690170471753,34.17307641380614
Truck_1,437.7949680212921,7,0,0.0,4.312965771843608,19.113463041363048,0,0.0,2.118288271134304,12.87989474884347,38.42461183318443
Truck_6,448.4612199318943,7,0,0.0,3.7464151318758923,13.074239006924245,0,0.0,3.063179109684313,8.07081190720595,27.9546451556904
Truck_0,445.4459636672898,7,0,0.0,4.430734492753402,19.323076414094487,0,0.0,3.6172305920958934,14.404503407989068,41.77554490693285
Truck_5,455.11891646583155,7,0,0.0,5.891256001211559,16.5734469428005,0,0.0,3.7638662216984926,8.429806576175338,34.65837574188589
Truck_9,457.15198090158253,7,0,0.0,6.138669260174311,14.071328750319083,0,0.0,3.344163746928359,11.598198279042379,35.15236003646413
Truck_7,464.3847485148636,7,0,0.0,2.6314687433063,16.633871691258094,0,0.0,3.3800192555201534,8.027322572153821,30.672682262238368
Truck_3,472.78127007858876,7,0,0.0,2.736781986824951,10.247076159920141,0,1.2649799796142815,2.180255976015985,8.381246307469269,24.810340409844628
Truck_8,464.1055152690356,7,0,0.0,4.863470524290221,16.89419242497553,1,2.2813129761384516,2.678290750287772,9.949241541356969,36.66650821704894
Truck_4,466.86665583169616,7,0,0.0,6.047842452167004,11.626240968083607,0,0.0,3.6037519424930338,13.572177958818315,34.85001332156196
Truck_6,476.4158650875847,7,0,0.0,5.703441050402944,10.373456833778846,0,0.0,2.5925875195869708,9.23057805973815,27.90006346350691
Truck_1,476.21957985447654,7,0,0.0,5.401074749560507,10.055466432165701,0,0.0,2.4547391973430877,10.302030033250276,28.213310412319572
Truck_2,471.35910537163164,7,0,0.0,5.6171133559364534,13.401131523734364,0,0.0,1.5906989110629297,13.796769612696835,34.40571340343058
Truck_5,489.77729220771744,8,0,0.0,5.069774873582048,11.749779726357303,0,0.0,2.968621215384246,8.054802907809517,27.842978723133115
Truck_0,487.22150857422264,8,0,0.0,2.5115686035475733,15.477524365053796,0,0.0,2.0059250916930296,11.842549376704653,31.837567436999052
Truck_3,497.5916104884334,8,0,0.0,2.967843355729144,11.061610144720191,0,0.0,2.094681066946123,10.545778764962165,26.669913332357623
Truck_9,492.30434093804666,8,0,0.0,5.9773902087317765,18.6531467993222,0,0.0,1.6650482432498848,8.84133517753969,35.13692042884355
Truck_7,495.05743077710196,8,0,0.0,5.952526060591708,17.607709539743666,0,0.0,1.6292981447898,8.06549506136514,33.255028806490316
Truck_1,504.4328902667961,8,0,0.0,5.568953040553026,13.275852440615665,0,0.0,2.9264722642126344,12.86523158896,34.636509334341326
Truck_8,500.77202348608455,8,0,0.0,6.054814891104002,19.542232216694742,0,0.0,2.9884855438965587,10.121046490863364,38.70657914255867
Truck_6,504.3159285510916,8,0,0.0,6.044171864920884,17.85209569087789,0,0.0,3.3961503686136894,9.679902393260022,36.972320317672484
Truck_4,501.7166691532581,8,0,0.0,5.83891721975084,17.698504423726263,0,0.0,2.7377553132411094,14.157497494765721,40.43267445148393
Truck_2,505.7648187750622,8,0,1.0620196021263268,6.0974515691142415,18.436825862653336,0,0.0,2.619232529905389,12.240688046823493,40.45621761062279
Truck_0,519.0590760112217,8,0,0.0,4.911821815303142,17.448508871869535,0,0.0,3.7884644861840115,8.676956641272795,34.825751814629484
Truck_5,517.6202709308506,8,0,0.0,5.357845804055728,18.44167881355304,0,0.7243237837884635,3.5535743311830856,8.911839038976495,36.98926177155681
Truck_3,524.261523820791,8,0,0.0,4.528149529371149,11.281347467792557,0,0.0,2.073098514293065,13.527883386989174,31.410478898445945
Truck_9,527.4412613668902,8,0,0.0,4.753052680607425,15.358432005948316,0,0.0,2.974114245030364,9.79917447744242,32.884773409028526
Truck_7,528.3124595835923,8,0,0.0,6.138221121826746,18.70708863039863,0,0.0,1.756525726039854,9.78747100840269,36.38930648666792
Truck_8,539.4786026286432,8,0,0.0,2.2933347878631594,14.678875836427437,0,0.0,2.7170350747974226,11.746680837972917,31.435926537060936
Truck_1,539.0693996011374,8,0,0.0,5.998844123775484,15.57215837347178,0,0.0,2.274868607558574,8.69693347268094,32.54280457748678
Truck_6,541.2882488687641,9,0,0.0,4.064509006742583,13.212946877755144,0,0.0,3.2641738320089644,11.775489180235695,32.317118896742386
Truck_4,542.1493436047421,9,0,0.0,5.258781586326791,15.506092598358805,0,0.0,2.6423698594940106,10.493586986350238,33.900831030529844
Truck_2,546.221036385685,9,0,0.0,5.608799757260272,19.759282678668683,0,0.0,3.4145084419878913,8.801625162227879,37.584216040144725
Truck_5,554.6095327024074,9,0,0.0,6.222187266820356,14.65183931829688,0,0.0,1.7334675776779704,14.292220838569392,36.8997150013646
Truck_3,555.672002719237,9,0,0.0,5.053140754293963,14.98312720344552,0,0.0,2.152673628367552,14.675302373031741,36.864243959138776
Truck_0,553.8848278258512,9,0,0.0,5.21172209871429,19.8971607748432,0,0.0,3.010579655093352,11.145507158930286,39.26496968758113
Truck_9,560.3260347759187,9,0,0.0,3.944333164780687,12.549347196089457,0,0.39731172841368334,3.329899609533186,14.099501768706432,34.320393467523445
Truck_7,564.7017660702602,9,0,0.0,5.895615038316237,14.005004844717746,0,0.0,2.587725168567431,13.272131862226729,35.76047691382814
Truck_8,570.9145291657042,9,0,0.0,4.738268958538924,10.721931042999131,0,0.0,2.3739175062992217,13.607508931059442,31.44162643889672
Truck_6,573.6053677655065,9,0,0.0,4.705482659811764,15.021793281561372,0,0.0,2.2619947924640655,9.52708187401015,31.516352607847352
Truck_1,571.6122041786242,9,0,0.0,5.104425272244384,14.038843163807769,0,0.0,3.6271342409045246,11.817853396510941,34.58825607346762
Truck_4,576.0501746352719,9,0,0.0,6.221002887812574,14.40907912147668,0,0.0,3.5305790970554654,8.107952748481125,32.268613854825844
Truck_2,583.8052524258297,9,0,0.0,4.765147962791843,14.851004424298708,0,0.0,2.6544188459350835,12.516131532391455,34.78670276541709
Truck_3,592.5362466783757,9,0,0.0,4.354263101084939,10.010133023843764,0,0.0,3.1963246107030727,10.35564053727171,27.916361272903487
Truck_0,593.1497975134323,9,0,0.0,5.259282807874911,16.64913314212049,0,0.0,2.390971582285033,8.00207908305947,32.301466615339905
Truck_9,594.6464282434422,9,0,0.0,3.0878293682403637,11.335764852842658,0,0.0,2.955831765563744,13.67642752944073,31.055853516087495
Truck_7,600.4622429840883,10,0,0.0,3.2584248372033926,13.270621444615927,0,0.0,3.493739765541818,8.371024273884586,28.393810321245724
Truck_5,591.509247703772,9,0,0.0,3.072814555350874,19.93706340795859,0,0.0,2.18241480854158,13.789817244315941,38.982110016166985
Truck_8,602.3561556046009,10,0,0.0,4.714820655054609,14.547510539748146,0,0.0,3.749060318592001,12.154404043832983,35.16579555722774
Truck_6,605.1217203733538,10,0,0.0,2.7567151518443325,19.52615600627405,0,0.0,3.6867844818368667,8.13483921999682,34.10449485995207
Truck_1,606.2004602520918,10,0,0.0,5.95412395277333,13.044229175948772,0,0.0,2.0912838655040105,12.460408459330893,33.550045453557004
Truck_4,608.3187884900977,10,0,0.0,5.10291033690919,14.860611602498466,0,0.0,2.461298468231689,12.576340361819234,35.00116076945858
Truck_2,618.5919551912468,10,0,0.0,3.521687860590305,10.184919734859136,0,0.0,2.557139038469927,13.569105501328977,29.832852135248345
Truck_9,625.7022817595297,10,0,0.0,4.788342741938322,10.246292270407366,0,0.0,3.4764052308382816,11.76186497286028,30.27290521604425
Truck_0,625.4512641287722,10,0,0.0,3.683746542949166,12.057076111492961,0,0.0,2.1871156837069066,13.467554356238224,31.395492694387258
Truck_3,620.4526079512792,10,0,0.0,4.693395170953181,19.889782056659442,0,0.0,1.9050633088218092,12.631481229644464,39.1197217660789
Truck_5,630.491357719939,10,0,0.0,5.387679249895541,11.015629417134733,0,0.0,3.7126127665590047,9.916139303273894,30.032060736863173
Truck_7,628.8560533053341,10,0,0.0,6.063279912846838,19.60063902977106,0,0.0,2.276017347886068,8.63596207640569,36.575898366909655
Truck_6,639.2262152333059,10,0,0.0,6.20568802504431,11.048174309023125,0,0.0,2.665848614553397,9.1024966152346,29.02220756385543
Truck_1,639.7505057056488,10,0,0.0,3.8955924027807214,14.084829243038257,0,0.0,3.2082393661049764,8.504523577491,29.693184589414955
Truck_8,637.5219511618286,10,0,0.0,6.006545211550815,16.627538603746643,0,0.0,3.5883131923885685,9.613430880397004,35.83582788808303
Truck_9,655.9751869755739,10,0,0.0,2.5206629192939545,10.546399639042988,0,0.0,3.5983707339852344,9.269408323442462,25.93484161576464
Truck_4,643.3199492595563,10,0,0.0,6.062907637453918,18.9920424413001,0,0.0,1.8357054743403296,13.683522392848886,40.574177945943234
Truck_0,656.8467568231595,10,0,0.0,5.409865278425627,10.947579816132134,0,0.0,1.8189093217317804,11.81959124747209,29.99594566376163
Truck_2,648.4248073264952,10,0,0.0,2.4677303740322714,19.076801978208664,0,0.24126513391456683,3.041010173281279,14.560041021075335,39.38684868051212
Truck_3,659.5723297173581,10,0,0.0,4.986167023123585,12.298927325045383,0,0.0,3.572991524783106,12.088802871184953,32.94688874413703
Truck_5,660.5234184568021,11,0,0.0,3.801879145945577,11.960932375295442,0,0.0,3.5227918294705205,14.294254994269863,33.5798583449814
Truck_1,669.4436902950638,11,0,0.0,4.064448641410763,11.19517699363496,0,0.0,3.7283020784067276,12.29575527733607,31.28368299078852
Truck_7,665.4319516722437,11,0,0.0,5.046569763103207,15.842559812402442,0,0.0,2.399271960703686,14.055253268029674,37.34365480423901
Truck_6,668.2484227971613,11,0,0.0,6.044773058305509,15.599620613160141,0,0.0,2.503132533429607,10.400617185669603,34.54814339056486
Truck_8,673.3577790499116,11,0,0.0,3.5018877829817256,11.98844907935279,0,0.0,3.721902770817678,10.494535112656195,29.70677474580839
Truck_9,681.9100285913386,11,0,0.0,5.735797516454795,12.527279146964133,0,0.0,2.2552534657464776,12.960065977547629,33.478396106713035
Truck_4,683.8941272054996,11,0,0.0,4.64517597156987,16.32209894996936,0,0.0,1.9508085321033377,10.637060921097259,33.555144374739825
Truck_0,686.8427024869211,11,0,0.0,5.341901686243659,12.940728107885661,0,0.0,1.99516990158088,11.432333039161222,31.710132734871422
Truck_0,0.0,0,0,0.0,3.143900733765543,10.46782978509238,0,0.0,3.3043004365420625,12.213582184325528,29.129613139725514
Truck_4,0.0,0,0,3.143900733765543,5.814143811541589,10.47543976728409,0,0.0,2.509789861558282,11.103250981898615,33.04652515604812
Truck_2,0.0,0,0,0.0,5.352473307033722,12.609859648179196,0,0.0,2.4773425382595384,13.288990536491703,33.72866602996416
Truck_3,0.0,0,0,0.0,5.257595970495983,17.5513373622481,0,0.0,2.5951909440397536,11.981965111979061,37.3860893887629
Truck_5,0.0,0,1,5.257595970495983,5.4283054078883675,11.975225332391723,0,0.0,3.706902109804279,14.200575067550286,40.56860388813064
Truck_1,0.0,0,0,0.0,5.742282605268969,19.70455582226912,0,0.0,3.1030021493122,13.758141056344922,42.30798163319521
Truck_7,0.0,0,3,5.742282605268969,4.774144302942732,18.62365993753884,0,0.0,1.1962231818300495,12.643235722994305,42.97954575057489
Truck_6,0.0,0,2,5.352473307033722,4.4813729483469915,19.8812345636604,0,0.516738387514728,3.5039321323116326,9.39424622722197,43.12999756608944
Truck_8,0.0,0,4,8.958044545307132,5.631407439429214,12.934328025597907,0,0.0,2.7080391962215877,13.395024140199013,43.62684334675485
Truck_9,0.0,0,5,9.833846255380713,5.03991640754642,19.791983714129813,0,0.0,3.6009755390290294,14.118862626986008,52.385584543071985
Truck_2,33.72866602996416,0,0,0.0,4.030557215401302,11.077103056686589,0,0.0,3.0972316254317107,9.847351474096747,28.05224337161635
Truck_0,29.129613139725514,0,0,0.0,5.514987772148878,13.812199747986682,0,0.0,2.0383944328583254,11.656227235467867,33.02180918846175
Truck_4,33.04652515604812,0,0,0.0,3.5175820648808767,17.156583252928336,0,0.0,2.117892540543771,12.503748987587237,35.29580684594022
Truck_5,40.56860388813064,0,0,0.0,5.005479592924779,11.861628705920765,0,0.0,3.6219212834855696,10.292905123809959,30.781934706141072
Truck_3,37.3860893887629,0,0,0.0,5.189636559532417,16.28846977281814,0,0.0,3.5767592649570688,8.98803340516244,34.042899002470065
Truck_8,43.62684334675485,0,0,1.9472401343005643,3.596447893564438,16.3471097799368,0,0.0,3.7326309030278253,10.05815064741168,35.68157935824131
Truck_7,42.97954575057489,0,0,0.0,4.85805325582119,11.683192638468576,0,1.5368418255970937,3.758860983703798,14.833920000880155,36.67086870447081
Truck_6,43.12999756608944,0,0,0.0,5.6051011792037855,17.961553360004004,0,1.2306711162954116,3.0125191194287737,11.568356409795086,39.37820118472706
Truck_1,42.30798163319521,0,0,0.0,4.863575746326553,17.218868530678314,0,0.0,3.536897311392565,14.850288460327349,40.46963004872478
Truck_9,52.385584543071985,0,0,0.0,3.3392403741897354,19.837824648147667,0,0.0,3.344383406201075,13.792294994770131,40.31374342330861
Truck_2,61.78090940158051,1,0,0.0,3.1359971497955357,13.625148851689517,0,0.0,2.3234502221924913,13.396453337248445,32.48104956092599
Truck_0,62.151422328187266,1,0,0.0,5.630338082531608,12.615519061764658,0,0.0,2.891918847319886,12.041995105434069,33.17977109705022
Truck_4,68.34233200198834,1,0,0.0,5.505101835918509,17.746532113576308,0,0.0,2.954960865833641,9.088462128131297,35.295056943459755
Truck_5,71.35053859427171,1,0,0.0,3.8107285146637224,17.179547832202374,0,0.0,3.1548390169719056,10.930794825955402,35.075910189793404
Truck_3,71.42898839123296,1,0,0.0,4.197623116519921,19.17475350244986,0,0.0,2.9577622641761536,8.793188224753365,35.1233271078993
Truck_8,79.30842270499616,1,0,0.0,3.92724181204116,16.01425567158323,0,0.0,2.7964536680462686,12.051391232363443,34.7893423840341
Truck_6,82.5081987508165,1,0,0.0,5.4734519663107335,15.65385062573715,0,0.0,3.0586011572681286,8.321853159553598,32.50775690886961
Truck_7,79.6504144550457,1,0,0.0,5.207652976257165,17.888142988731133,0,0.0,3.464614557881376,9.001402854002194,35.56181337687187
Truck_1,82.77761168191999,1,0,0.0,5.788125475912054,11.225233704634263,0,0.0,3.683857452283519,12.247480103557294,32.94469673638713
Truck_9,92.6993279663806,1,0,0.0,6.123449142423993,14.254699198209394,0,0.0,3.1197857390211112,11.045764692956084,34.54369877261058
Truck_0,95.33119342523749,1,0,0.0,4.389011093094226,16.259884090273502,0,0.0,2.1118373902178007,10.316880597669481,33.07761317125501
Truck_2,94.2619589625065,1,0,0.0,4.905482302657262,19.76703899034898,0,0.0,2.582415812521134,13.3437153786966,40.598652484223976
Truck_4,103.6373889454481,1,0,0.0,4.535145512650772,14.839706780765425,0,0.0,2.1263630829076448,13.342160541443718,34.84337591776756
Truck_3,106.55231549913226,1,0,0.0,5.62784330190118,13.573461504936532,0,0.0,2.1767194773850917,13.74006892081232,35.11809320503512
Truck_5,106.42644878406512,1,0,0.0,5.202025760312125,14.735922098664645,0,0.0,3.2941553199105726,14.270420006839544,37.502523185726886
Truck_7,115.21222783191757,1,0,0.0,2.370818982480472,17.375899237416093,0,0.0,2.699512697383284,8.517856233664332,30.96408715094418
Truck_8,114.09776508903026,1,0,0.0,5.927002680496045,19.95365457762273,0,0.0,1.188080367667368,9.913582133749088,36.98231975953523
Truck_1,115.72230841830712,1,0,0.0,6.0801272978770555,15.099286410585464,0,0.0,1.7856192555014445,13.247980027454105,36.21301299141807
Truck_6,115.01595565968611,1,0,0.0,6.148494739605866,17.80713696091817,0,0.0,2.9451203184609938,14.209575185110765,41.110327204095796
Truck_9,127.24302673899118,2,0,0.0,5.732376082359849,11.771992507854861,0,0.0,3.7838209792855366,14.49653528885051,35.78472485835076
Truck_2,134.86061144673047,2,0,0.0,5.709559835953684,11.733745928985257,0,0.0,2.8764650148355315,8.145294054750224,28.465064834524696
Truck_0,128.4088065964925,2,0,0.0,3.9266471230163518,17.192405743922848,0,0.0,2.7367625231406407,14.170354193831031,38.02616958391087
Truck_4,138.48076486321565,2,0,0.0,5.653347044980762,11.145954150777698,0,0.0,3.306770735402125,8.024175893978338,28.130247825138923
Truck_3,141.6704087041674,2,0,0.0,5.12222390443074,14.844743872929683,0,0.0,3.0786961492836156,11.829971838214789,34.87563576485883
Truck_7,146.17631498286175,2,0,0.0,4.820429603506284,11.247026283185903,0,0.0,3.2539410626879146,13.959552657070532,33.28094960645063
Truck_5,143.928971969792,2,0,0.0,3.401606912152147,15.585677226143986,0,1.7998165227232903,3.4443352614345883,12.651852898281817,36.88328882073583
Truck_1,151.9353214097252,2,0,0.0,2.1744849314052885,15.079708285114691,0,0.0,2.7910969803158423,13.932832327693603,33.978122524529425
Truck_8,151.0800848485655,2,0,0.0,5.549653091220932,16.54126642944172,0,0.0,3.6954702129433485,9.97799480913801,35.76438454274401
Truck_6,156.1262828637819,2,0,0.0,5.5510330689376985,14.402234054697374,0,0.0,3.774729941065857,13.992017802751718,37.72001486745265
Truck_9,163.02775159734193,2,0,0.0,5.416219423321792,16.37346344926638,0,0.0,2.2885936346632434,10.350305591834001,34.42858209908542
Truck_0,166.43497618040337,2,0,0.0,4.66093542921837,17.841457494327187,0,0.0,2.589611513462245,10.333032571318597,35.4250370083264
Truck_2,163.32567628125517,2,0,0.0,6.188592278824416,17.983190457097464,0,0.0,1.2349606313773052,14.266392838564002,39.67313620586319
Truck_4,166.61101268835458,2,0,0.0,5.836156185314451,18.0998898494627,0,0.0,3.7614092876659697,12.19435619176528,39.8918115142084
Truck_3,176.5460444690262,2,0,0.0,4.494387390917609,13.486429434011171,0,0.0,3.816527696686535,11.383365207150035,33.18070972876535
Truck_5,180.81226079052783,3,0,0.0,3.8515517295743678,17.128790539581104,0,0.0,3.429251593258357,10.15369976478317,34.563293627197
Truck_7,179.4572645893124,2,0,0.0,2.8600344321768603,15.694324937987744,0,0.0,3.5766389854655642,14.275051620354532,36.4060499759847
Truck_8,186.8444693913095,3,0,0.0,4.9455577045688415,13.181689680554001,0,0.0,2.4989317729956326,14.109247906888925,34.7354270650074
Truck_1,185.91344393425462,3,0,0.0,5.286825629676116,17.44726694379176,0,0.0,2.2890298276379895,10.899375862202191,35.92249826330806
Truck_0,201.86001318872977,3,0,0.0,3.800028107046586,10.89722245017191,0,0.0,3.1164615539736644,11.02150533632863,28.83521744752079
Truck_9,197.45633369642735,3,0,0.0,5.087125133379374,13.235041632101854,0,0.0,2.054859125312248,13.043383488122686,33.42040937891616
Truck_2,202.99881248711836,3,0,0.0,6.2077807660186295,10.04496515825619,0,0.42216688852874995,3.5229676623915225,8.87200098837451,29.0698814635696
Truck_6,193.84629773123456,3,0,0.0,3.7001533125270782,19.110396838022382,0,1.176511705436809,2.1915300975603316,13.569692180402114,39.748284133948715
Truck_3,209.72675419779156,3,0,0.0,2.484375162862875,10.773444581581742,0,0.0,3.177235314933199,9.850486934961197,26.285541994339013
Truck_4,206.50282420256298,3,0,0.0,5.467086107717023,17.97814538884259,0,0.0,1.1822250916310395,12.82246930107766,37.449925889268314
Truck_7,215.8633145652971,3,0,0.0,6.148144519044649,11.307976977191686,0,0.0,3.735213367332875,9.873419203551464,31.064754067120674
Truck_5,215.37555441772483,3,0,0.0,4.864070131922404,19.07828373854943,0,0.0,1.755510930524082,12.325377831007273,38.02324263200319
Truck_1,221.83594219756267,3,0,0.0,4.278571035253179,12.532502529798052,0,0.0,3.100522306967804,12.066378860106965,31.977974732126
Truck_8,221.5798964563169,3,0,0.0,5.285154845316782,18.127292476333423,0,0.0,3.2110847622552683,8.027392884560072,34.650924968465546
Truck_0,230.69523063625056,3,0,0.0,4.247928122375981,14.569135451459857,0,0.0,1.9565172923864225,11.63971712440241,32.41329799062467
Truck_9,230.8767430753435,3,0,0.0,4.462190772761829,11.344467984451427,0,0.0,2.554501234069562,14.96849160068362,33.32965159196644
Truck_6,233.59458186518327,3,0,0.0,3.3250354510344096,13.051795821235515,0,0.0,1.326422863469702,14.573239462463533,32.27649359820316
Truck_3,236.01229619213058,3,0,0.0,4.882470003701911,14.784888142986006,0,0.0,2.344518553293341,11.612259757238974,33.62413645722023
Truck_4,243.9527500918313,4,0,0.0,5.891136570768083,10.304099264030214,0,0.0,3.5112919986885913,9.350032838977882,29.05656067246477
Truck_2,232.06869395068796,3,0,0.0,6.175944991670775,19.356937775685083,0,0.0,3.2307030039723372,14.08133659956917,42.844922370897365
Truck_7,246.92806863241776,4,0,0.0,3.4414409776719594,19.62880908980651,0,0.0,3.4003278583906535,8.530800473486181,35.0013783993553
Truck_8,256.23082142478245,4,0,0.0,5.365819264822335,11.736837054078137,0,0.0,1.869226340147577,12.407041917940603,31.378924576988652
Truck_1,253.81391692968867,4,0,0.0,4.864999856453721,17.71045281516797,0,0.0,2.6104263758410866,10.887621905137621,36.0735009526004
Truck_5,253.39879704972802,4,0,0.0,5.864296856838422,14.786445289370647,0,0.0,2.9615127935313694,14.492572378953128,38.104827318693566
Truck_0,263.1085286268752,4,0,0.0,3.644368252842412,15.356065439235635,0,0.0,2.271829714192961,11.348531832378,32.62079523864901
Truck_3,269.6364326493508,4,0,0.0,4.4293655756023895,10.910115081290655,0,0.0,3.1228543120479344,8.534862806389981,26.99719777533096
Truck_6,265.87107546338643,4,0,0.0,3.6974448521656313,16.348691231108774,0,0.0,3.7307886148790885,9.210942784586905,32.9878674827404
Truck_9,264.20639466730995,4,0,0.0,3.0126844933508323,13.455217824104409,0,0.0,3.713361500833628,14.951945230633157,35.133209048922026
Truck_4,273.00931076429606,4,0,0.0,3.2305953703864816,10.46071102416289,0,1.3981504594463559,3.6422833722900805,14.446821099521344,33.17856132580715
Truck_2,274.9136163215853,4,0,0.0,5.060670518125505,15.092202949283035,0,0.0,2.035111664547628,10.121196259963085,32.30918139191925
Truck_7,281.92944703177307,4,0,0.0,3.243692126325527,12.36075987116044,0,0.0,3.290440889973752,14.082119791148955,32.97701267860867
Truck_8,287.6097460017711,4,0,0.0,4.24278283424195,12.848955877783055,0,0.0,3.239761919128057,9.188712098829114,29.520212729982177
Truck_1,289.88741788228907,4,0,0.0,4.521535163495969,13.108287478316129,0,0.0,2.3957261921725603,14.550629244652669,34.57617807863733
Truck_5,291.5036243684216,4,0,0.0,5.30020517112473,19.55273747657253,0,0.7785581952504117,2.156903655917006,10.360490020966836,38.148894519831515
Truck_9,299.339603716232,4,0,0.0,4.48379364066642,11.78932521884144,0,0.0,1.705963790154101,12.481319099012978,30.46040174867494
Truck_3,296.63363042468177,4,0,0.0,4.52929080886031,14.285945806929817,0,0.0,1.6862581708973607,14.799571419467611,35.3010662061551
Truck_6,298.85894294612683,4,0,0.0,6.240677418424752,19.364318320717587,0,0.0,1.6544412668245059,8.685496249154767,35.94493325512161
Truck_0,295.72932386552424,4,0,0.0,3.636289096313419,19.861207306184895,0,0.0,3.3680175326582003,13.711897005621495,40.57741094077801
Truck_4,306.1878720901032,5,0,0.0,4.835025744618861,18.39633744641884,0,0.0,3.711125952635541,10.736138140086155,37.6786272837594
Truck_7,314.90645971038174,5,0,0.0,4.9576184619024275,10.16890733072512,0,0.0,1.6082452287324145,14.132980461071725,30.867751482431686
Truck_8,317.1299587317533,5,0,0.0,4.061674192934333,13.310208410422945,0,0.0,2.1276384488281224,10.722629420162889,30.22215047234829
Truck_2,307.2227977135046,5,0,0.0,5.286325340775136,17.633646275926253,0,1.4984614015357351,3.2505163713371985,14.998387901245735,42.66733729082006
Truck_5,329.6525188882531,5,0,0.0,2.478961392934309,12.341189053005735,0,0.0,3.080007938182746,12.02400804711624,29.92416643123903
Truck_1,324.4635959609264,5,0,0.0,3.444806617776635,17.093532444573327,0,0.0,2.61400326163772,13.76273181899927,36.91507414298695
Truck_0,336.30673480630225,5,0,0.0,3.2130669791673085,13.00875074613549,0,0.0,2.2505430310370684,13.4864851058299,31.958845862169767
Truck_3,331.93469663083687,5,0,0.0,5.62092155979434,18.7768908873299,0,0.0,2.7675608547331763,9.865680144600333,37.03105344645775
Truck_9,329.8000054649069,5,0,0.0,5.828931658980821,16.29297671292511,0,0.0,2.7006321910652673,14.96959483128137,39.79213539425257
Truck_6,334.80387620124844,5,0,0.0,4.660384877208571,17.9784246796749,0,0.0,1.7403404780485516,13.383869546012932,37.763019580944956
Truck_4,343.8664993738626,5,0,0.0,2.802975484519834,12.803142895764836,0,0.0,2.664323425991654,11.041428862396913,29.311870668673237
Truck_8,347.35210920410157,5,0,0.0,2.803142023147416,12.433239545971276,0,0.0,2.847036718397078,12.923136779300364,31.006555066816134
Truck_2,349.89013500432463,5,0,0.0,5.517543086349633,10.812482114332852,0,0.0,2.6223892489985587,13.559829098243142,32.512243547924186
Truck_7,345.7742111928134,5,0,0.0,4.430323089961007,17.82441904529543,0,0.0,1.859030163422176,14.293995446321787,38.4077677450004
Truck_5,359.5766853194921,5,0,0.0,5.7995213913649195,12.747510653759662,0,0.0,3.2352454129024864,9.833944324611934,31.616221782639002
Truck_1,361.37867010391335,6,0,0.0,5.188294472907273,16.842503901436316,0,0.0,3.5640803139344257,11.975310239685996,37.57018892796401
Truck_9,369.5921408591595,6,0,0.0,2.5170277814864903,14.844753052752083,0,0.019627098793307596,2.6864494004688595,9.678335074358927,29.746192407859667
Truck_0,368.265580668472,6,0,0.0,5.273787917026198,13.951649049922253,0,1.5423646937497324,3.35258563440766,10.571694477204062,34.692081772309905
Truck_3,368.9657500772946,6,0,0.0,4.862038238023331,11.483717601064711,0,0.0,3.7218764127875374,14.321772890441707,34.38940514231729
Truck_4,373.17837004253585,6,0,0.0,5.4726530112521345,15.833857207334404,0,0.0,2.218594982652405,12.548907599653148,36.07401280089209
Truck_6,372.5668957821934,6,0,0.0,5.098178738113688,15.954027611958793,0,0.0,3.3854502643250157,13.596056863895399,38.033713478292896
Truck_7,384.1819789378138,6,0,0.0,3.511159389336626,12.571169729707549,0,0.0,3.001970307658951,11.611911412793916,30.69621083949704
Truck_8,378.3586642709177,6,0,0.0,4.300457133925875,17.253038637739394,0,0.0,2.276999898020051,14.811491442502131,38.64198711218745
Truck_2,382.4023785522488,6,0,0.0,4.5951200914875585,17.420018484493255,0,0.0,3.3979292776731995,11.019619324781786,36.4326871784358
Truck_5,391.19290710213113,6,0,0.0,5.3332381604082,14.090665253931718,0,0.0,3.79738847943662,13.79102834929563,37.01232024307217
Truck_1,398.94885903187736,6,0,0.0,5.249160463512169,14.63663331862142,0,0.0,2.2690760604525053,12.418749953461486,34.57361979604758
Truck_0,402.9576624407819,6,0,0.0,3.8371270821925236,15.961844043764017,0,0.0,3.1146309198537097,11.718362475796766,34.63196452160702
Truck_3,403.3551552196119,6,0,0.0,5.378365796064941,13.139877373332013,0,0.0,3.823185246380774,13.464405162145795,35.80583357792352
Truck_9,399.33833326701915,6,0,0.0,4.3802607765828725,19.738713270768585,0,2.2392763210190196,2.335279485257786,12.874878411389886,41.56840826501815
Truck_4,409.25238284342794,6,0,0.0,5.827918594486903,13.33654724201972,0,0.0,3.7537501182197843,8.918194614666845,31.83641056939325
Truck_6,410.6006092604863,6,0,0.0,4.423087838181516,10.665224526561758,1,0.18234286136259925,3.6891466132953497,13.880302600287564,32.84010443968879
Truck_2,418.8350657306846,6,0,0.0,3.4790103550640197,12.350986189716537,0,0.0,2.3265953343623096,9.85526733812111,28.011859217263975
Truck_8,417.00065138310515,6,0,0.0,4.039944983712246,16.33110275109908,0,0.0,3.6453532647202564,11.435088167833783,35.45148916736537
Truck_7,414.87818977731087,6,0,0.0,5.08974805537764,19.78636660963417,0,0.0,3.709172641466637,12.097507078202,40.68279438468045
Truck_5,428.2052273452033,7,0,0.0,4.025486199093052,12.588099868908955,0,0.0,3.474387218410982,10.396537908938342,30.48451119535133
Truck_1,433.52247882792494,7,0,0.0,5.792744982838883,13.14561328262829,0,0.0,2.8952720805256718,9.564734845848818,31.398365191841663
Truck_9,440.9067415320373,7,0,0.0,3.039504510794586,10.333155994855531,0,0.0,3.075473625078928,8.566865708834314,25.01499983956336
Truck_0,437.58962696238893,7,0,0.0,5.289286830491221,17.348496261362925,0,0.0,2.3338748315222233,11.336464111160296,36.308122034536666
Truck_4,441.0887934128212,7,0,0.0,5.978675020388664,13.931776322468409,0,0.0,1.8105808176965752,13.457618748442371,35.17865090899602
Truck_6,443.4407137001751,7,0,0.0,6.089538593442796,13.479892286091001,0,0.0,2.494882978900364,13.26871796959216,35.33303182802632
Truck_2,446.8469249479486,7,0,0.0,4.05425753410691,12.078977575137628,0,0.0,3.7635362100056113,14.974228810807062,34.87100013005721
Truck_3,439.1609887975354,7,0,0.0,4.818638319297236,19.04795375165969,0,2.477446690116892,2.4009991658272156,14.913503297251395,43.65854122415243
Truck_8,452.4521405504705,7,0,0.0,5.737907225947481,15.708514965383301,0,0.0,2.802221519778641,8.631216583326136,32.87986029443556
Truck_7,455.5609841619913,7,0,0.0,6.166160890984941,17.363148671761337,0,0.0,2.927529683385103,8.507573669821966,34.964412915953346
Truck_5,458.68973854055463,7,0,0.0,5.2405541514036145,11.630110404355776,0,0.0,1.2693048059651346,13.965401740454865,32.10537110217939
Truck_9,465.92174137160066,7,0,0.0,6.159755157538257,12.736449287895027,0,0.0,2.676999545753347,13.461232817911537,35.03443680909817
Truck_1,464.9208440197666,7,0,0.0,3.799575975154255,15.574318631365315,0,0.0,2.7979333899590415,14.282069178063523,36.453897174542135
Truck_0,473.8977489969256,7,0,0.0,5.474374513832629,15.681966458902536,0,0.0,1.7644033709012774,8.477316386785503,31.398060730421946
Truck_6,478.7737455282014,7,0,0.0,5.4605050902603125,10.351229194070413,0,0.0,3.6068461192255654,12.791684326305301,32.21026472986159
Truck_4,476.2674443218172,7,0,0.0,5.785311899090232,13.609058952927455,0,1.156678166727147,3.592684526013045,12.752021328976241,36.89575487373412
Truck_2,481.7179250780058,8,0,0.0,3.7978652615805686,11.032671553978616,1,1.643864038192703,3.6309705572306257,11.39676731745277,31.502138728435284
Truck_8,485.3320008449061,8,0,0.0,3.94623749253185,13.048628766639922,0,0.0,3.4745883308875136,12.924913714697198,33.39436830475648
Truck_3,482.81953002168785,8,0,0.0,3.460208893446861,19.423779614760008,0,0.0,3.778463500424266,11.571250167934465,38.2337021765656
Truck_5,490.795109642734,8,0,0.0,5.256547642988323,13.205776874386459,0,0.0,3.1236610665281432,13.46381124353718,35.049796827440105
Truck_7,490.52539707794466,8,0,0.0,5.353276213283493,18.425416225694164,0,0.0,1.742889628615444,11.51259889042774,37.03418095802084
Truck_9,500.9561781806988,8,0,0.0,4.90287095151001,14.154334707951648,0,0.0,3.442479782734722,11.773418447794825,34.273103889991205
Truck_1,501.37474119430874,8,0,0.0,6.1050130255607655,16.05698832802932,0,0.0,2.1810545612875103,11.939688355663293,36.28274427054089
Truck_0,505.29580972734755,8,0,0.0,4.107984884178961,19.9673286360798,0,0.0,2.7389239753927086,12.720765566704017,39.535003062355486
Truck_6,510.984010258063,8,0,0.0,4.749434727969515,15.170407963616185,0,0.0,3.4976962472818514,13.734086831678042,37.15162577054559
Truck_4,513.1631991955513,8,0,0.0,6.121807818560455,15.18342291207614,0,0.0,1.4383659071960437,14.03073621565511,36.77433285348775
Truck_2,513.2200638064411,8,0,0.0,5.624782995059263,18.489920369787114,0,0.0,3.6634153182343425,9.501185058354395,37.279303741435115
Truck_8,518.7263691496626,8,0,0.0,5.394121863237956,10.168304983555117,0,0.0,3.2459416673464148,14.877129420192887,33.685497934332375
Truck_3,521.0532321982535,8,0,0.0,6.154424265071725,17.944008396840445,0,0.0,2.1041661426887686,10.233249427202622,36.43584823180356
Truck_5,525.8449064701741,8,0,0.0,5.092643722912385,16.28133479212795,0,0.0,3.4731125108239667,13.750237250309738,38.59732827617404
Truck_7,527.5595780359655,8,0,0.0,4.826598499835882,17.83056572057592,0,0.0,1.94937835497808,13.431304448031824,38.037847023421705
Truck_1,537.6574854648496,8,0,0.0,4.584684746062635,10.10607114220852,0,0.0,1.8256930714367172,11.454227594399526,27.9706765541074
Truck_9,535.22928207069,8,0,0.0,3.8083466568396034,11.31196925249344,0,0.3423995160153481,1.7080835979154472,13.588942582630239,30.759741605894078
Truck_0,544.830812789703,9,0,0.0,4.748985628001265,12.21967045715246,0,0.0,2.8735453336358887,11.079392914908567,30.92159433369818
Truck_6,548.1356360286086,9,0,0.0,3.2630379498846196,13.699572963334049,0,0.0,3.8148220441577223,12.710097235253556,33.48753019262995
Truck_4,549.9375320490391,9,0,0.0,4.583088639691482,18.490378524110838,0,0.0,2.904009226054427,12.068721310128922,38.04619769998567
Truck_8,552.4118670839949,9,0,0.0,5.508697520170017,15.326620783070439,0,0.0,2.7432150499498675,14.412649160965657,37.99118251415598
Truck_2,550.4993675478762,9,0,0.0,5.714831501604294,19.020622390156518,0,0.6801869992588081,1.9660410300896274,13.166533556852414,40.54821547796166
Truck_1,565.628162018957,9,0,0.0,4.578656202899538,12.208007035671244,0,0.0,1.8644199198603246,10.11614088412739,28.767224042558496
Truck_5,564.4422347463482,9,0,0.0,4.281347579834119,10.343581924063642,0,0.0,2.3395690411709893,13.989930012113064,30.954428557181814
Truck_9,565.9890236765841,9,0,0.0,3.025247098901673,13.87906739903076,0,0.8417340685492718,2.160562131216466,9.812210281511284,29.718820979209454
Truck_3,557.489080430057,9,0,0.0,6.090998931807121,18.848810082203954,0,0.0,1.3061827989977246,13.039467640025464,39.285459453034264
Truck_7,565.5974250593872,9,0,0.0,5.498368774869618,16.75484518665769,0,0.0,3.0942707048023976,11.029286698782471,36.37677136511218
Truck_6,581.6231662212385,9,0,0.0,3.977941991841817,11.020190062195752,0,0.0,3.389036866945162,13.217682240297336,31.604851161280067
Truck_0,575.7524071234012,9,0,0.0,5.332762479139433,16.104472763524882,0,0.0,1.9186446493458789,14.757632241815145,38.11351213382534
Truck_4,587.9837297490247,9,0,0.0,4.556837816687448,17.108456922579194,0,0.0,3.3558739913777345,9.526812990936378,34.547981721580754
Truck_2,591.0475830258379,9,0,0.0,5.801105004785768,10.58911373979231,0,0.0,3.039130982909569,12.581007253801317,32.010356981288965
Truck_1,594.3953860615155,9,0,0.0,2.7930447237409908,13.748951602131797,0,0.0,1.7887826381819423,12.47227245190902,30.80305141596375
Truck_8,590.4030495981509,9,0,0.0,4.368482545688607,16.9867653450533,0,0.9678675366774314,1.492682101390983,11.904567407373975,35.720364936184296
Truck_9,595.7078446557936,9,0,0.0,4.317507602442106,17.33926318911415,0,0.0,3.6085632190853403,8.223818239536968,33.48915225017856
Truck_5,595.39666330353,9,0,0.0,3.0648934847430382,17.21393862197499,0,0.0,2.0149803399676784,14.974483920194757,37.26829636688046
Truck_7,601.9741964244994,10,0,0.0,5.85794564557159,10.226189354853886,0,0.0,3.7482859249706735,14.425757841619657,34.258178767015806
Truck_3,596.7745398830913,9,0,0.07414814753235532,5.140211867272683,18.557390449479726,0,0.42688831905911684,2.445184963701422,14.845017524914851,41.488841271960155
Truck_6,613.2280173825186,10,0,0.0,6.057944684694689,14.867473404350903,0,0.0,3.494353812586837,8.81851087276641,33.23828277439884
Truck_2,623.0579400071268,10,0,0.0,3.2787050886840916,11.101546635596833,0,0.0,2.9450795942315153,12.439513365879748,29.764844684392187
Truck_0,613.8659192572266,10,0,0.0,5.572279194046359,19.796692990663132,0,0.0,2.6669817126255566,12.585440278397755,40.6213941757328
Truck_8,626.1234145343352,10,0,0.0,3.802223076831524,19.006840294122185,0,0.0,1.7528691278772612,8.693784899380603,33.25571739821157
Truck_1,625.1984374774793,10,0,0.0,4.158885207971821,16.522516901634503,0,0.0,2.246052534331511,12.810445293476505,35.73789993741434
Truck_4,622.5317114706055,10,0,0.0,5.541441113506494,15.699034267015463,0,0.0,2.4386498759349706,14.92326325124327,38.6023885077002
Truck_9,629.1969969059721,10,0,0.0,3.8129111370700457,17.948959896478186,0,0.0,2.358075379891716,9.745141021566383,33.86508743500633
Truck_5,632.6649596704104,10,0,0.0,4.862318107567489,13.94927555234824,0,1.8403899890859066,3.286165791612234,11.070212955466559,35.00836239608043
Truck_7,636.2323751915152,10,0,0.0,4.473610864122861,10.236094328804711,0,0.0,3.534818334786678,13.416369343442966,31.660892871157216
Truck_3,638.2633811550514,10,0,0.0,6.134679119013867,19.532499419860414,0,0.0,1.8441241344692116,9.981948372708302,37.493251046051796
Truck_6,646.4663001569174,10,0,0.0,6.159334578241101,12.125567141521401,0,0.0,2.746077261274877,13.062886079924056,34.093865060961434
Truck_0,654.4873134329594,10,0,0.0,5.661733936666337,14.156099001488997,0,0.0,2.266621736340994,11.791988842684532,33.87644351718086
Truck_2,652.822784691519,10,0,0.0,5.443980612648943,12.945764758431665,0,0.0,3.21187432788156,14.819710913778522,36.42133061274069
Truck_1,660.9363374148936,11,0,0.0,3.0653705342851936,16.650013445941568,0,0.0,1.5149421469258186,14.713909451686959,35.94423557883954
Truck_5,667.6733220664909,11,0,0.0,3.6823302662489823,10.352992410823163,0,0.0,3.3868490345098508,12.247543912064316,29.66971562364631
Truck_7,667.8932680626724,11,0,0.0,4.033888786642592,14.602189088286877,0,1.030852546081178,2.911251632898029,8.492399150988263,31.07058120489694
Truck_4,661.1340999783057,11,0,0.0,5.896403051815923,17.050817698158653,0,1.0141730497925892,2.4647047056101883,12.824710099827598,39.25080860520495
Truck_9,663.0620843409785,11,0,0.0,3.1072793284649833,19.19140250650912,0,0.7243949176909155,1.9281212841443676,12.836683742686091,37.78788177949548
Truck_8,659.3791319325468,10,0,0.0,4.750176769886025,19.493185102576376,0,0.0,2.462667288634293,14.848341186704488,41.55437034780118
Truck_3,675.7566322011032,11,0,0.0,6.205792289772035,11.079288380252365,0,0.0,3.0885617304172683,9.343851496764387,29.717493897206054
Truck_6,680.5601652178789,11,0,0.0,3.9554841083311203,10.44613557816001,0,0.0,3.007593068193728,11.360654232733395,28.769866987418254
Truck_3,0.0,0,0,0.0,4.994211753394259,11.023381430538658,0,0.0,3.6303567180525214,8.947398995453867,28.595348897439305
Truck_4,0.0,0,0,4.510946606096155,5.235437768691119,13.692022560993012,0,0.7147701391507653,2.3547485279980833,8.019859175787737,34.52778477871687
Truck_1,0.0,0,0,0.0,5.974487943926433,16.679890525629553,0,0.0,1.4987986053750646,10.648196752389033,34.801373827320084
Truck_0,0.0,0,0,0.0,4.510946606096155,12.736828845301389,0,0.0,3.725626212319149,13.964072226735787,34.93747389045248
Truck_2,0.0,0,0,0.0,5.693975019600473,12.005057374186858,0,1.9489175081981074,3.6971147549146757,11.76595974560167,35.11102440250178
Truck_6,0.0,0,2,5.693975019600473,4.939270033608319,14.766214912064633,0,0.0,1.2437446000473749,9.544732976085427,36.18793754140623
Truck_7,0.0,0,3,5.974487943926433,5.3885960039838325,11.811452176135592,0,0.17052853285425584,1.7677880188380115,11.456086383325157,36.56893905906328
Truck_5,0.0,0,1,4.994211753394259,4.8704954785513745,16.198967860614683,0,0.4442505103688177,1.9109216341068098,9.449777691305773,37.86862492834172
Truck_9,0.0,0,5,9.864707231945633,4.898982142781847,15.826149662342278,0,0.0,2.5376209861782613,12.616119020753516,45.743579044001535
Truck_8,0.0,0,4,9.746384374787274,3.8199215875991115,19.919979653998517,0,0.0,3.0415867606910254,13.323972327565876,49.851844704641806
Truck_3,28.595348897439305,0,0,0.0,6.15140914947413,11.40056531776932,0,0.0,2.052259367516136,9.200834487568066,28.805068322327653
Truck_0,34.93747389045248,0,0,0.0,4.769835106723129,10.087694341279821,0,0.0,3.4197177420137095,9.073721160001867,27.350968350018526
Truck_4,34.52778477871687,0,0,0.0,4.9628587587641775,17.890546681543952,0,0.0,2.4621372627490814,8.962310769225894,34.277853472283105
Truck_6,36.18793754140623,0,0,2.3515385042961796,5.367339826478265,11.810859192933357,0,0.0,3.6944624370419845,10.012652094629573,33.23685205537936
Truck_2,35.11102440250178,0,0,0.0,3.4284516432006242,19.675058479252506,0,1.1976029772011003,2.497541343423684,8.33532482980673,35.133979272884645
Truck_5,37.86862492834172,0,2,1.6220186091393316,5.262701753413694,15.790101575447444,0,1.3662319792375115,2.3624884110785516,8.018807724341357,34.42235005265789
Truck_1,34.801373827320084,0,0,0.0,4.417507127991286,19.565087500978287,1,1.0593590254844258,2.7436578038774115,11.639920494642155,39.425531952973564
Truck_7,36.56893905906328,0,1,2.6499418962480874,5.649130889472993,19.361798131587634,0,0.0,2.71401451232137,10.336195951549271,40.711081381179355
Truck_9,45.743579044001535,0,0,0.0,4.5438009381067985,15.302150948889661,0,0.0,2.5398553286442223,13.525700171148472,35.911507386789154
Truck_8,49.851844704641806,0,0,0.0,6.122132897390905,17.444484087286433,0,0.0,2.6915072468770376,11.291942817700047,37.55006704925442
Truck_3,57.40041721976696,0,0,0.0,2.9250478112242178,19.144505998667988,0,0.0,2.454999537372899,9.943069240784553,34.46762258804966
Truck_6,69.42478959678559,1,0,0.0,3.279589730457573,11.837627102764287,0,0.0,3.039194497864699,8.67023052236732,26.82664185345388
Truck_0,62.28844224047101,1,0,0.0,6.2009764007996395,15.454625893956475,0,0.0,2.397990389778755,13.714110743053126,37.767703427587996
Truck_4,68.80563825099998,1,0,0.0,3.979673213034303,12.39369859325619,0,1.1630248677154071,3.39732043464565,10.64919361370913,31.58291072236068
Truck_2,70.24500367538643,1,0,0.0,5.824920067803404,13.463137746556058,0,0.0,1.6386817468500965,9.235014465217603,30.16175402642716
Truck_5,72.29097498099961,1,0,0.0,3.3982311933393845,15.99455386132955,0,0.0,2.501761966476721,14.840072607010299,36.734619628155954
Truck_7,77.28002044024264,1,0,0.0,3.4913251068994526,16.435246351528804,0,0.0,2.8496911421675293,12.912100221323897,35.68836282191968
Truck_1,74.22690578029365,1,0,0.0,3.0307920303396827,18.812793869895728,0,0.0,3.504941849881831,13.397100462876324,38.745628212993566
Truck_9,81.65508643079069,1,0,0.0,4.085891292176811,17.56267671282886,0,0.0,2.0905372110621556,10.141775905018946,33.88088112108677
Truck_3,91.86803980781661,1,0,0.0,3.9436359713670583,11.248832627877007,0,0.0,3.2297272780534882,8.62538760391088,27.047583481208434
Truck_8,87.40191175389623,1,0,0.0,5.462554759581252,10.239492862419908,0,0.0,3.3464208619229936,14.172418608801436,33.22088709272559
Truck_0,100.056145668059,1,0,0.0,4.008065157674878,12.487972389483303,0,0.0,2.7585367902828466,9.890497856040753,29.14507219348178
Truck_6,96.25143145023947,1,0,0.0,5.6780172702181915,16.19397322689943,0,0.0,3.0255343923789866,11.1657727941312,36.06329768362781
Truck_2,100.40675770181359,1,0,0.0,6.0933972935686285,15.676869217326669,0,0.0,3.3041351268184656,10.127594909452796,35.20199654716656
Truck_4,100.38854897336066,1,0,0.0,5.8230033888092265,14.938092262193393,0,0.0,3.75705988620264,13.21615328881326,37.73430882601852
Truck_5,109.02559460915556,1,0,0.0,3.6832583107497925,18.372412206707253,0,0.0,3.8060070800327424,9.76025901252612,35.62193661001591
Truck_1,112.97253399328721,1,0,0.0,5.622848964492292,17.39443936202524,0,0.0,2.7716785576133702,8.118184173351011,33.90715105748191
Truck_3,118.91562328902505,1,0,0.0,5.849958556399471,13.318255073418129,1,0.6776639585754651,2.564586152238462,9.538910872407996,31.949374613039524
Truck_7,112.96838326216232,1,0,0.0,6.046631739855172,17.100397104263237,0,0.0,2.1074366230420765,13.223804483305429,38.478269950465915
Truck_9,115.53596755187746,1,0,0.0,4.859694298157379,17.515980272159922,0,0.3112066071280424,3.2823397809490586,12.513760549943697,38.4829815083381
Truck_8,120.62279884662182,2,0,0.0,5.481241487950001,13.473947068867247,0,1.7480996262175097,1.7383355024702212,14.404245719094547,36.845869404599526
Truck_0,129.20121786154078,2,0,0.0,3.1297644924130736,13.436225728879748,0,0.0,2.4153310330823388,13.574089563479276,32.55541081785444
Truck_6,132.31472913386727,2,0,0.0,4.386828011796695,10.444295397576923,0,0.0,2.0111842226868646,12.972305462079447,29.81461309413993
Truck_2,135.60875424898015,2,0,0.0,2.8336630645715104,19.46378843442716,0,0.0,3.150726261776782,11.576500477606459,37.02467823838191
Truck_4,138.12285779937918,2,0,0.0,5.146399003765339,19.889739631079777,0,0.0,3.3909250125642245,14.620682263379422,43.04774591078876
Truck_5,144.64753121917147,2,0,0.0,3.765977172479552,19.01028606618118,0,0.0,2.3249888814615076,12.022992771711444,37.12424489183368
Truck_1,146.87968505076913,2,0,0.0,5.246174123925869,13.958037895351652,0,0.0,2.95524929156457,13.00439241404095,35.16385372488304
Truck_7,151.44665321262823,2,0,0.0,6.073035810386585,15.369345215361733,0,0.0,1.6403338343429539,11.306513859048806,34.38922871914008
Truck_3,150.86499790206457,2,0,0.0,3.8900227797837488,16.26658324994031,0,0.0,1.5141217679310444,14.719984548344769,36.39071234599987
Truck_0,161.75662867939522,2,0,0.0,6.0035310837298255,10.414490763283482,0,0.0,3.183656517206714,8.656323381343896,28.258001745563917
Truck_9,154.01894906021556,2,0,0.0,4.154404912317034,16.914211688135367,0,0.0,1.2910405076417817,14.456864232075787,36.81652134016997
Truck_8,157.46866825122135,2,0,0.0,5.782199242221509,17.14273534966003,0,0.0,3.5069403385559497,13.865077252442063,40.29695218287955
Truck_6,162.1293422280072,2,0,0.0,5.150336960188383,18.498794789338206,0,0.0,2.5741231615120057,13.79921824712406,40.022473158162654
Truck_2,172.63343248736206,2,0,0.0,4.66918224390156,18.3595925539677,0,0.0,2.3396231834979915,12.261235933573971,37.62963391494122
Truck_5,181.77177611100515,3,0,0.0,3.8676641344764846,18.66725160767865,0,0.0,2.396106948299746,9.101366936250571,34.03238962670545
Truck_7,185.8358819317683,3,0,0.0,4.294018681248758,10.18252032309232,0,0.0,3.8237448020533975,11.733578796645986,30.03386260304046
Truck_1,182.04353877565217,3,0,0.0,5.262582769828498,18.19189328087367,1,2.2344437766167005,2.089795505065723,8.697686977444107,36.4764023098287
Truck_4,181.17060371016794,3,0,0.0,5.802918906824317,17.27553869395919,0,0.0,3.483397292019589,12.656704643866277,39.218559536669375
Truck_9,190.83547040038553,3,0,0.0,4.942188795093813,10.369425459003594,2,2.7460059838612096,3.5917138238400526,8.75100957075719,30.40034363255586
Truck_0,190.01463042495914,3,0,0.0,5.79761396598937,11.280880133891145,2,2.729129583197107,2.989736527625041,9.7356237089067,32.532983919609364
Truck_3,187.25571024806445,3,0,0.0,5.546957410333221,12.062521109286365,0,1.8376100337760022,2.190291836884114,14.485793633115009,36.12317402339471
Truck_6,202.15181538616986,3,0,0.0,2.943141858125216,13.844505886287322,0,0.0,3.114525987233833,11.535918719173736,31.438092450820108
Truck_8,197.7656204341009,3,0,0.0,4.4065478701258485,14.723814015738327,0,0.0,3.614979916234205,13.639934877945763,36.38527668004414
Truck_2,210.26306640230328,3,0,0.0,3.441619185420791,16.152895932154877,0,0.0,3.055064185530483,10.111236919745352,32.7608162228515
Truck_3,223.37888427145916,3,0,0.0,3.5575133363799125,11.030417202650113,0,0.0,3.5038359288400898,8.993665445310398,27.085431913180514
Truck_5,215.8041657377106,3,0,0.0,4.468406607679498,18.23081093647974,0,1.0196465643209365,3.7690749732526285,8.312117107109202,35.80005618884201
Truck_9,221.2358140329414,3,0,0.0,5.509666120477135,13.745012499483636,0,0.9801580864271102,2.7653969203615247,9.281159497339502,32.28139312408891
Truck_7,215.86974453480877,3,0,0.0,4.581324060988095,17.16172163149136,0,0.0,1.9102396189025512,14.962365978821424,38.61565129020343
Truck_4,220.3891632468373,3,0,0.0,5.315483650165959,16.374317273104168,0,1.213140649335969,1.5591765878306205,11.6702887570911,36.13240691752782
Truck_0,222.5476143445685,3,0,0.0,5.535554711260033,14.116254429762023,1,2.0366241741002398,2.666287604430181,10.510118808775275,34.86483972832775
Truck_1,218.51994108548087,3,0,0.0,4.65846301627613,19.138800156624654,2,2.5340771488923792,3.731291748245553,13.303676800499886,43.3663088705386
Truck_8,234.15089711414504,3,0,0.0,5.027655614776563,13.747798012602772,0,0.0,2.9344340781773894,11.800585450320881,33.510473155877605
Truck_6,233.58990783698997,3,0,0.0,3.888923356003062,17.22298649881131,0,0.0,2.608349886452203,13.574056859326674,37.29431660059325
Truck_2,243.02388262515478,4,0,0.0,5.1954961100600485,11.956827382019526,0,0.0,3.660989895295927,13.984046358391936,34.79735974576744
Truck_5,251.6042219265526,4,0,0.0,3.165855333836788,10.061714301914122,0,0.0,2.7927279057234387,12.010755288415055,28.031052829889404
Truck_3,250.46431618463967,4,0,0.0,4.983672497919883,14.569223886830315,0,0.0,3.3792097390463596,10.878624774333787,33.810730898130345
Truck_7,254.4853958250122,4,0,0.0,5.410707956950574,11.775608668561517,0,1.7247098579119324,2.156334094625606,10.505781577265907,31.573142155315537
Truck_4,256.52157016436513,4,0,0.0,4.627441468632412,12.200656253582622,1,0.0683632207499727,3.0205744384531954,10.58322436407451,30.500259745492713
Truck_9,253.5172071570303,4,0,0.0,2.453741168392611,13.738538715370566,0,0.0,3.7085440665366605,14.417525343573686,34.318349293873524
Truck_0,257.41245407289625,4,0,0.0,5.396582471242311,16.896992474352373,0,0.0,2.152661563415677,12.293135479981856,36.73937198899222
Truck_1,261.88624995601947,4,0,0.0,6.113980568973773,17.264125809167922,0,0.0,3.2540068956303685,11.474215744142953,38.106329017915016
Truck_6,270.8842244375832,4,0,0.0,5.071627571881095,17.80984048472294,0,0.0,2.119999710919501,10.653525698664737,35.65499346618827
Truck_8,267.66137027002264,4,0,0.0,4.233722401277248,19.600303926717743,0,0.0,3.5519300218171566,12.804715415913734,40.19067176572588
Truck_2,277.8212423709222,4,0,0.0,5.301948815741298,10.816482436890794,0,1.1076529962804784,2.6521464558612706,10.40186969369364,30.280100398467482
Truck_7,286.05853798032774,4,0,0.0,2.484831768898914,11.077483375719055,0,2.658526492822091,1.8502036080205357,8.803536081311279,26.874581326771875
Truck_3,284.27504708277,4,0,0.0,3.086707792759455,12.233574513787119,0,0.0,3.3453575635204515,11.627902349031444,30.29354221909847
Truck_5,279.635274756442,4,0,0.0,3.305973770401579,16.20980729278125,0,0.0,3.128323798142958,13.137177253660525,35.78128211498631
Truck_9,287.8355564509038,4,0,0.0,4.601737286256139,11.882867497681445,0,0.0,3.7475609371369387,8.22567713141865,28.457842852493172
Truck_4,287.02182990985784,4,0,0.0,5.721570530789791,17.120434193439564,0,0.0,2.9482583946372074,8.425725158199839,34.2159882770664
Truck_0,294.15182606188847,4,0,0.0,2.559120414584811,15.436150081669155,0,0.0,2.3579505371469622,11.852510554733954,32.20573158813488
Truck_1,299.9925789739345,4,0,0.0,5.662034901624509,11.985385639084086,0,0.0,3.734744266677808,10.553564015775407,31.93572882316181
Truck_8,307.8520420357485,5,0,0.0,2.7037856329521333,12.78029045946721,0,0.0,2.8472613681967687,10.905386770857262,29.236724231473374
Truck_6,306.5392179037715,5,0,0.0,5.572581144542767,14.713791603718505,0,0.0,2.096655416231897,9.128876929474131,31.5119050939673
Truck_2,308.1013427693897,5,0,0.0,3.457435042971781,16.88254515584316,0,0.0,3.0996487664879737,9.895102757080394,33.33473172238331
Truck_5,315.4165568714283,5,0,0.0,4.84359584312665,10.346572455442697,0,0.0,2.0406854003872468,8.793075334771515,26.02392903372811
Truck_7,312.9331193070996,5,0,0.0,3.6601636133420357,19.290764372055207,0,0.0,3.7981400643409984,8.631113107278054,35.380181157016295
Truck_3,314.5685893018685,5,0,0.0,5.17185971878655,17.30199599950913,0,0.0,3.367093973493411,10.68060246041722,36.52155215220631
Truck_9,316.293399303397,5,0,0.0,4.77511882888632,16.919167631881294,1,2.4218532294929673,2.626432500453518,11.188158303114335,37.930730493828435
Truck_4,321.23781818692424,5,0,0.0,6.069726219551967,10.04715335329945,0,2.327489597062197,3.707881198218047,14.651400998519023,36.80365136665068
Truck_0,326.35755765002335,5,0,0.0,5.811124020809245,15.314256017408297,0,0.0,3.3922493420850515,8.850077017655167,33.36770639795776
Truck_1,331.9283077970963,5,0,0.0,6.220245891667105,17.224495456684394,0,0.0,3.493190248982444,8.44705715844509,35.384988755779034
Truck_2,341.436074491773,5,0,0.0,6.193075650537082,12.095807015054959,0,0.0,1.6919306682175375,9.178448519721655,29.159261853531234
Truck_8,337.0887662672219,5,0,0.0,2.8821221247092126,15.897542737548179,0,0.0,2.2457199216673303,14.309767436508878,35.3351522204336
Truck_6,338.0511229977388,5,0,0.0,5.602714814295382,18.582059971133674,0,0.0,1.5048162173727064,9.872189456312867,35.56178045911463
Truck_3,351.0901414540748,5,0,0.0,6.167667742564618,11.222265571601213,0,0.0,3.454995454023731,8.000561283229558,28.84549005141912
Truck_5,341.44048590515644,5,0,0.0,5.011772948541136,19.525282548762448,0,0.0,2.997562753849479,14.348740312513996,41.88335856366706
Truck_7,348.3133004641159,5,0,0.0,4.021932075899656,17.057778673774123,0,0.0,2.818432224320418,12.688677963735529,36.586820937729726
Truck_9,354.22412979722543,5,0,0.0,5.9804765770685435,13.52860397777522,0,0.0,1.8957349649845696,9.816358449443669,31.221173969272
Truck_4,358.0414695535749,5,0,0.0,4.717640207278919,10.42110145021178,0,0.0,3.6673154753209474,9.215756175778893,28.021813308590538
Truck_0,359.7252640479811,5,0,0.0,2.9768636354559135,17.96798482957945,0,0.0,2.576976254467354,10.061176692609195,33.58300141211191
Truck_1,367.31329655287533,6,0,0.0,4.466798376614406,10.661850859524577,0,0.0,2.9966135357866506,12.755790285633964,30.881053057559598
Truck_2,370.59533634530425,6,0,0.0,5.70318510706619,15.94000309729688,0,0.0,2.3322657359851178,11.77623741287266,35.75169135322085
Truck_6,373.6129034568534,6,0,0.0,5.20818287227911,10.968196852115,0,0.0,2.9507242986061897,13.88161676863922,33.00872079163952
Truck_8,372.4239184876555,6,0,0.0,5.778321524215244,16.60975941413068,0,0.0,3.1821153290238726,9.905043963627747,35.47524023099754
Truck_5,383.3238444688235,6,0,0.0,4.246685427840987,10.903648815789666,0,0.0,1.9007517888757093,12.443199028250547,29.49428506075691
Truck_3,379.9356315054939,6,0,0.0,5.690131222142668,13.385908535040414,0,0.0,2.8886977791353274,11.947919095109853,33.91265663142826
Truck_9,385.44530376649743,6,0,0.0,2.290400443751082,14.953915986150776,0,0.0,3.4913809064019574,9.246183132332476,29.98188046863629
Truck_7,384.90012140184564,6,0,0.0,3.5644933218712254,18.285916413326163,0,0.0,2.750479529278948,11.233137117505407,35.834026381981744
Truck_4,386.06328286216547,6,0,0.0,3.731646892728463,14.931806131879739,0,0.0,3.141202432953037,14.862869345222293,36.66752480278353
Truck_1,398.1943496104349,6,0,0.0,4.652269842643591,11.28126905424574,0,0.0,2.1255955431278153,9.620203830503044,27.67933827052019
Truck_0,393.308265460093,6,0,0.0,4.204287235957736,14.892388486550942,0,0.0,2.895336620549813,11.607831007719142,33.59984335077763
Truck_8,407.89915871865304,6,0,0.0,3.9103504527948303,16.91257793589932,0,0.7632006768153019,2.1453130063932804,8.740371084358628,32.47181315626136
Truck_2,406.3470276985251,6,0,0.0,5.4931199922539236,14.434593920374084,0,0.0,3.641914345964608,11.648956942027553,35.21858520062017
Truck_9,415.4271842351337,6,0,0.0,2.3757874015825564,14.220618905854622,0,0.0,1.6677130326089582,8.576077352545155,26.84019669259129
Truck_6,406.62162424849294,6,0,0.0,6.143406697166824,13.680733340162874,0,0.0,3.039523498339861,13.792277778684706,36.655941314354266
Truck_3,413.8482881369222,6,0,0.0,4.169838174917743,14.257584422477805,0,0.0,3.813390319202483,10.988302810222933,33.229115726820964
Truck_5,412.8181295295804,6,0,0.0,5.939900583401254,15.891510086002086,0,0.0,2.5866658140939194,14.468733670791607,38.88681015428887
Truck_7,420.7341477838274,7,0,0.0,4.6739976345376135,15.410903328228528,0,0.0,2.133018660664902,10.030656208176936,32.24857583160798
Truck_4,422.730807664949,7,0,0.0,4.9271182965796925,11.699605196085486,0,0.0,3.722769537018337,12.645875287559534,32.99536831724305
Truck_1,425.8736878809551,7,0,0.0,3.7665783555537473,16.06187692933338,0,0.0,2.544105263151266,13.365286291969767,35.73784684000816
Truck_0,426.90810881087066,7,0,0.0,4.621938347407934,19.914630580197695,0,0.0,3.4934840987322673,14.891468905674742,42.92152193201264
Truck_6,443.2775655628472,7,0,0.0,5.9468296403239265,12.201597902213223,0,1.9520829272957485,2.484210437442357,9.834557380091951,32.419278287367206
Truck_9,442.267380927725,7,0,0.0,2.7127607578073025,15.270603854245337,0,0.0,3.127330492902445,12.675277890349264,33.78597299530435
Truck_3,447.07740386374314,7,0,0.0,5.663786487961431,10.851225310025825,0,0.6451994032821631,3.54563373182242,9.805981074935346,30.511826008027185
Truck_8,440.3709718749144,7,0,0.0,4.772470222356731,18.686971412760954,1,2.031872960090368,3.7865582455562503,8.070502522549646,37.34837536331395
Truck_2,441.56561289914526,7,0,0.0,3.867706972267854,15.03897835263058,0,0.0,3.7653168409688647,14.701171479961431,37.37317364582873
Truck_5,451.70493968386927,7,0,0.0,5.63740538322304,17.303868200894044,0,0.0,2.1641550765635316,10.638788946455975,35.74421760713659
Truck_4,455.72617598219205,7,0,0.0,4.6520387471526305,13.003940549923072,0,0.0,3.4743507789113437,12.434031421302791,33.56436149728984
Truck_7,452.98272361543536,7,0,0.0,5.690021621907931,16.640013489628927,0,1.497609617577666,3.7228222296719764,9.117589076493402,36.6680560352799
Truck_1,461.6115347209633,7,0,0.0,5.55373727207882,14.40282806535555,0,0.0,1.3521063766755788,13.468317055342595,34.776988769452544
Truck_0,469.8296307428833,7,0,0.0,6.009394846875466,13.996417556490258,0,0.0,2.159160014327597,14.395395417485474,36.560367835178795
Truck_8,477.71934723822835,7,0,0.0,3.4364810056906663,10.755542434298604,0,0.0,2.779655853826455,14.513016795725434,31.48469608954116
Truck_6,475.6968438502144,7,0,0.0,5.546187880447974,11.212048733612107,0,0.0,3.157070742765427,13.724497258215251,33.63980461504076
Truck_9,476.05335392302936,7,0,0.0,5.985369460368133,15.643627994790052,0,0.0,2.207576347923748,13.166855135272613,37.003428938354546
Truck_2,478.938786544974,7,0,0.0,5.96495477846122,16.32460538187354,0,0.0,2.789917546380309,13.754175568320989,38.833653275036056
Truck_4,489.2905374794819,8,0,0.0,4.922026884950753,10.059324031774509,0,0.0,3.7097054058687604,13.738671015669013,32.429727338263035
Truck_7,489.65077965071526,8,0,0.0,4.130705972115209,17.731409830517805,0,0.0,3.654031813853635,10.054161416430134,35.57030903291678
Truck_5,487.44915729100586,8,0,0.0,3.7271252519212794,18.75169086479133,0,0.0,3.4331041566413205,13.359733588524364,39.27165386187829
Truck_1,496.3885234904158,8,0,0.0,5.925913991127231,17.111862539716697,0,0.0,2.7053862336587144,12.16249892129622,37.90566168579886
Truck_6,509.33664846525517,8,0,0.0,3.1787838190767843,13.706973348441693,0,0.0,3.7025383885097654,8.28085463187358,28.869150187901823
Truck_8,509.2040433277695,8,0,0.0,4.418600005606606,17.961048958816264,0,0.0,3.3975461553583273,10.862553106594873,36.63974822637607
Truck_0,506.3899985780621,8,0,0.0,5.737625063298083,19.49051877553427,0,0.0,3.370834989503578,14.3014851269877,42.90046395532363
Truck_4,521.7202648177449,8,0,0.0,6.089815307355366,11.852058399429438,0,0.0,2.57293326808292,8.629763889916717,29.14457086478444
Truck_9,513.0567828613839,8,0,0.0,6.061219876521136,18.036868666100304,0,0.0,2.1807454091585896,11.974674453248781,38.25350840502881
Truck_5,526.7208111528842,8,0,0.0,5.242308962986272,10.00924767848312,0,0.2627039982590986,1.8870645823861878,10.521800900286394,27.923126122401072
Truck_2,517.77243982001,8,0,0.0,5.785915336041057,17.60012951990484,0,0.0,2.6122696921892157,12.78222726883871,38.78054181697382
Truck_7,525.221088683632,8,0,0.0,2.713075395050396,19.082514877584117,0,0.0,3.0633268069376527,10.721080066938725,35.57999714651089
Truck_6,538.205798653157,8,0,0.0,2.6816915959770995,11.322268376163947,0,0.0,1.9486463629276614,8.131534899048233,24.08414123411694
Truck_1,534.2941851762147,8,0,0.0,6.026516922028122,12.014044712002601,0,0.0,3.12784332849003,8.675955621579192,29.844360584099945
Truck_3,477.5892298717703,7,0,0.0,5.524661370524541,18.775375589557825,0,0.0,3.6570772261851516,13.57785111699161,97.3317633847293
Truck_8,545.8437915541456,9,0,0.0,6.212669681238367,14.26638355983198,0,0.0,3.0038178735895826,10.685692454785453,34.16856356944538
Truck_9,551.3102912664127,9,0,0.0,4.302687452041823,10.08446883644865,0,0.0,2.1280408495139227,12.746826084771442,29.262023222775838
Truck_4,550.8648356825294,9,0,0.0,6.060596614141218,14.039147924459826,0,0.0,3.2978445251065978,9.254803744540823,32.652392808248464
Truck_5,554.6439372752852,9,0,0.0,4.034787688958318,16.509210709246418,0,0.0,3.5785820640820702,10.119614843369163,34.24219530565597
Truck_0,549.2904625333857,9,0,0.0,4.633377433358191,19.68874817148526,0,0.0,2.549772493550904,13.375890851293434,40.24778894968779
Truck_7,560.8010858301429,9,0,0.0,2.2810215660363156,15.472285099823239,0,0.0,2.6569924094369526,10.846317725279164,31.25661680057567
Truck_1,564.1385457603146,9,0,0.0,5.175834870658036,12.037033833660644,0,0.0,3.437991086326747,10.359566190246596,31.010425980892023
Truck_2,556.5529816369839,9,0,0.0,5.890562506702395,19.64040766995356,0,0.0,3.3758558398616287,11.596606696455297,40.50343271297288
Truck_6,562.2899398872739,9,0,0.0,5.345510250645702,15.181009288789255,0,1.9729461242511661,3.047221925883264,10.327897386433278,35.874584976002666
Truck_3,574.9209932564996,9,0,0.0,6.1754920933957465,10.365274466797132,0,0.0,3.625088639179353,13.934113800162322,34.09996899953455
Truck_8,580.012355123591,9,0,0.0,4.455912067768736,12.649130489238928,0,0.0,2.0041825660184713,11.302824339892481,30.412049462918617
Truck_4,583.5172284907778,9,0,0.0,3.574248866084531,13.967079476527942,0,0.0,3.3857575741513983,8.43424797800617,29.36133389477004
Truck_9,580.5723144891886,9,0,0.0,5.722357028947613,17.22285183109807,0,0.0,2.0771630016910194,10.057982103012478,35.08035396474918
Truck_5,588.8861325809412,9,0,0.0,4.527601705524262,18.11474540710401,0,0.0,1.9951131922985041,10.1467488960742,34.78420920100098
Truck_0,589.5382514830735,9,0,0.0,3.662522877934066,13.556623870158774,0,0.0,3.6790146975828293,13.774414448131438,34.67257589380711
Truck_1,595.1489717412067,9,0,0.0,5.211694609896199,13.93212320503585,0,0.0,3.568024802526452,12.108562696984677,34.82040531444318
Truck_7,592.0577026307186,9,0,0.0,5.6444277921456205,15.561734832290426,0,0.0,3.609182839435448,14.06270082687854,38.878046290750035
Truck_6,598.1645248632766,9,0,0.0,5.12089384035346,12.344954298040989,0,1.2426750929190575,1.5324349642979769,12.970095763789232,33.211053959400715
Truck_2,597.0564143499568,9,0,0.0,3.6124353186679627,17.496914027208845,0,0.0,3.152313941469856,12.094608627530988,36.35627191487765
Truck_8,610.4244045865096,10,0,0.0,5.813765083259227,10.756492785700061,0,0.0,3.616138742107296,8.968016957246846,29.15441356831343
Truck_4,612.8785623855479,10,0,0.0,4.628708444537892,15.4522027308426,0,0.0,2.176346841976624,9.855709532813762,32.11296755017088
Truck_9,615.6526684539377,10,0,0.0,2.21597116741475,15.517166226264521,0,1.7500145552879758,2.4227018716026123,8.210715903416826,30.116569723986686
Truck_3,609.0209622560342,10,0,0.0,4.1105318603390515,19.854496758576715,0,0.0,3.080956730273556,13.326978188835255,40.37296353802458
Truck_5,623.6703417819422,10,0,0.0,3.3645256181237073,19.852791613043223,0,0.0,3.3643398751049745,9.844022655860726,36.42567976213263
Truck_0,624.2108273768806,10,0,0.0,4.992991890693929,18.85972879335634,0,0.0,3.427967881863424,10.168321218590904,37.4490097845046
Truck_6,631.3755788226773,10,0,0.0,4.41355254307291,17.910071668310366,0,0.0,2.261413551795158,10.150337796966028,34.73537556014446
Truck_7,630.9357489214686,10,0,0.0,4.637103857362376,18.47004722783697,0,1.9177165791877542,2.2132376066442703,9.940884428985783,37.178989700017155
Truck_2,633.4126862648344,10,0,0.0,5.823290393354341,17.396474470634985,0,0.0,2.1887380289265366,11.823210338405943,37.231713231321805
Truck_1,629.9693770556498,10,0,0.0,6.153908216948366,17.168922977103307,0,0.0,3.0752480594310327,14.303854901005252,40.70193415448796
Truck_8,639.578818154823,10,0,0.0,6.199748482300379,19.44617362169754,0,0.0,1.481990663739225,9.774405376073673,36.90231814381082
Truck_9,645.7692381779244,10,0,0.0,6.237084000280788,14.313086483998859,0,0.0,2.1338223197985826,11.944599739450723,34.62859254352895
Truck_4,644.9915299357187,10,0,0.0,5.825780391703802,19.724885605114764,0,0.0,3.6463480712288856,10.469692216292515,39.666706284339966
Truck_3,649.3939257940588,10,0,0.0,2.3691642313734746,15.65892940700951,0,0.0,3.2171877495143235,14.334124320934848,35.579405708832155
Truck_0,661.6598371613852,11,0,0.0,5.276820824232118,13.867434539961778,0,0.0,2.522802167767054,8.218214233961021,29.88527176592197
Truck_5,660.0960215440748,11,0,0.0,5.032898143506827,18.529953264807432,0,0.0,2.8164982513970926,13.647713668440701,40.02706332815205
Truck_6,666.1109543828218,11,0,0.0,3.312921222564796,15.124448569950914,0,0.0,2.8706493301069713,14.559025156739608,35.86704427936229
Truck_1,670.6713112101378,11,0,0.0,3.365549384867336,15.555057896675066,0,0.0,3.8132414048005785,10.093748059134668,32.82759674547765
Truck_2,670.6443994961562,11,0,0.0,4.461671525234237,17.417260066192398,0,0.0,2.3679833460278132,11.542030663363562,35.78894560081801
Truck_7,668.1147386214858,11,0,0.0,5.690153936510569,19.04375493901523,0,0.5565123994691703,2.894124125449025,12.065796807143329,40.25034220758732
Truck_9,680.3978307214534,11,0,0.0,5.513304542748983,10.821499288759696,0,0.0,3.6440839756971855,11.353522855350775,31.33241066255664
Truck_8,676.4811362986338,11,0,0.0,4.243615349729566,19.551793111221286,0,0.0,2.3697647114196343,14.994896266333626,41.16006943870411
Truck_3,684.9733315028909,11,0,0.0,4.865679559388013,13.494862787222019,0,0.0,3.7452450951182072,11.54515992125664,33.65094736298488
Truck_3,0.0,0,0,0.0,4.071969971531296,10.367474170613416,0,0.0,2.317788174624173,8.966229646876798,25.723461963645683
Truck_2,0.0,0,0,0.0,4.225329700353705,12.812193414077395,0,0.0,1.614343534329116,12.915186217600162,31.567052866360378
Truck_4,0.0,0,0,4.071969971531296,3.1538416848838136,10.600851834782032,0,0.0,2.4468922062521727,13.567175782252516,33.84073147970183
Truck_5,0.0,0,1,4.225329700353705,4.591420446136865,12.21152018785368,0,0.0,3.491715089803229,14.078679076121887,38.598664500269365
Truck_0,0.0,0,0,0.0,4.651575418450493,17.964984445688103,0,1.903425560008884,3.2913562919183192,10.908880351538947,38.720222067604745
Truck_1,0.0,0,0,0.0,5.74033354029962,16.375796740486695,0,0.0,3.7619092525959736,14.52030808580658,40.39834761918887
Truck_6,0.0,0,2,4.651575418450493,5.36171145504707,15.584342303939053,1,2.2137125386291814,2.4377075041896603,11.553788866477383,41.80283808673284
Truck_8,0.0,0,4,7.225811656415109,4.472755996774671,15.29415946451942,2,3.2563221025462568,3.466784921619414,10.021441581329988,43.73727572320486
Truck_9,0.0,0,5,8.81675014649057,5.225845347622357,10.170833875486469,1,1.6646101637828927,3.3808420926182805,14.620541788348195,43.879423414348764
Truck_7,0.0,0,3,5.74033354029962,5.201109520051983,15.339344959737296,1,2.9780936059116705,3.0392334995977244,14.457294155302783,46.75540928090108
Truck_3,25.723461963645683,0,0,0.0,3.1482240887256445,16.540201817936126,0,0.0,2.443807651797975,9.779273474186496,31.91150703264624
Truck_4,33.84073147970183,0,0,0.0,4.359868736063291,15.127707475509247,0,0.0,1.8415358697221649,9.268442335041307,30.59755441633601
Truck_2,31.567052866360378,0,0,0.0,5.63637018615502,14.072740234379886,0,0.0,2.042574246928858,12.641069452787484,34.39275412025125
Truck_5,38.598664500269365,0,0,0.0,6.1614738664082935,15.735536268114657,0,0.0,3.089013982888929,11.25447469100829,36.24049880842017
Truck_8,43.73727572320486,0,0,0.0,3.4657960749775327,16.503112285629342,0,2.487691391737755,1.627498172275736,8.664862310274074,32.74896023489444
Truck_6,41.80283808673284,0,0,0.0,4.110665513346731,15.798987495896789,0,1.6348043686923859,3.3109882729380615,10.795685608325414,35.65113125919938
Truck_0,38.720222067604745,0,0,0.0,3.304597114766743,19.309820333415715,0,0.0,2.0126559488815445,14.459763383564237,39.08683678062824
Truck_1,40.39834761918887,0,0,0.0,6.2184307557810286,18.84606673396968,2,2.3585285388856505,3.7905189037948332,8.735869847621416,39.94941478005261
Truck_7,46.75540928090108,0,0,0.0,5.6543499102484205,10.328195292444029,1,0.8467341340877184,2.609186857868245,14.868309712881427,34.30677590752984
Truck_9,43.879423414348764,0,0,0.8807149523288942,5.059264417688432,14.429865593798311,1,2.4090153594424066,2.7067240791592297,13.726896308785314,39.21248071120259
Truck_3,57.634968996291924,0,0,0.0,5.827642986853682,13.399922447311795,0,0.0,3.5836519529095625,14.501752589929865,37.312969977004904
Truck_4,64.43828589603784,1,0,0.0,3.67217105479304,11.577064893896534,0,0.0,3.7278923448362633,14.412884552606485,33.39001284613232
Truck_2,65.95980698661162,1,0,0.0,4.601921588512653,10.650389319784196,0,0.0,3.6182908827940565,14.018728194249306,32.88932998534021
Truck_6,77.45396934593222,1,0,0.0,5.041429716751622,10.966192574767149,0,0.0,3.205709705972467,10.987355297198107,30.200687294689345
Truck_1,80.34776239924147,1,0,0.10897873135922964,6.038887194452087,12.215634807322829,0,0.0,2.622557591533493,10.01123140889375,30.997289733561388
Truck_0,77.80705884823298,1,0,0.0,4.428635682822602,13.237685443907893,0,0.0,3.6227170393068917,13.34887041461586,34.637908580653246
Truck_9,83.09190412555135,1,0,0.0,5.051382111149337,10.739029826987661,0,0.21378095058202007,2.32768742780371,12.361620383835486,30.693500700358214
Truck_7,81.06218518843092,1,0,1.1735093426246692,4.510718776239372,15.011909765151856,0,2.733504405199838,3.6377509200970053,8.219590110708978,35.28698332002172
Truck_5,74.83916330868954,1,0,0.0,5.617577821911169,18.437444778610427,1,2.439634814697982,3.1580067537375385,12.062795828543301,41.71545999750042
Truck_8,76.4862359580993,1,0,0.0,6.14683920564822,17.058386857030825,1,1.7323224212957342,3.66351446875062,14.821026592295084,43.422089545020484
Truck_3,94.94793897329683,1,0,0.0,3.0407979550828372,10.908759314489075,0,0.0,1.6238347056771545,9.80327806196685,25.376670037215916
Truck_2,98.84913697195184,1,0,0.0,4.603519091252991,11.592603370654516,0,0.0,3.775669913225684,8.970579426202477,28.942371801335668
Truck_4,97.82829874217016,1,0,0.0,5.887175106542244,12.488398423673189,0,0.0,3.2031344576421645,10.659623647562412,32.23833163542001
Truck_6,107.65465664062157,1,0,0.0,2.3057361767431956,17.09466818485525,0,0.0,3.514282886394909,8.991156212889962,31.905843460883318
Truck_9,113.78540482590957,1,0,0.0,3.2618423298503956,10.26216251705786,0,0.0,3.5525782324483828,12.792714470702975,29.869297550059613
Truck_0,112.44496742888623,1,0,0.0,3.0876658047140637,19.202209247938995,0,0.0,3.457916844298296,11.163620982026742,36.9114128789781
Truck_1,111.34505213280286,1,0,0.0,2.4952252689680847,18.953053630876298,0,0.0,2.379182849523005,14.785657306242229,38.613119055609616
Truck_5,116.55462330618995,1,0,0.0,6.204706693176803,15.926837787488566,0,0.0,3.1039414973857333,12.339826447931557,37.57531242598266
Truck_8,119.90832550311978,1,0,0.0,6.237074758586687,17.021980448774684,0,0.0,1.39579046797121,10.322868870906348,34.97771454623893
Truck_3,120.32460901051275,2,0,0.0,6.11109267141822,17.12209111774999,0,0.25974063660748925,1.9387890591302437,11.79736754133927,37.22908102624521
Truck_7,116.34916850845264,1,0,0.0,5.832417364177317,18.887007024800496,0,0.0,2.748940538857994,14.762979112670763,42.23134404050657
Truck_4,130.06663037759017,2,0,0.0,5.3886873410289695,14.646083110972825,0,0.0,2.791606573932995,8.236078390249077,31.062455416183866
Truck_2,127.7915087732875,2,0,0.0,5.3130722807791955,14.356164049730324,0,0.0,3.0004573290973156,11.820784150887135,34.49047781049397
Truck_6,139.56050010150489,2,0,0.0,4.788549484129106,15.358263024972445,0,0.0,3.2082938178266716,14.253261452028937,37.60836777895716
Truck_9,143.65470237596918,2,0,0.0,5.79051302429383,14.386020780251329,0,0.0,3.7158722713998316,9.859152188864329,33.75155826480932
Truck_0,149.35638030786433,2,0,0.0,3.5899756855378087,11.077682227211625,0,0.0,3.4503505896147715,10.336681794739462,28.454690297103667
Truck_5,154.1299357321726,2,0,0.0,5.6952312417651,10.075219445315213,0,0.0,3.154065279379239,9.409956070099014,28.334472036558566
Truck_1,149.95817118841248,2,0,0.0,5.806881513172129,10.120275380657404,0,1.5890607279865208,2.177777506616792,14.479891791880334,34.17388692031318
Truck_8,154.8860400493587,2,0,0.0,4.629664888851352,16.892903495393682,0,0.0,3.0295794109800624,9.325856989442116,33.87800478466721
Truck_7,158.5805125489592,2,0,0.0,4.35614022280447,19.665976624691154,0,0.17997183033222086,2.503309746554777,8.562218839008835,35.26761726339146
Truck_3,157.55369003675796,2,0,0.0,4.52912634581358,15.935136135910767,0,0.0,3.263291593423787,13.257898047446531,36.985452122594666
Truck_4,161.12908579377404,2,0,0.0,3.4949473320671416,15.663591001010246,0,0.9936199850546643,2.565465135145388,11.65121952285449,34.36884297613193
Truck_2,162.28198658378147,2,0,0.0,4.970563939905844,10.959923170645652,0,1.2257141502508375,3.3444133822032427,13.052273710586519,33.552888353592095
Truck_6,177.16886788046205,2,0,0.0,3.3168175416803365,11.2176606350817,0,0.0,2.070009841070174,13.228721103253037,29.833209121085247
Truck_0,177.811070604968,2,0,0.0,5.091751955316909,10.67081381090847,0,0.0,1.7101923768252902,14.861832421740814,32.33459056479148
Truck_5,182.46440776873118,3,0,0.0,5.745958324376204,13.56323502143357,0,0.0,1.770384369801718,12.832087810874611,33.911665526486104
Truck_9,177.4062606407785,2,0,0.0,5.770467388077407,19.123900219939713,0,0.0,3.2952432535279,13.539600149272331,41.72921101081735
Truck_8,188.76404483402592,3,0,0.0,6.181726582573901,14.076740525551344,0,0.0,2.111939209770412,9.51349726030628,31.883903578201938
Truck_4,195.49792876990597,3,0,0.0,2.3614487657775953,13.91887981163319,0,0.0,3.0802189269584233,8.008298971920198,27.368846476289406
Truck_1,184.13205810872566,3,0,0.0,5.231991287962444,19.456055190842022,0,0.0,3.132934438779955,14.280386009872672,42.10136692745709
Truck_3,194.53914215935262,3,0,0.0,4.451815930066715,13.657337291324097,0,2.210180893531742,3.1853884895235183,10.797066239158852,34.301788843604925
Truck_7,193.84812981235066,3,0,0.0,6.0773231882213,11.918305300124075,0,0.10928072561404178,3.6213683896283726,13.961592014310696,35.687869617898485
Truck_2,195.83487493737357,3,0,0.0,4.374481577874519,18.528709202035913,0,0.0,2.8606862418070023,10.36468369896673,36.12856072068416
Truck_6,207.0020770015473,3,0,0.0,6.231886417919071,12.458836063757616,0,0.0,3.692750556045354,10.94214931520321,33.32562235292525
Truck_0,210.14566116975948,3,0,0.0,6.027132809952434,14.16267163519808,0,0.0,3.0912785631318798,9.740625022295603,33.021708030578
Truck_9,219.13547165159585,3,0,0.0,5.8290480340830015,11.149476548099187,0,0.0,1.9791127174106578,8.198858486620964,27.15649578621381
Truck_5,216.37607329521728,3,0,0.0,5.488499543279772,12.944697328657838,0,0.0,2.2505959960902544,12.411445035672443,33.09523790370031
Truck_1,226.23342503618275,3,0,0.0,5.044197530041146,10.142744530072406,0,0.0,3.5584938156420947,10.593122959705852,29.338558835461498
Truck_2,231.96343565805773,3,0,0.0,4.380926407024077,11.497677992477378,1,1.5118089846797034,2.5870280377388326,8.668930637220342,28.646372059140333
Truck_4,222.86677524619537,3,0,0.0,5.162331955185664,18.583115906306944,0,1.870253164461161,3.7876694698037454,8.571185187556068,37.97455568331358
Truck_7,229.53599943024915,3,0,0.0,3.945325171636057,12.304881730197252,0,0.0,3.5676427101564343,11.907333741698892,31.725183353688635
Truck_8,220.64794841222786,3,0,0.0,5.280180610936526,19.375189316601904,0,0.0,3.17915793238285,13.090227153358967,40.92475501328025
Truck_3,228.84093100295755,3,0,0.0,5.585479888921412,16.734029198451594,0,0.7804369896471712,3.790386111358089,14.830761612209642,41.72109380058791
Truck_0,243.16736920033748,4,0,0.0,5.540395530745855,11.166297865843035,0,0.0,3.794401058469134,10.463217817292332,30.964312272350355
Truck_6,240.32769935447254,4,0,0.0,5.452345488532956,18.651535133238326,0,0.0,3.7256793930631034,10.711405677976586,38.54096569281097
Truck_5,249.4713111989176,4,0,0.0,4.714577636825766,10.263439598988214,0,0.0,3.159948375668307,12.738042604163354,30.87600821564564
Truck_9,246.29196743780966,4,0,0.0,4.544627813611129,19.459631382807373,0,0.0,3.107903077586684,14.843123735970778,41.955286009975964
Truck_1,255.57198387164425,4,0,0.0,3.006311883947319,11.707353716363627,0,0.0,3.701510704453142,14.679687199320654,33.09486350408474
Truck_2,260.60980771719807,4,0,0.0,4.875397340444124,13.19861029263268,0,0.0,3.529819807124227,9.147151350890226,30.750978791091256
Truck_4,260.84133092950896,4,0,0.0,2.8730101254153055,10.18091111718951,0,0.0,3.416711685165751,14.760242156446395,31.23087508421696
Truck_8,261.5727034255081,4,0,0.0,5.8206944449170805,11.977856030750331,0,0.0,2.3832613426604325,14.88583149473834,35.067643313066185
Truck_7,261.2611827839378,4,0,0.0,4.766018828024983,18.83536003989167,0,0.0,3.3378949746270905,9.430695730986429,36.36996957353017
Truck_3,270.56202480354546,4,0,0.0,5.535883756643216,14.103125697801545,0,0.0,2.308911156876661,14.19721740977127,36.14513802109269
Truck_0,274.13168147268783,4,0,0.0,4.97275624023672,16.809799889105534,0,0.0,3.5852307529504515,10.609564815156943,35.97735169744965
Truck_5,280.34731941456323,4,0,0.0,4.821505351335816,12.765597052776684,0,0.0,1.4847806433720052,12.778008567052495,31.849891614537
Truck_6,278.8686650472835,4,0,0.0,4.460766177425171,17.955128237318434,0,0.0,1.2456789795662075,14.42954158187672,38.09111497618653
Truck_1,288.666847375729,4,0,0.0,4.7125704913759705,11.336447639153619,0,0.0,2.5486240795905815,12.265816576395764,30.863458786515935
Truck_9,288.2472534477856,4,0,0.0,5.163571552376197,15.972425471438271,0,0.0,3.1582638189357795,9.073226598092731,33.36748744084298
Truck_4,292.0722060137259,4,0,0.0,5.9221084456257245,13.254560771598506,0,0.0,3.785248200917465,9.742829845495066,32.70474726363676
Truck_2,291.3607865082893,4,0,0.0,4.551711485523867,18.590245111387333,0,0.0,2.969906160827577,8.00579313151593,34.117655889254706
Truck_8,296.6403467385743,4,0,0.0,5.699359418516963,18.492575520362607,0,0.0,2.4525485401724154,9.732130067496769,36.376613546548754
Truck_7,297.63115235746795,4,0,0.0,5.939907149177316,15.0411610462196,0,0.0,2.160771978659909,13.89386359178161,37.035703765838434
Truck_0,310.1090331701375,5,0,0.0,4.784930382280493,11.219253486207435,0,0.0,2.3258875620075514,8.739043391420807,27.069114821916287
Truck_3,306.70716282463815,5,0,0.0,3.5661623747733415,19.28376293637234,0,0.0,3.669561855171878,12.823252687305114,39.342739853622675
Truck_6,316.95978002347005,5,0,0.0,6.161527614478871,12.336112808898292,0,0.0,2.908507011926133,9.607706196246681,31.013853631549978
Truck_1,319.5303061622449,5,0,0.0,5.80939463637668,11.225981122982773,0,0.0,3.5228573339329046,8.741530803389878,29.299763896682236
Truck_9,321.6147408886286,5,0,0.0,3.5263340581013836,16.828167188776206,0,0.0,3.4341826789043353,8.592952379594863,32.38163630537679
Truck_5,312.19721102910023,5,0,0.0,6.137086377171727,18.73562583220746,0,1.2960042202939235,3.45677278423409,12.262590686701287,41.88807990060849
Truck_4,324.7769532773627,5,0,0.0,3.0254327231263005,16.88934541380661,0,0.29779085340987876,2.7636820804194713,8.73256860530853,31.70881967607079
Truck_2,325.47844239754403,5,0,0.0,5.976668224863602,10.862967147965605,0,0.0,2.6714444973322315,12.143968985905587,31.655048856067026
Truck_7,334.6668561233064,5,0,0.0,4.349626351523625,14.272877386857544,0,0.0,3.1403769914570603,12.607200500569036,34.370081230407266
Truck_8,333.01696028512305,5,0,0.0,3.789389244597942,16.985933478840593,0,0.0,2.6847600363010997,14.093857022956797,37.55393978269643
Truck_3,346.0499026782608,5,0,0.0,5.85775213544423,11.891831006727273,0,0.0,2.972477881554198,8.665664972590491,29.387725996316192
Truck_0,337.17814799205377,5,0,0.0,5.707358002908336,16.48801220066639,0,0.0,3.1178034677424193,13.155310868345055,38.4684845396622
Truck_6,347.97363365502,5,0,0.0,3.696604184417083,11.745921891176579,0,0.0,1.8417167370237735,13.379376330867842,30.663619143485278
Truck_1,348.83007005892716,5,0,0.0,5.311897938024231,16.45835335934663,0,0.0,2.5742535792078343,14.132822425048744,38.47732730162744
Truck_2,357.13349125361106,5,0,0.0,5.852534314390141,10.757955312631054,0,0.0,3.2748657172544995,10.367447792152802,30.252803136428497
Truck_5,354.0852909297087,5,0,0.0,5.786997762540352,17.041327309356404,0,0.0,1.9403608511154857,12.25253474326496,37.0212206662772
Truck_9,353.9963771940054,5,0,0.0,5.807913473421991,18.43866474399323,0,0.0,3.457060720268373,14.543358595362463,42.246997533046056
Truck_4,356.48577295343347,5,0,0.0,4.616820267152036,19.411213745102373,0,0.0,3.770446131969379,12.788979144152904,40.58745928837669
Truck_7,369.03693735371365,6,0,0.0,5.007942659307787,10.71354033237327,0,0.0,3.439561133640211,12.343601980121264,31.504646105442532
Truck_0,375.64663253171597,6,0,0.0,4.305615993341462,14.566879180261708,0,0.0,3.4590667080520348,10.02031297616901,32.351874857824214
Truck_6,378.6372527985053,6,0,0.0,4.102675698223891,16.747733067360173,0,0.0,2.1203808224876752,9.044355109149308,32.01514469722105
Truck_8,370.5709000678195,6,0,0.0,5.80749534607952,19.202926345220988,0,0.0,3.690345572220508,13.065127123810726,41.76589438733174
Truck_3,375.437628674577,6,0,0.0,4.1638321422981335,19.366264652350424,0,0.0,3.0426787580308314,10.329587411203931,36.90236296388332
Truck_2,387.38629439003955,6,0,0.0,3.696623478712752,13.716640900297705,0,0.0,2.727486110219786,9.198777421670798,29.33952791090104
Truck_5,391.1065115959859,6,0,0.0,3.0845786916460725,12.08448686845719,0,0.0,2.9329228239755594,10.102880075258327,28.20486845933715
Truck_9,396.24337472705145,6,0,0.0,3.9655387077121986,13.668113482823799,0,0.0,2.729211852108449,8.26698961777447,28.629853660418917
Truck_4,397.07323224181016,6,0,0.0,6.203282924587654,11.238414782328448,0,0.0,2.7179705146256197,12.439086940556138,32.59875516209786
Truck_7,400.5415834591562,6,0,0.0,4.961415235254492,10.312382719907873,0,0.7908573553773408,2.932216324779688,12.998342970764725,31.99521460608412
Truck_0,407.9985073895402,6,0,0.0,3.8592667818975883,17.278799642740182,0,0.0,3.592923121411104,11.937461290912267,36.66845083696114
Truck_3,412.33999163846033,6,0,0.0,4.071968302746825,18.08761609312529,0,0.0,2.921871958345605,8.884587974952467,33.96604432917019
Truck_6,410.65239749572635,6,0,0.0,3.602342755404436,18.522860648249832,0,0.0,3.0220346511976572,12.971789073721311,38.11902712857324
Truck_2,416.7258223009406,6,0,0.0,3.7176852350016247,15.917916291054212,0,1.0600241656816252,2.205201762617378,11.358548644446557,34.2593760988014
Truck_8,412.3367944551512,6,0,0.0,5.847599901909064,17.99897547054877,0,0.0,3.3098478224651444,14.580408488561432,41.73683168348441
Truck_5,419.31138005532307,6,0,0.0,5.6055691331705475,18.852410142329063,0,0.0,3.054844980664541,13.876783205571712,41.389607461735864
Truck_4,429.671987403908,7,0,0.0,3.8885474068577537,15.577431062179642,0,0.0,3.155304458246121,9.091883141579046,31.713166068862563
Truck_7,432.5367980652403,7,0,0.0,5.318340877628714,16.094784580553096,0,0.0,3.1229232330127843,10.745411001658908,35.2814596928535
Truck_3,446.3060359676305,7,0,0.0,5.206247770815764,10.755561993103981,0,0.0,2.041015780979592,8.227157698079338,26.229983242978676
Truck_0,444.6669582265013,7,0,0.0,3.1037609268303186,12.378142194329712,0,0.0,3.3471278554502533,9.267054556998858,28.09608553360914
Truck_6,448.7714246242996,7,0,0.0,6.242229744881968,14.170211540175444,0,0.0,3.0153333744403312,9.71632258603347,33.14409724553121
Truck_2,450.985198399742,7,0,0.0,4.392552315092132,13.606346320623118,0,0.0,2.2500191875719224,12.429962947997808,32.67888077128498
Truck_8,454.07362613863563,7,0,0.0,5.238825872240511,14.30596612940866,0,0.0,2.3095425995572896,10.55793064089363,32.41226524210009
Truck_5,460.70098751705893,7,0,0.0,3.094446494546787,12.258147344641486,0,0.0,2.583444086770669,12.159436079872705,30.095474005831647
Truck_4,461.3851534727706,7,0,0.0,5.292444774297792,11.967742615306861,0,0.0,2.5919494993192416,9.976597874868844,29.82873476379274
Truck_1,387.3073973605546,6,0,0.0,4.436859496127113,19.015412339856198,0,0.0,2.840936657411305,11.220778222520323,111.11915902043614
Truck_7,467.8182577580938,7,0,0.0,5.479777364130712,14.55076940503892,0,0.0,2.039881994344171,11.545341025828577,33.61576978934238
Truck_3,472.5360192106092,7,0,0.0,4.734217018595132,13.289246286119635,0,0.0,3.7635766676472144,11.339639234321112,33.12667920668309
Truck_0,472.76304376011046,7,0,0.0,2.8260808926902996,16.96646177927539,0,0.0,2.867604493796364,13.832670506237946,36.492817672
Truck_2,483.66407917102697,8,0,0.0,4.385611659847314,15.76404601629514,0,0.0,3.519213701966976,10.204929749892813,33.87380112800224
Truck_9,424.87322838747036,7,0,0.0,3.7648502202195004,12.470410886900197,0,0.0,2.9266344910377597,11.133044025760626,93.36781424269066
Truck_4,491.2138882365633,8,0,0.0,3.073053103545476,10.707897376931271,1,2.338111832096331,2.562636560258909,10.87235670240051,29.554055575232496
Truck_6,481.9155218698308,8,0,0.0,6.224637895977594,16.458268529452425,0,2.5095703091395762,2.343714218100331,11.784884334815558,39.321075287485485
Truck_8,486.4858913807357,8,0,0.0,4.220635123855573,14.344816339728936,2,4.400369978180493,3.23510451148303,11.728707957536017,37.92963391078405
Truck_5,490.7964615228906,8,0,0.0,4.139096552856188,12.11364034796344,3,2.846388685685099,3.484153073624327,13.975957028778453,36.559235688907506
Truck_1,498.42655638099075,8,0,0.0,5.840619642592969,10.25777951302996,0,0.0,1.9499788997998166,13.214089755620535,31.26246781104328
Truck_7,501.4340275474362,8,0,0.0,5.507161022979005,15.742652381172888,0,0.0,2.4428372508693883,10.11420940852588,33.80686006354716
Truck_0,509.25586143211046,8,0,0.0,4.9917287590864134,14.071791839031448,0,0.0,2.3750888380566266,12.587138468640774,34.02574790481526
Truck_3,505.6626984172923,8,0,0.0,3.100469352740106,16.538601450774877,0,0.0,3.386779542746126,14.918156909159734,37.94400725542084
Truck_9,518.241042630161,8,0,0.0,3.1694428419042424,15.986105846867417,0,0.0,3.0761846355330817,10.213313530106689,32.44504685441143
Truck_8,524.4155252915198,8,0,0.0,3.407546888312254,10.44523810768851,0,1.5328444041210787,3.450345172559878,9.025793121865604,27.861767694547325
Truck_2,517.5378802990292,8,0,0.0,5.684937791530388,14.50294801870507,0,0.0,2.075388582376945,12.663928998493816,34.92720339110622
Truck_4,520.7679438117958,8,0,0.0,5.471584211696609,14.45169499430483,0,0.0,2.971237669717766,13.720602041397115,36.61511891711632
Truck_6,521.2365971573163,8,0,0.0,4.719646573114915,16.2212339905127,0,1.0740221432575936,2.9484572582041437,13.276442573194231,38.239802538283584
Truck_5,527.3556972117981,8,0,0.0,5.929115346888807,12.837500409352515,0,0.0,2.949797993032348,13.773647729659501,35.49006147893317
Truck_7,535.2408876109833,8,0,0.0,3.634566111807885,11.237924804438421,0,0.0,3.070493012078714,11.577216814724807,29.520200743049827
Truck_1,529.689024192034,8,0,0.0,4.368595353531759,17.79475033050062,0,0.0,3.2440160343592197,14.822540863471659,40.22990258186326
Truck_0,543.2816093369257,9,0,0.0,4.345022326497315,14.84655315401551,0,0.0,1.444301287911685,12.039901092707737,32.67577786113225
Truck_2,552.4650836901354,9,0,0.0,4.5584907213052475,10.41474778196266,0,0.0,1.6302945603500802,8.49039973077231,25.093932794390298
Truck_3,543.6067056727131,9,0,0.0,2.939531640068026,15.923185397732937,0,0.0,2.2707184556303446,14.740589877766638,35.874025371197945
Truck_8,552.2772929860671,9,0,0.0,3.6699233486397134,19.134828271678998,0,0.0,2.6904646731570665,9.486890463023315,34.98210675649909
Truck_9,550.6860894845724,9,0,0.0,4.603464274029989,19.256214850089577,0,0.0,3.4034342475983976,13.391877727709698,40.65499109942766
Truck_6,559.4763996955999,9,0,0.0,5.9846793527257205,14.103526096771134,0,0.0,3.0917489874977946,11.049296223273245,34.229250660267894
Truck_4,557.3830627289121,9,0,0.0,4.837106941036268,14.190874531684813,0,1.3614650779096564,3.5928122329744383,13.566343707165743,37.54860249077092
Truck_5,562.8457586907313,9,0,0.0,4.116733539504594,15.793815125533342,0,0.0,2.891622032018063,14.121138930429652,36.92330962748565
Truck_7,564.7610883540332,9,0,0.0,4.009386422769808,18.39867285617254,0,0.0,2.462995341967485,12.198578126508778,37.06963274741861
Truck_1,569.9189267738973,9,0,0.0,5.300079767918305,14.468967230070461,0,0.0,3.6456981694665274,13.647286102135922,37.062031269591216
Truck_3,579.4807310439111,9,0,0.0,5.627075812805401,11.547785621047979,0,0.0,2.0486714879166357,10.098266065361031,29.321798987131046
Truck_2,577.5590164845257,9,0,0.0,3.0327682198704906,16.456203106518615,0,0.0,3.4755612148180717,9.68822186084094,32.65275440204812
Truck_0,575.957387198058,9,0,0.0,5.0163074280087585,12.827150377094085,0,0.0,3.1737616839379825,13.357207436003591,34.37442692504442
Truck_8,587.2593997425662,9,0,0.0,5.24149946781904,19.63805454268322,0,0.0,3.125774118748609,11.074849200158383,39.08017732940925
Truck_9,591.3410805840001,9,0,0.0,4.156541648827783,16.84785223859035,0,0.0,1.5837697796911243,14.3088790134085,36.89704268051776
Truck_6,593.7056503558678,9,0,0.0,5.7567867791929075,18.24831766702914,0,0.0,3.552955169155439,10.785383899608291,38.34344351498578
Truck_5,599.7690683182169,9,0,0.0,4.268971839698679,17.941835492576615,0,0.0,2.839700101522112,9.323264505364591,34.373771939162
Truck_4,594.931665219683,9,0,0.0,5.360716853048302,17.34734614696265,0,0.0,2.54903584970657,14.838034149065379,40.0951329987829
Truck_7,601.8307211014518,10,0,0.0,5.140703448714589,15.41414908909951,0,0.0,3.136943079783464,10.054986721768728,33.74678233936629
Truck_1,606.9809580434885,10,0,0.0,4.218935455916494,11.354671053086918,0,2.265011199522405,2.7032047478458026,14.27387471827592,34.81569717464754
Truck_2,610.2117708865738,10,0,0.0,2.63710651058193,16.07279584649814,0,0.0,2.7376716212990004,11.254131460141252,32.70170543852032
Truck_0,610.3318141231024,10,0,0.0,4.634380282936036,18.949412072306245,0,0.0,3.0354002463689085,9.456088620998344,36.07528122260953
Truck_3,608.8025300310421,10,0,0.0,5.552464408530227,17.048418570928902,0,0.0,3.2590425785431307,14.863292159212165,40.723217717214425
Truck_9,628.2381232645179,10,0,0.0,6.099704176968203,12.039366450461216,0,0.0,3.038304443182369,10.332015172866136,31.509390243477924
Truck_8,626.3395770719754,10,0,0.0,6.137677594797992,18.337661448967538,0,0.0,2.6450280473931116,8.04507519631079,35.16544228746943
Truck_6,632.0490938708535,10,0,0.0,6.0186398359279565,10.680571650162165,0,0.0,3.0874945130169635,12.09777494114951,31.884480940256594
Truck_1,641.796655218136,10,0,0.0,4.122043078665683,11.0077539865797,0,0.0,2.2806108508450507,10.374091567304049,27.784499483394484
Truck_7,635.5775034408181,10,0,0.0,6.1427439421535155,17.761390263423095,0,0.0,3.6350234466202664,8.79021095173141,36.32936860392829
Truck_5,634.1428402573789,10,0,0.0,4.7212201752963665,15.215597911206828,0,0.0,3.7714134448870027,14.644807070594766,38.35303860198496
Truck_4,635.026798218466,10,0,0.0,5.244052095118718,17.05080271918871,0,0.5294187559957209,2.595104485890147,12.234944077572322,37.65432213376562
Truck_2,642.9134763250942,10,0,0.0,6.211853847418183,17.19307069584295,0,0.0,2.991131513907476,11.985758504190699,38.381814561359306
Truck_0,646.4070953457119,10,0,0.0,5.50744398964207,18.719561300930422,0,0.0,2.0506972590394525,8.80146283107274,35.079165380684685
Truck_3,649.5257477482565,10,0,0.0,5.864196018595749,15.913156305878942,0,0.0,1.9268772118130073,12.646667591453934,36.35089712774163
Truck_9,659.7475135079958,10,0,0.0,5.208040348043255,13.635256973686296,0,0.0,2.309046618033449,8.871955209165549,30.02429914892855
Truck_7,671.9068720447464,11,0,0.0,3.2791841394723633,10.426554153920165,0,0.0,3.3910362325157166,9.895488475483376,26.99226300139162
Truck_8,661.5050193594449,11,0,0.0,6.180621567261369,18.08269033709712,0,0.0,3.4629602995737514,11.628788429200654,39.355060633132894
Truck_1,669.5811547015305,11,0,0.0,5.551823704215508,13.451214971530703,1,0.6470981861003793,3.5786257667296013,13.722878214660795,36.95164084323699
Truck_6,663.9335748111101,11,0,0.0,5.467304405593268,18.49153181169902,0,1.1112355422521887,3.166181542523759,14.754437374761551,42.990690676829786
Truck_0,681.4862607263966,11,0,0.0,4.363147424303861,10.411098638412682,0,0.0,3.460383619005711,8.455795562462868,26.69042524418512
Truck_5,672.4958788593639,11,0,0.0,4.755758985052694,12.899205490923237,0,2.0189847778385683,3.0670379056552974,14.237723960631115,36.97871112010091
Truck_4,672.6811203522316,11,0,0.0,2.7059007163221622,19.369099584084324,0,0.0,3.7565362568003593,12.79523685419906,38.62677341140591
Truck_3,685.8766448759982,11,0,0.0,3.4987372809928274,16.64218395791272,0,0.0,1.9718480552328401,11.830082284287755,33.94285157842614
Truck_2,0.0,0,0,0.0,5.840988841842362,12.010406509227556,0,0.0,2.0785023958730413,9.289859016714548,29.219756763657507
Truck_3,0.0,0,0,0.0,4.857087562753094,12.333152813978096,0,0.0,2.9471600113824934,13.024576735381679,33.16197712349536
Truck_1,0.0,0,0,0.0,5.835242885901838,16.30958689095217,0,0.7324743915042937,3.4580620481562363,8.531819777733375,34.86718599424791
Truck_0,0.0,0,0,0.0,5.4373352217671975,14.369300280326927,0,0.12326224484883497,2.947406421415341,12.97473568404991,35.85203985240821
Truck_4,0.0,0,0,4.857087562753094,4.460073679009692,12.536908700933033,0,0.0,2.7862693891380275,12.835576040169475,37.47591537200332
Truck_5,0.0,0,1,5.4373352217671975,6.209246721791619,15.567088559565148,0,0.0,2.2631377199908584,8.724023303857344,38.200831526972166
Truck_6,0.0,0,2,5.835242885901838,4.671046515710062,17.49741333172895,0,0.0,3.31358135939875,9.372957815902335,40.69024190864194
Truck_8,0.0,0,4,9.317161241762786,5.417639261610391,16.501627051161037,1,1.2307270640838723,3.6095380647339326,9.475699411041937,45.55239209439396
Truck_7,0.0,0,3,5.840988841842362,4.231195937594647,18.452699255807126,0,0.9519241878706879,2.9903463955032663,13.625723864884655,46.092878483502744
Truck_9,0.0,0,5,10.07218477943701,4.299192560252624,14.705649051844844,1,2.240257701205124,3.76928910483603,14.652035719276583,49.738608916852215
Truck_2,29.219756763657507,0,0,0.0,5.801785794660347,16.311354941885106,0,0.0,2.837285317943717,10.374823855843168,35.32524991033234
Truck_1,34.86718599424791,0,0,0.0,5.087121475994614,14.2753133355302,0,0.0,2.175429015474556,9.30350961228536,30.84137343928473
Truck_3,33.16197712349536,0,0,0.0,4.242775974672277,16.737644111928155,0,0.0,2.728263537565205,14.032083445118012,37.74076706928365
Truck_4,37.47591537200332,0,0,0.0,4.671627780020202,15.165617175876072,0,0.0,2.6682362368671733,13.591939621713408,36.097420814476855
Truck_5,38.200831526972166,0,0,0.0,4.729197682631664,18.68058718134443,0,0.0,2.2316077393537626,10.350666213690396,35.99205881702025
Truck_6,40.69024190864194,0,0,0.0,5.6124826942776735,11.945485918373748,0,0.0,2.3796240386693484,13.980599853367636,33.918192504688406
Truck_0,35.85203985240821,0,0,0.0,4.41581757751031,18.960450936787595,0,0.7530881980606523,3.1672367118110643,14.774575561746921,42.07116898591654
Truck_8,45.55239209439396,0,0,0.0,3.8577537192098816,16.806810873501682,0,0.0,3.4537186370993425,9.781228286979314,33.89951151679022
Truck_9,49.738608916852215,0,0,0.0,6.083251804432123,11.156706189327807,0,2.012436388303243,1.4379756304196292,11.327198814961633,32.017568827444435
Truck_7,46.092878483502744,0,0,0.0,5.582881357180192,14.974084158012992,0,0.0,2.3411593002194593,14.69067286291741,37.58879767833005
Truck_1,65.70855943353264,1,0,0.0,3.7597131794150442,12.400388812757498,0,0.0,2.375846535985815,8.219529464724573,26.75547799288293
Truck_2,64.54500667398985,1,0,0.0,6.015737450113093,19.683393970607398,0,0.0,3.4158123914989744,10.072270909000977,39.18721472122044
Truck_3,70.90274419277901,1,0,0.0,6.1004465793922265,14.932254916922602,0,0.0,3.8115168253433893,9.557097261012444,34.40131558267066
Truck_4,73.57333618648018,1,0,0.0,5.181181811687068,15.201162324126258,0,0.0,3.8218923719622353,11.643059866677348,35.84729637445291
Truck_8,79.45190361118418,1,0,0.0,6.1924995004812615,10.341604178595873,1,2.8813447876861176,3.77404738027127,8.256271966678781,31.445767813713303
Truck_6,74.60843441333034,1,0,0.0,4.363059874552661,15.283183879611286,0,1.492284346942938,3.1203895635102015,12.670808687395265,36.92972635201235
Truck_5,74.19289034399242,1,0,0.0,5.674445110059892,18.467998456770985,1,1.5469047011609263,2.767786590522306,10.397169048570476,38.854303907084585
Truck_9,81.75617774429665,1,0,0.0,2.2372721476266832,10.33490440639926,1,3.449218395933144,2.1046659177284823,13.456341839160956,31.582402706848526
Truck_0,77.92320883832475,1,0,0.0,5.048859129742212,19.974409753913946,0,0.0,1.7521861386333768,12.952374441613088,39.72782946390262
Truck_7,83.6816761618328,1,0,0.0,5.994741391562684,13.753374243307945,0,0.0,2.079566872271087,14.267459253934149,36.095141761075865
Truck_1,92.46403742641557,1,0,0.0,4.5007232120125735,16.561768240460907,0,0.0,3.230977101171831,8.02615955388498,32.31962810753029
Truck_3,105.30405977544967,1,0,0.0,4.0512568271887375,16.739738491801035,0,0.0,3.028399290329915,8.366094620529509,32.185489229849196
Truck_2,103.73222139521029,1,0,0.0,5.76279417602116,18.850519497396988,0,0.0,3.1615203495943547,13.596885294818236,41.37171931783074
Truck_4,109.42063256093309,1,0,0.0,5.591945934518023,17.430974004212246,0,0.0,2.087482205953222,11.297052100406347,36.40745424508984
Truck_6,111.5381607653427,1,0,0.0,2.8699522828532764,15.349347479901368,0,0.0,1.8229079865514848,14.273759552977793,34.31596730228392
Truck_5,113.047194251077,1,0,0.0,3.737035920817405,16.713498370776804,0,1.0333061629453653,3.031512171527396,11.345400179722674,35.860752805789645
Truck_8,110.89767142489748,1,0,0.0,6.057951310331276,16.349531901510318,0,0.0,2.7537515550685043,13.099125588245158,38.26036035515526
Truck_7,119.77681792290866,1,0,0.0,3.259002517043527,16.77257480201733,0,0.0,2.6014261913565235,8.839318133554713,31.472321643972094
Truck_0,117.65103830222738,1,0,0.0,6.040093551001192,13.44088522219215,0,0.43052980172325306,3.0931462268391385,10.79332913920689,33.797983940962624
Truck_9,113.33858045114518,1,0,1.0695325970507952,5.773174149859656,16.52711209619278,0,0.0,2.7450043764528402,12.951789681677184,39.066612901233256
Truck_1,124.78366553394586,2,0,0.0,4.214873403663901,18.26659251018495,0,0.0,2.9949315615201044,13.42490030636651,38.901297781735465
Truck_3,137.48954900529887,2,0,0.0,4.362648849345419,12.45590616216424,0,0.0,2.247314187933881,14.151494209942115,33.217363409385655
Truck_2,145.10394071304103,2,0,0.0,5.070975399936657,12.2017896310916,0,0.0,3.11705341608544,14.043965109732653,34.43378355684635
Truck_0,151.44902224319,2,0,0.0,2.117196329520368,13.907972329294523,0,0.0,2.733443423232103,9.833532330270032,28.592144412317026
Truck_4,145.82808680602292,2,0,0.0,4.7863753381980985,13.862228486839541,0,0.0,3.255718850989041,14.761991796984887,36.66631447301157
Truck_5,148.90794705686665,2,0,0.0,4.977606721179711,16.534990027577408,0,0.0,2.918014189693338,12.317674952873489,36.748285891323945
Truck_9,152.40519335237843,2,0,1.1610252203319362,4.306738282337676,16.38467990275919,0,0.0,3.5557333627600087,8.927893994558161,34.33607076274697
Truck_6,145.85412806762662,2,0,0.0,5.478557067377437,18.766794569834417,0,0.0,3.384095438608796,14.442799110752759,42.07224618657341
Truck_8,149.15803178005274,2,0,1.0168843329249455,5.740880541648835,19.78963676955115,0,1.818263292681877,3.757377452363187,8.910264053434418,41.03330644260441
Truck_7,151.24913956688076,2,0,0.0,5.63667475893476,17.485853399362412,0,0.0,3.152028991681618,14.157783542458304,40.432340692437094
Truck_1,163.68496331568133,2,0,0.0,4.137619685862944,16.724440483833405,0,0.0,2.7487057845524987,12.40190018573324,36.01266613998209
Truck_3,170.70691241468452,2,0,0.0,4.7911285859259465,19.171130537558042,0,0.0,3.583652543035356,13.029875212508244,40.57578687902759
Truck_4,182.4944012790345,3,0,0.0,5.334836525513111,12.853180099089201,0,0.0,2.599887505579659,8.217253658733682,29.005157788915653
Truck_2,179.53772426988738,2,0,0.0,5.251903039034801,18.05666921308469,0,0.43600888720959574,2.816185029035921,8.082688004946505,34.64345417331151
Truck_0,180.04116665550703,3,0,0.0,2.4246920694676817,19.232789310919685,0,0.0,3.7489342887574537,10.028074113133982,35.4344897822788
Truck_6,187.92637425420003,3,0,0.0,5.699810682600059,15.256907118650588,0,0.0,2.335062391907428,13.033534938570824,36.3253151317289
Truck_9,186.7412641151254,3,0,0.0,4.641782549977876,19.666042397929914,0,0.16906538432490947,2.445608939127112,13.004512452517645,39.927011723877456
Truck_8,190.19133822265715,3,0,0.0,4.954245283925729,16.712377262851874,0,1.3505529407726442,2.7357423981887337,10.81475866542766,36.56767655116664
Truck_5,185.6562329481906,3,0,0.0,5.730210061836971,19.59627321088729,0,0.0,2.225797489292546,13.690538120017123,41.24281888203393
Truck_7,191.68148025931785,3,0,0.0,2.906988168416433,17.672129208731974,1,1.4031657500189567,3.537963509380461,14.440117589911296,39.96036422645912
Truck_1,199.69762945566342,3,0,0.0,5.375505078122757,15.816527270078211,0,0.0,2.833437431454712,8.43425518892127,32.45972496857695
Truck_3,211.2826992937121,3,0,0.0,5.891577952856522,13.579062173297302,0,0.0,1.213485623699512,13.972435651302078,34.656561401155415
Truck_2,214.1811784431989,3,0,0.0,5.473484440782016,11.933248241379516,0,0.0,3.816656468532784,13.345424339013135,34.56881348970745
Truck_0,215.47565643778583,3,0,0.0,5.7915407168523245,15.327714963597316,0,0.0,3.815255495035615,10.26921737588225,35.203728551367504
Truck_4,211.49955906795014,3,0,0.0,6.126331150181386,16.782637438020515,0,0.0,3.236310556137312,14.150200053808305,40.29547919814752
Truck_6,224.25168938592893,3,0,0.0,6.167985860217499,15.116032812128907,0,0.0,2.7890784751543833,11.669043208127192,35.74214035562798
Truck_9,226.66827583900286,3,0,0.0,4.620117032455511,14.780995952339879,0,0.0,3.794566667230697,12.058140639195813,35.2538202912219
Truck_5,226.89905183022452,3,0,0.0,4.269289019542953,17.623533429031028,0,1.0720812122304437,3.055342179473712,11.756810388397923,37.77705622867606
Truck_1,232.15735442424037,3,0,0.0,3.1811238599747185,12.100562006839795,0,0.8857462423748359,3.702100082869663,12.739406495046381,32.60893868710539
Truck_8,226.7590147738238,3,0,0.0,5.971167857522346,17.999831094575967,1,2.189283944580552,3.5538082121509547,9.988795480377746,39.702886589207566
Truck_7,231.64184448577697,3,0,0.0,6.123882103208842,12.13343794781403,0,2.1277220794995344,3.0620818026284837,13.258378797647282,36.70550273079817
Truck_4,251.79503826609766,4,0,0.0,3.1058636321062068,12.141912368552994,0,0.0,2.657162897020328,11.096402206105893,29.00134110378542
Truck_3,245.93926069486753,4,0,0.0,5.2849549470086,19.30578154140852,0,0.0,3.45590355270798,9.32089432466654,37.36753436579164
Truck_2,248.74999193290634,4,0,0.0,4.30797325646509,15.951618585968674,0,0.0,3.525759719316511,11.460495831929222,35.2458473936795
Truck_0,250.67938498915333,4,0,0.0,5.640502191078895,14.489334252545405,0,1.726122061878982,3.4120132609962184,14.645840299639474,39.91381206613897
Truck_9,261.92209613022476,4,0,0.0,3.3188715137103486,11.56060066383526,0,0.0,2.369717246999187,11.52696739452415,28.776156819068945
Truck_5,264.6761080589006,4,0,0.0,6.134766037647637,11.210631465342658,0,0.0,2.90073937265754,8.138856004719969,28.384992880367804
Truck_1,264.76629311134576,4,0,0.0,4.272725403169204,11.288583369353546,0,0.0,2.732079042287751,12.378844862185474,30.672232676995975
Truck_6,259.9938297415569,4,0,0.0,4.434891856039883,19.61556975681009,0,0.0,2.2100691407233057,9.873693192761436,36.134223946334714
Truck_8,266.46190136303136,4,0,0.0,5.905370170714775,12.224744795438482,0,0.33022860536379994,3.2913683946326273,9.020820336633676,30.77253230278336
Truck_7,268.34734721657514,4,0,0.0,2.673290792182172,19.60673933770039,0,0.0,3.1215160412419323,14.460726906318769,39.86227307744326
Truck_4,280.7963793698831,4,0,0.0,5.249069198413849,15.413277258872938,0,0.0,3.1145474377258893,10.851118306810179,34.628012201822855
Truck_2,283.99583932658584,4,0,0.0,3.3643285285669435,16.597724674539904,0,0.0,3.1634994069110007,12.114936263149275,35.24048887316712
Truck_3,283.30679506065917,4,0,0.0,4.548773677480767,17.996374584071134,0,0.0,1.5205958434710851,12.121481424332671,36.18722552935566
Truck_0,290.5931970552923,4,0,0.0,4.465916203168376,13.27100714894209,0,0.0,3.262915107485526,10.158058084076345,31.157896543672337
Truck_5,293.0611009392684,4,0,0.0,4.566404810006247,14.015626532417969,0,0.0,2.0331043734439618,12.68761704769048,33.30275276355866
Truck_9,290.6982529492937,4,0,0.0,5.343861292868894,18.17343986858532,0,0.0,2.537449993101859,10.125873863467802,36.180625018023875
Truck_8,297.2344336658147,4,0,0.0,5.845523396300393,11.49362118977848,0,0.0,3.6043030651866843,12.13304968829027,33.07649733955583
Truck_6,296.1280536878916,4,0,0.0,5.496536937666349,14.250816602207408,0,0.8775968760843966,3.7937513335051563,12.30224637240525,36.72094812186856
Truck_1,295.43852578834174,4,0,0.0,4.766949811529344,17.445498880114997,0,0.5269068370942023,3.4627627930631775,12.926605089262182,39.1287234110639
Truck_7,308.2096202940184,5,0,0.0,5.5273340164094975,16.37219096965316,0,0.0,2.691135092716877,12.748385784751008,37.339045863530544
Truck_3,319.4940205900148,5,0,0.0,5.172021388748647,10.10994683470119,0,0.0,2.692380196931083,8.954585347808006,26.928933768188926
Truck_4,315.42439157170594,5,0,0.0,4.356864556163998,16.023948140542018,0,0.0,2.758920324357689,10.12396157628632,33.263694597350025
Truck_2,319.23632819975296,5,0,0.0,5.945973210733769,16.18977594077535,0,0.0,2.3068048601963937,9.710822040442906,34.15337605214842
Truck_0,321.75109359896464,5,0,0.0,5.870435820950945,12.611133347321015,0,0.0,2.657074422305186,14.82693101553815,35.9655746061153
Truck_8,330.31093100537055,5,0,0.0,4.404597046131812,17.31386662180421,1,3.073541637853282,2.9050261616662283,8.571458257691347,36.26848972514688
Truck_5,326.36385370282704,5,0,0.0,5.8620635554675005,19.577601229958873,0,0.0,2.7435951918278647,12.603117073061185,40.78637705031542
Truck_6,332.8490018097602,5,0,0.0,4.889219639026692,14.087903000021754,0,2.720989231272654,3.3379640835491386,10.072513335665576,35.108589289535814
Truck_9,326.8788779673176,5,0,0.0,4.9497749781085645,19.987382791467212,0,0.0,3.2869005742664967,12.892242870300265,41.11630121414254
Truck_1,334.56724919940564,5,0,0.0,4.026278609628605,15.7571669268537,2,3.5343830277424786,1.5834556822238142,12.89642621879409,37.79771046524269
Truck_3,346.42295435820375,5,0,0.0,5.357842394527836,11.4729802430885,0,0.0,3.7767569038596775,8.537265863529115,29.144845405005128
Truck_7,345.54866615754895,5,0,0.0,3.4487784639884467,15.211512841283536,0,0.0,3.5467293262373687,12.320030687169606,34.52705131867896
Truck_4,348.68808616905596,5,0,0.0,3.2980809149933634,16.426352993975513,0,0.0,3.539847688133932,11.968530049183698,35.23281164628651
Truck_2,353.3897042519014,5,0,0.0,5.881791321154822,10.573700680340494,0,0.0,2.7914949573713557,12.352123336164368,31.59911029503104
Truck_0,357.71666820507994,5,0,0.0,5.234376407164461,17.27372856141949,0,0.0,2.2454006154753188,11.755523480970169,36.50902906502944
Truck_6,367.957591099296,6,0,0.0,5.371706964576674,11.368409443376379,0,0.0,3.611238952621875,11.642741749728202,31.99409711030313
Truck_8,366.5794207305174,6,0,0.0,5.775424943664973,15.571700506218804,0,0.38240027946972077,2.8010745762373404,8.898182998456832,33.42878330404767
Truck_5,367.15023075314247,6,0,0.0,2.265582851870022,18.475738586802436,0,0.0,2.8977303335861393,10.362151773693313,34.00120354595191
Truck_9,367.9951791814601,6,0,0.0,5.402171247990623,19.76466246658879,0,0.0,2.538309954137958,13.607535350257479,41.31267901897485
Truck_1,372.3649596646483,6,0,0.0,5.335470474187389,17.312768626347065,0,0.0,3.7483335978179753,11.36852447609067,37.7650971744431
Truck_3,375.5677997632089,6,0,0.0,4.032865668443435,16.11013779919756,0,0.0,3.7609361435209507,13.769739366719932,37.67367897788188
Truck_2,384.9888145469324,6,0,0.0,2.8101439156093875,13.858399202563191,0,0.0,3.064738970620624,11.242538619370862,30.975820708164065
Truck_4,383.92089781534247,6,0,0.0,5.202183988627496,10.0192094945088,0,0.0,3.7017319163281854,14.836739630074248,33.75986502953873
Truck_7,380.0757174762279,6,0,0.0,6.118188642781718,16.09815120989242,0,0.5519658859049059,2.0494193785123116,13.504648040809116,38.32237315790047
Truck_0,394.2256972701094,6,0,0.0,5.401075856215812,12.229517359900797,0,0.0,3.2725111152558384,10.031713337209567,30.934817668582014
Truck_8,400.0082040345651,6,0,0.0,2.9535754119233957,11.62244247974769,0,0.0,2.8548427518221615,9.697394974352449,27.128255617845696
Truck_6,399.9516882095991,6,0,0.0,3.7650554029543173,13.502136261324267,0,0.0,3.5851518514771215,11.84922521900836,32.70156873476407
Truck_5,401.1514342990944,6,0,0.0,5.996117071055664,16.91870044012518,0,0.0,2.469958054543781,12.372154217936156,37.75692978366078
Truck_9,409.30785820043496,6,0,0.0,5.788034681808085,17.08896615019529,0,0.0,3.549229835608287,8.148323142980928,34.57455381059259
Truck_3,413.24147874109076,6,0,0.0,5.42073052275498,16.847047836928994,1,0.7756634410887955,3.090880519870609,9.28845106271666,35.42277338336004
Truck_1,410.1300568390914,6,0,0.0,4.9619233234222975,18.6561984270445,0,0.0,2.536741952305306,13.232976631187341,39.387840333959446
Truck_2,415.9646352550965,6,0,0.0,5.394487714362981,13.65805925339231,0,0.7169066451948538,3.73500264930982,11.210739985884857,34.71519624814482
Truck_4,417.6807628448812,6,0,0.0,5.790313716896662,13.317074979531185,0,2.5876495204250887,1.755247012303073,11.338542724594731,34.78882795375074
Truck_0,425.1605149386914,7,0,0.0,4.702725846008434,12.068996535894826,0,0.0,2.844357696539646,12.20431954778843,31.820399626231335
Truck_7,418.3980906341284,6,0,0.0,5.820063466197439,17.93573525326076,0,0.0,3.546511969125447,13.308803882723168,40.611114571306814
Truck_8,427.1364596524108,7,0,0.0,5.151296401467107,19.716178693136612,0,0.0,2.5564751487941635,13.38865499334105,40.81260523673893
Truck_5,438.90836408275516,7,0,0.0,4.699189460030027,15.294790429548584,0,0.0,2.6328765537193703,9.0822925799676,31.70914902326558
Truck_6,432.6532569443632,7,0,0.0,3.235779341762168,19.518695483399426,0,0.0,2.914192040140051,13.250843959972144,38.91951082527379
Truck_4,452.46959079863194,7,0,0.0,5.212313232234578,11.374047649097804,0,0.0,2.7614888479207025,9.438850889242246,28.78670061849533
Truck_9,443.88241201102755,7,0,0.0,5.335041493939855,16.516503876313607,0,0.0,3.531525458246904,14.729120811378436,40.1121916398788
Truck_2,450.6798315032413,7,0,0.0,5.147389739282346,18.551003168796456,0,0.0,2.8602542659049277,8.30089176630213,34.85953894028586
Truck_1,449.51789717305087,7,0,0.0,2.8900380203126588,19.900795275019675,0,0.0,2.4648034564373233,11.009144518152937,36.264781269922594
Truck_3,448.6642521244508,7,0,0.0,5.795351199289712,17.050644175719526,0,0.0,2.842787599970677,12.058047800492375,37.74683077547229
Truck_7,459.0092052054352,7,0,0.0,3.978861395617912,11.694065414254226,0,0.09140190951319482,3.1100504018462516,14.807390410054893,33.68176953128648
Truck_0,456.9809145649227,7,0,0.0,4.165765811975916,19.691327620615198,0,0.0,3.499516810935006,12.419743028954088,39.77635327248021
Truck_8,467.9490648891497,7,0,0.0,6.1629558102351325,10.504854944722467,0,0.0,3.8196929107656956,8.789613784160338,29.277117449883633
Truck_6,471.572767769637,7,0,0.0,4.025414439523217,10.694406204759446,0,0.0,3.8139598701389446,8.327802263959256,26.861582778380864
Truck_5,470.61751310602074,7,0,0.0,3.6500933512033953,13.752772515427466,0,0.41618958222142055,3.3467300557775843,14.298577450990365,35.46436295562023
Truck_4,481.2562914171273,8,0,0.0,4.132905655772049,12.5787117021261,0,0.0,2.7033152825285924,8.934625993836903,28.349558634263644
Truck_2,485.53937044352716,8,0,0.0,6.235317795220965,14.924738012461148,0,0.0,3.5821914866286875,14.133617379416421,38.87586467372722
Truck_3,486.4110828999231,8,0,0.0,4.963691377258499,18.612792458217598,0,0.0,3.706490766979357,13.22441102726384,40.507385629719295
Truck_7,492.69097473672167,8,0,0.0,4.084651938494176,15.01413548694154,0,0.0,3.5524142931635083,13.01629016113884,35.667491879738066
Truck_8,497.22618233903336,8,0,0.0,5.041635818483087,14.97200461076136,0,0.0,3.3402377888320416,8.318021130587567,31.671899348664056
Truck_0,496.75726783740294,8,0,0.0,6.078484413699982,16.756304311195095,0,0.6982832599171616,2.3685444446872452,8.644600298056844,34.54621672755633
Truck_6,498.43435054801785,8,0,0.0,5.457103075517523,12.760044323242312,0,0.0,3.6388418754374925,12.048555064423795,33.90454433862112
Truck_5,506.08187606164097,8,0,0.0,2.788034262118117,18.973847703132947,0,0.0,1.9208564507671326,12.17588314164584,35.85862155766404
Truck_4,509.6058500513909,8,0,0.0,3.366735050015336,17.165723306289465,0,0.0,3.043397496345051,11.199893751877084,34.775749604526936
Truck_3,526.9184685296424,8,0,0.0,5.475074847380938,12.22189206838766,0,0.0,1.933306255680236,9.804395181675204,29.43466835312404
Truck_0,531.3034845649593,8,0,0.0,4.50016320657619,11.23823648885957,0,0.0,1.8666342382252878,12.492454133906676,30.097488067567724
Truck_2,524.4152351172544,8,0,0.0,5.432294423177723,16.335422819518953,0,0.0,3.121808427304245,14.69006989020454,39.57959556020546
Truck_8,528.8980816876974,8,0,0.0,4.3631204964444805,14.472438803686032,0,1.1748775107923848,2.7582536384943523,14.084143503242672,36.85283395265992
Truck_7,528.3584666164597,8,0,0.0,5.473280289270747,17.10850316362496,0,0.0,2.7425961190693897,12.903626991161786,38.22800656312688
Truck_6,532.338894886639,8,0,0.054648490384352044,5.891852826626064,18.944855552076888,0,0.0,3.7963654025901405,9.064217466884315,37.75193973856176
Truck_5,541.940497619305,9,0,0.0,5.5280416323444115,10.032614071797411,0,0.0,3.401107649757705,9.742607734140051,28.70437108803958
Truck_4,544.3815996559179,9,0,0.0,4.989292522070286,11.022493579500178,0,0.5088752157162162,3.624358259663609,11.716580378530125,31.861599955480415
Truck_3,556.3531368827664,9,0,0.0,3.478366106286103,11.838991515692783,0,0.0,2.370829223568421,8.037404483586897,25.725591329134204
Truck_9,483.99460365090636,8,0,0.0,3.7274777291413557,19.430780502812468,0,0.0,2.028191109581485,13.43039058879117,98.64730991453814
Truck_1,485.78267844297346,8,0,0.0,5.539092539843637,19.130975565634003,0,0.0,1.9638055604139026,10.575699711464267,107.87545989527877
Truck_2,563.9948306774598,9,0,0.0,5.447307762793685,19.776771835844443,0,1.0808641737597782,3.108787516120856,8.490107351536494,37.903838640055255
Truck_8,565.7509156403573,9,0,0.0,2.4423862599406903,17.56796734182535,0,0.0,3.0512920953266303,13.278340758423042,36.339986455515714
Truck_0,561.400972632527,9,0,0.0,4.811170248674102,19.785961982435538,0,0.0,2.0161414000207287,14.726877205749588,41.34015083687996
Truck_7,566.5864731795866,9,0,0.0,2.7182672867636484,17.33460729577041,0,1.374898501536677,2.285528186200395,12.455993715389923,36.169294985661054
Truck_4,576.2431996113983,9,0,0.0,2.7831612034116233,13.110540502738786,0,0.0,3.0696095862672337,10.311493088407587,29.27480438082523
Truck_6,570.0908346252007,9,0,0.0,4.817452932312108,12.809163808774315,1,1.0951099711628558,3.1348725590746653,14.504158467220464,36.36075773854441
Truck_3,582.0787282119006,9,0,0.0,4.780271950623387,15.368410071111612,0,0.0,1.356223496171424,11.71316993190419,33.21807544981061
Truck_9,582.6419135654445,9,0,0.0,5.912328652317001,11.114792510393727,0,0.0,3.273936262362099,13.821614213643329,34.122671638716156
Truck_1,593.6581383382522,9,0,0.0,5.11647235106534,13.778940920525315,0,0.0,3.331166469124696,12.667318915550482,34.89389865626583
Truck_7,602.7557681652477,10,0,0.0,3.6098843113724115,13.386128110593745,0,0.0,2.593452304096445,11.48282434263865,31.072289068701252
Truck_2,601.8986693175151,10,0,0.0,5.183982361319295,13.73125282657736,0,0.0,2.9113481515963713,13.08701802511007,34.913601364603096
Truck_4,605.5180039922235,10,0,0.8476484843965864,3.931779783204661,15.796219423827893,0,0.9629961660355093,3.33431016052657,8.692386977731985,33.565340995723204
Truck_0,602.741123469407,10,0,0.0,6.189632265786372,16.736385102764075,0,0.0,3.139524867928344,11.836896762632591,37.90243899911138
Truck_8,602.090902095873,10,0,0.0,5.0286351071605395,17.302198505586716,0,0.0,2.6349121410678435,13.599250474037376,38.564996227852475
Truck_6,606.4515923637451,10,0,0.63105931508926,4.876897702785072,16.83352659798993,0,0.013589726276336478,3.2358807635637277,13.69651346593605,39.28746757164038
Truck_3,615.2968036617112,10,0,0.0,4.978504242777149,11.866310041649399,0,0.0,2.7483131627592456,11.774782745477296,31.36791019266309
Truck_9,616.7645852041607,10,0,0.0,4.400697767025463,14.105043743191345,0,0.0,2.8611888278609285,13.78720513976964,35.154135477847376
Truck_1,628.5520369945181,10,0,0.0,6.1435960220705965,10.076582772287338,0,0.0,3.7092317758339277,8.384232184810344,28.313642755002206
Truck_4,639.0833449879467,10,0,0.0,4.157087712382008,10.191710841383838,0,0.0,3.271831234635897,9.328904014770956,26.9495338031727
Truck_5,570.6448687073446,9,0,0.0,5.867969367961223,10.869035693472142,0,0.0,2.8624814376639733,11.64504350399966,95.38857677106262
Truck_7,633.8280572339489,10,0,0.0,6.202893110820128,13.933135408390626,0,0.4243162212478637,3.067450955139293,10.63711563981326,34.26491133541117
Truck_2,636.8122706821182,10,0,0.0,2.942340101363925,14.590728819548076,1,2.3586351733182482,1.5507667323039414,10.084339263714241,31.526810090248432
Truck_0,640.6435624685183,10,0,0.0,5.0873492829248335,12.694097636648507,0,0.0,3.7548769877192854,12.780510812400394,34.31683471969302
Truck_8,640.6558983237255,10,0,0.0,4.037346197811985,15.587434162097338,0,0.0,2.614388172598069,14.071698268453815,36.31086680096121
Truck_3,646.6647138543743,10,0,0.0,3.969905483307457,12.694130170571839,0,0.0,3.1599315046762513,13.529897338062597,33.353864496618144
Truck_6,645.7390599353855,10,0,0.0,4.995831856363225,18.138679483318924,0,0.0,3.5417416856256523,8.057810003976442,34.73406302928424
Truck_1,656.8656797495203,10,0,0.0,4.797883932429272,11.515337057518877,0,0.0,3.7671102295796572,13.732606800901294,33.8129380204291
Truck_9,651.918720682008,10,0,0.0,5.852938707792532,19.930318994804338,0,0.0,2.917276012185539,13.000931050362738,41.70146476514515
Truck_7,668.0929685693601,11,0,0.0,4.796894311716983,10.939716692690581,0,0.0,3.7701468133543585,8.017506610046894,27.524264427808816
Truck_5,666.0334454784072,11,0,0.0,5.362124946027507,17.2217672839065,0,0.0,1.6446424647297135,11.315415518862892,35.543950213526614
Truck_2,668.3390807723666,11,0,0.0,5.147735415529269,17.15676066585536,0,0.0,1.4350413459526408,10.289742015839693,34.02927944317696
Truck_4,666.0328787911194,11,0,0.0,3.305152135866365,18.489804761699133,0,0.0,3.1826817104068823,12.531456732341098,37.50909534031348
Truck_0,674.9603971882113,11,0,0.0,4.524109951350624,12.59526234271732,0,0.0,3.6497147264834666,11.633900139418529,32.40298715996994
Truck_8,676.9667651246867,11,0,0.0,5.528577894610407,13.360405660255879,0,0.0,3.6378305196059273,8.498765506214,31.025579580686212
Truck_6,680.4731229646698,11,0,0.0,3.788607978862956,12.652699522649982,0,0.0,1.9849176350985545,13.295311372884385,31.721536509495877
Truck_3,680.0185783509925,11,0,0.0,4.516919523907518,15.547120601740403,0,0.0,2.368149848285043,9.945228149423315,32.37741812335628
Truck_4,0.0,0,0,5.583457792838257,3.5027900902854627,11.24505344558248,0,0.0,1.8323300145693047,9.011129419214384,31.17476076248989
Truck_2,0.0,0,0,0.0,6.223431194494495,11.726871701038853,0,0.0,3.765231814510056,10.371962569513453,32.08749727955686
Truck_3,0.0,0,0,0.0,6.219269047184194,10.805442725648643,0,0.0,2.4164425893196473,13.755203511057065,33.19635787320955
Truck_5,0.0,0,1,5.595491542512875,3.68891324284038,11.295895587738412,1,1.5833309701838374,3.544079541832989,11.937066965496992,37.644777850605486
Truck_1,0.0,0,0,0.0,5.595491542512875,14.89840637999692,0,1.2216367875336083,3.418611879512323,13.08017899513856,38.214325584694286
Truck_6,0.0,0,2,6.219269047184194,6.210268945385843,12.919883467680013,1,2.5540205792372497,2.496023746938249,8.557008191449167,38.956473977874715
Truck_0,0.0,0,0,0.0,5.583457792838257,16.261998578502322,1,3.288690218215148,2.7692954499315725,12.0140381502944,39.9174801897817
Truck_7,0.0,0,3,6.223431194494495,4.368873427390023,13.041029014366577,1,2.074377248857399,2.564359564867736,12.443540131679665,40.715610581655895
Truck_8,0.0,0,4,9.08624788312372,5.36431413198086,17.771711376070108,0,0.0,2.0238064087496426,10.6869897397696,44.93306953969393
Truck_9,0.0,0,5,9.284404785353255,6.049299495555923,18.39240754483806,0,0.0,2.347682376464988,12.318723998879413,48.39251820109164
Truck_3,33.19635787320955,0,0,0.0,4.584464795094213,13.207530266672954,0,0.0,2.54149765748825,11.879212048699472,32.21270476795489
Truck_4,31.17476076248989,0,0,0.0,5.5617571774428285,18.231877362908826,0,0.0,3.637230837387996,8.271487926928394,35.702353304668044
Truck_2,32.08749727955686,0,0,0.0,5.296518711965277,14.377076371679578,0,0.0,1.1659965750591041,14.235064316195128,35.07465597489909
Truck_5,37.644777850605486,0,0,0.0,3.9691788215210764,14.543687003816558,0,0.0,3.4497691171629086,11.9169937504523,33.87962869295284
Truck_7,40.715610581655895,0,0,0.8983460904706675,3.2688206961673743,14.450921724290694,0,0.2737137005213981,1.604017258994979,12.232317554250884,32.728137024696
Truck_6,38.956473977874715,0,0,0.0,4.725525570201121,14.55579733758448,0,0.367829254569223,2.6496787332478604,14.620571762477226,36.91940265807991
Truck_0,39.9174801897817,0,0,0.0,3.869404693413003,17.964649472612365,0,0.0,2.10475677180262,13.378903023277438,37.317713961105426
Truck_1,38.214325584694286,0,0,0.0,6.0752847494503825,17.223586839265096,0,0.0,2.422852629184895,14.142535309017624,39.864259526918
Truck_8,44.93306953969393,0,0,0.0,3.4959223645705393,18.569394417450034,0,0.0,2.140589857240755,10.690028879966633,34.89593551922796
Truck_9,48.39251820109164,0,0,0.0,4.999471124297926,17.18885696715234,0,0.0,2.9008693702222814,8.201137075560723,33.29033453723327
Truck_3,65.40906264116444,1,0,0.0,3.401495248125485,18.72279237939935,0,2.8564013218698676,2.1929194584079,8.231360907225621,35.404969315028225
Truck_2,67.16215325445594,1,0,0.0,2.438818333705285,17.88342336241365,0,0.0,3.730820224218135,9.820289395349718,33.87335131568679
Truck_4,66.87711406715793,1,0,0.0,5.192874916743534,14.5559425692025,0,0.0,3.763820037455176,14.126994664703005,37.639632188104216
Truck_7,73.44374760635189,1,0,0.0,3.908608770751755,15.798193797769386,0,0.0,3.613510028726637,11.146756336825078,34.467068934072856
Truck_0,77.23519415088712,1,0,0.0,3.922092390519282,16.935313402778334,0,0.0,2.727898782826074,8.840224599007229,32.42552917513092
Truck_1,78.07858511161228,1,0,0.0,3.3524895891843585,14.104641143268935,0,0.0,1.819073014343445,12.983510993125108,32.25971473992185
Truck_5,71.52440654355833,1,0,0.0,6.173152197418716,19.99950959922984,0,0.0,3.366480071605949,9.450489674332616,38.98963154258712
Truck_8,79.8290050589219,1,0,0.0,5.655047429571624,13.272355389642172,0,2.064090848875125,2.684529561679142,11.092904242672006,34.76892747244007
Truck_6,75.87587663595463,1,0,0.0,5.865877285796145,18.802994642566887,1,0.518799847495174,2.91507501010733,11.365103494648693,39.46785028061423
Truck_9,81.68285273832491,1,0,0.0,4.625488598039297,15.36794384586534,0,1.8287431064604078,2.8691209191352414,11.960569666045814,36.6518661355461
Truck_2,101.03550457014273,1,0,0.0,3.1130389944443806,16.636371915809292,0,0.0,2.552096736820758,9.913459525530271,32.2149671726047
Truck_7,107.91081654042475,1,0,0.0,5.1314170656859375,11.595564387164927,0,0.0,2.109569030033896,9.19827497295644,28.0348254558412
Truck_3,100.81403195619266,1,0,0.0,5.241907168613807,17.759577890289023,0,0.0,2.5619548143426414,10.200005760359446,35.76344563360492
Truck_0,109.66072332601804,1,0,0.0,4.479431756246342,14.02630420567462,0,0.0,2.9440124134563064,9.506176223450979,30.955924598828247
Truck_4,104.51674625526215,1,0,0.0,5.448068933534557,16.25653030495201,0,0.15612633568942158,2.8960733571489214,13.463557605508413,38.22035653683332
Truck_6,115.34372691656885,1,0,0.0,3.936379032978934,11.21301189372798,0,0.617353858119543,2.7336105141797873,9.20428081209451,27.704636111100754
Truck_5,110.51403808614545,1,0,0.0,5.676176064465167,14.268329237613955,0,0.0,2.5637517507318535,11.383651755096025,33.891908807907
Truck_1,110.33829985153413,1,0,0.0,3.9639050216253366,19.88069726577757,0,0.0,3.394078679614296,10.48174812949398,37.72042909651118
Truck_9,118.33471887387101,1,0,0.0,4.293933814180889,10.68641900865579,0,0.0,3.3771425739736287,13.416375295205683,31.77387069201599
Truck_8,114.59793253136196,1,0,0.0,4.71615124178885,15.56064812076842,0,1.8174823767620865,3.7300937786988584,11.131993523386654,36.95636904140487
Truck_2,133.25047174274744,2,0,0.0,5.567041590888124,12.788651424799212,0,0.0,3.624183742038497,12.215523606820142,34.195400364545975
Truck_0,140.6166479248463,2,0,0.0,4.520319014003576,11.523316908224075,0,0.0,3.0352792341053885,8.955193380719919,28.03410853705296
Truck_4,142.73710279209547,2,0,0.0,5.700809241149727,10.52064454018793,0,0.16187999798654573,2.090592487710296,10.47747868793465,28.95140495496915
Truck_3,136.57747758979758,2,0,0.0,5.855153669651429,17.06504161880369,0,0.1978902029266294,2.4191976697198356,10.894008120461166,36.43129128156275
Truck_7,135.94564199626595,2,0,0.0,4.988499552204701,15.894440094345981,0,0.0,2.291854928603044,14.840074875100356,38.01486945025408
Truck_6,143.0483630276696,2,0,0.0,4.514193746406505,17.046830443273222,0,0.0,2.2627035938657514,10.946767334617846,34.770495118163325
Truck_5,144.40594689405245,2,0,0.0,2.826258077770916,16.858114864436317,0,0.0,3.7455779900254242,14.282759906341028,37.712710838573685
Truck_1,148.0587289480453,2,0,0.0,5.893088064160963,16.311195613807087,0,0.0,3.2389250311185265,12.885153622978038,38.328362332064614
Truck_9,150.108589565887,2,0,0.0,4.251064721450888,17.020026843787377,0,0.0,3.6728357168341006,12.51907028122352,37.462997563295886
Truck_8,151.55430157276683,2,0,0.0,4.286051157840035,18.376926865748686,0,0.0,3.4866702562184457,13.000973540916362,39.15062182072353
Truck_3,173.00876887136033,2,0,0.0,5.231921381695514,13.223623295362813,0,0.0,3.451039593148863,8.433216363025139,30.33980063323233
Truck_4,171.68850774706462,2,0,0.0,5.744462765922663,11.586351887512421,0,0.0,1.0215955563116097,13.711025084406685,32.06343529415338
Truck_7,173.96051144652003,2,0,0.0,5.348137094210443,11.063671065903037,0,0.0,3.608660243259294,10.829775829451108,30.850244232823883
Truck_0,168.65075646189925,2,0,0.0,5.751682641170447,17.229928093705894,0,2.3486126531172147,3.639228567587679,10.285999730845646,39.25545168642688
Truck_5,182.11865773262613,3,0,0.0,4.928110140354676,11.373148864233713,0,0.0,2.703582300754192,9.753191130637589,28.75803243598017
Truck_2,167.4458721072934,2,0,0.0,4.293775633373855,19.96308229950361,1,3.2126231013966446,1.9619025137790231,14.568861658176019,44.00024520622915
Truck_6,177.81885814583293,2,0,0.0,5.376851210817023,18.55275101866772,0,0.0,1.6025777415817117,9.374721999664132,34.90690197073059
Truck_1,186.38709128010993,3,0,0.0,5.04443812622651,13.242726474565387,0,0.0,2.587089080793504,8.160396996428574,29.034650678013975
Truck_8,190.70492339349036,3,0,0.0,4.590363233810393,13.374185291321055,0,0.0,2.536354812879324,8.537657398411028,29.0385607364218
Truck_9,187.5715871291829,3,0,0.0,4.692593274500041,19.340515702064693,0,0.0,2.3323980625353613,11.722436939497896,38.08794397859799
Truck_4,203.751943041218,3,0,0.0,5.7578786408384985,11.335601599134549,0,0.0,3.5894618049499627,8.75417582203039,29.4371178669534
Truck_2,211.44611731352256,3,0,0.0,6.074918077831796,11.020280542765533,0,0.06042700892805897,3.259616783153973,9.827683379663455,30.242925792342817
Truck_7,204.8107556793439,3,0,0.0,6.080853246677265,15.2063775984536,0,0.0,2.5037564185731753,13.220743504222611,37.01173076792665
Truck_3,203.34856950459266,3,0,0.0,5.867708578327296,18.587282932757347,0,0.0,3.6412028119968056,12.779910343989542,40.87610466707099
Truck_1,215.4217419581239,3,0,0.0,3.0935533084676763,12.187208101325695,0,0.7422604597568352,1.4980350090285697,11.902675321578073,29.42373220015685
Truck_0,207.90620814832613,3,0,0.0,4.969882538294883,19.77095339226301,0,0.29575475781865634,1.9149150294083483,10.425270557706085,37.37677627549098
Truck_5,210.8766901686063,3,0,0.0,3.7994713753727183,17.534591392284995,0,0.0,3.774208831348261,13.862795541170556,38.97106714017653
Truck_6,212.72576011656352,3,0,0.0,5.919452852598312,19.454885186585415,0,0.0,3.7780455777021302,8.257056405685631,37.40944002257149
Truck_9,225.65953110778088,3,0,0.0,4.833196977355811,10.832107961718037,0,0.0,3.1664006308965043,12.30995720988804,31.141662779858393
Truck_8,219.74348412991216,3,0,0.0,3.4963976346760717,19.674817547260034,0,0.0,1.6627602084780904,14.333880932283734,39.16785632269793
Truck_4,233.1890609081714,3,0,0.0,4.639477574692279,13.46654094609849,0,0.0,2.9350655805397707,11.819278415812903,32.86036251714344
Truck_7,241.82248644727056,4,0,0.0,3.813777751033058,17.791788331976676,0,0.0,2.2253785336595797,10.914247572085003,34.74519218875432
Truck_1,244.84547415828075,4,0,0.0,3.6963462945611525,16.83830220982165,0,0.0,3.8036958128608376,10.185430916051303,34.52377523329494
Truck_2,241.68904310586538,4,0,0.0,6.110078888603624,17.80202625954641,0,0.052282809924463436,3.8151331560146104,10.281154601580113,38.06067571566922
Truck_6,250.135200139135,4,0,0.0,3.312110013914264,14.254485111953272,2,4.375371858028586,2.9395387606901977,9.618467917597854,34.499973662184175
Truck_0,245.2829844238171,4,0,0.35327977448650927,5.229049907081958,16.32841589585891,1,2.274834218709998,2.608602903076644,12.69504651749213,39.48922921670615
Truck_3,244.22467417166365,4,0,0.0,5.051311681012805,17.20589849151122,0,2.7019341313367136,3.420294214312378,12.580016350614528,40.959454868787645
Truck_5,249.84775730878283,4,0,0.0,5.654746747596306,19.7363226595987,0,0.0,3.7958435447650913,9.249596019163278,38.436508971123374
Truck_9,256.8011938876393,4,0,0.0,5.478617070393227,12.361468604999232,0,0.0,3.2751596041728135,10.853532958565154,31.968778238130426
Truck_8,258.9113404526101,4,0,0.0,5.669890953103447,17.976007229352376,0,0.0,3.4155081062431236,11.338381626883177,38.399787915582124
Truck_4,266.04942342531484,4,0,0.0,5.538072767608071,18.461225517161665,0,0.0,3.034318193627769,12.885545194176473,39.91916167257398
Truck_1,279.3692493915757,4,0,0.0,4.198295431312658,11.244894272053955,0,0.0,1.3266801863687192,10.821765387290725,27.591635277026057
Truck_7,276.5676786360249,4,0,0.0,4.753915452028707,11.475480991870143,0,0.0,3.680571516819782,11.680956619159133,31.590924579877765
Truck_0,284.77221364052326,4,0,0.0,3.0040515482056094,13.32341587511263,0,0.0,3.4681308783844997,8.73342719176759,28.52902549347033
Truck_2,279.7497188215346,4,0,0.0,4.885171643587057,12.064577076950854,0,0.0,2.015640480853108,14.93993959797399,33.90532879936501
Truck_5,288.2842662799062,4,0,0.0,5.432602749505179,12.320623911062285,0,0.0,1.9963848004243232,9.367621407537683,29.11723286852947
Truck_9,288.7699721257697,4,0,0.0,5.805162262367901,16.46487977863029,0,0.0,1.8455131966570093,10.099898805070552,34.21545404272575
Truck_6,284.6351738013192,4,0,0.0,4.339722161210432,17.42649255856128,0,0.0,3.009320361972698,13.63652693792352,38.41206201966793
Truck_3,285.1841290404513,4,0,0.0,4.96303250875377,19.686692880824467,0,0.0,2.818171698674689,11.101640119776732,38.56953720802966
Truck_8,297.3111283681922,4,0,0.0,5.616534940599706,16.255913098575775,0,0.0,2.7500028172663633,11.179676335065494,35.80212719150734
Truck_1,306.96088466860175,5,0,0.0,5.817701075774494,11.641546474018696,0,0.0,3.5518740433667517,13.863406225554058,34.874527818714
Truck_4,305.9685850978888,5,0,0.0,4.19266371831111,16.184972289365362,0,0.0,2.99818273271012,12.692338451965213,36.068157192351805
Truck_7,308.15860321590264,5,0,0.0,5.43071026031663,17.799746181808757,0,0.0,3.041330239946717,8.806943792876382,35.078730474948486
Truck_5,317.4014991484357,5,0,0.0,4.519211947506449,11.27720870358803,0,0.36741447098950175,2.5075902799632104,9.779043042371768,28.45046844441896
Truck_0,313.3012391339936,5,0,0.0,5.877837825607969,11.671584187682583,0,0.0,2.7146731232355137,14.722111473349457,34.986206609875524
Truck_2,313.6550476208996,5,0,0.0,4.94868935334847,18.97232669569803,0,0.0,2.960117395883003,12.154576620441674,39.03571006537118
Truck_9,322.98542616849545,5,0,0.0,5.536037900107431,16.62436806727038,0,0.0,2.3291931429662895,10.648094747009395,35.1376938573535
Truck_6,323.0472358209871,5,0,0.0,5.553358267884676,18.644715416947918,0,0.0,2.9462696266761554,9.458915504016943,36.60325881552569
Truck_8,333.11325555969955,5,0,0.0,3.3923267356697124,14.974817464402804,0,0.0,1.8010231941737516,8.862886499207548,29.031053893453816
Truck_3,323.75366624848095,5,0,0.0,5.939982568702362,19.78697729259744,0,0.0,2.8646443716986596,12.288313731505127,40.87991796450359
Truck_4,342.0367422902406,5,0,0.0,3.157771919504114,17.962605040636618,0,0.0,3.7799241684346043,8.674196801688197,33.57449793026353
Truck_5,345.85196759285463,5,0,0.0,5.125563520160711,10.968490563673697,0,0.0,3.062016174495227,12.454550241869981,31.610620500199616
Truck_7,343.23733369085113,5,0,0.0,4.399216412062287,16.379128874800415,0,0.9923588734704367,3.7876053331535218,10.436110895287925,35.994420388774586
Truck_1,341.83541248731575,5,0,0.0,5.083685314609625,19.483620677687213,0,0.5343249392033727,3.713575031358971,13.650626596513291,42.46583255937247
Truck_2,352.6907576862708,5,0,0.0,4.572856561919082,17.518506594784128,0,0.0,3.5976213593583566,12.988671186642478,38.677655702704044
Truck_0,348.2874457438691,5,0,0.0,6.000271093045967,18.697410908888287,0,0.0,3.756256265323202,14.797792270484365,43.25173053774182
Truck_6,359.6504946365128,5,0,0.0,2.663070800771834,14.10887588117538,1,1.9573008838723354,2.4594744944878357,10.70828460773339,31.897006668040774
Truck_9,358.12312002584895,5,0,0.0,5.985511433110162,12.152742617679394,0,0.4800099344880664,2.3898259225593392,12.622831418791236,33.6309213266282
Truck_8,362.14430945315337,6,0,0.0,5.068624878810624,16.59734266108444,0,0.0,2.416105346939105,14.235460722732796,38.317533609566965
Truck_3,364.63358421298454,6,0,0.0,4.934722188162368,19.429700239437636,0,0.0,3.5043856672103857,13.758131816025639,41.62693991083603
Truck_4,375.61124022050416,6,0,0.0,2.482374789086805,15.707460289729397,0,0.0,2.6481268744180966,12.528447191624934,33.36640914485923
Truck_7,379.2317540796257,6,0,0.0,5.037152567170722,11.971212880201733,0,0.0,3.398540474603294,11.96373243016626,32.37063835214201
Truck_5,377.46258809305425,6,0,0.0,4.809052774041561,14.856611929636927,0,0.0,3.7761162467843974,14.076566801962144,37.51834775242503
Truck_9,391.75404135247715,6,0,0.0,3.1081487798106764,11.221713888108752,0,0.0,2.7013752748899265,12.653011164326472,29.684249107135827
Truck_1,384.3012450466882,6,0,0.0,5.203796325885378,18.016193222335517,0,0.0,3.41019659845216,11.249696908524413,37.87988305519747
Truck_0,391.53917628161093,6,0,0.0,5.412007305916745,11.272387637588281,0,0.561708070170539,3.719075233417186,10.573791347780457,31.53896959487321
Truck_2,391.36841338897483,6,0,0.0,6.232615701225768,13.817518876402403,0,0.0,2.781771768855492,12.395677959982095,35.22758430646576
Truck_6,391.5475013045536,6,0,0.0,5.099161035970042,15.766148046249498,0,0.09154414193056937,3.1953002503789776,13.177039844541582,37.32919331907067
Truck_3,406.2605241238206,6,0,0.0,2.965254861999256,13.38743434078242,0,0.0,2.4483771781348764,9.961003912173226,28.762070293089778
Truck_8,400.46184306272033,6,0,0.0,3.1912125228737978,19.59418864638559,0,0.0,1.703070133423637,10.158125994997818,34.64659729768084
Truck_4,408.9776493653634,6,0,0.0,4.866286297787553,15.566106249016684,0,0.0,1.6599111325526223,8.756427617549491,30.84873129690635
Truck_7,411.6023924317677,6,0,0.0,5.784125904661948,13.671507424851313,0,0.0,2.760160559681026,8.470735634660286,30.686529523854574
Truck_5,414.9809358454793,6,0,0.0,5.871140119306062,13.099271327648296,0,0.0,3.106373260907617,11.167084828073996,33.24386953593597
Truck_1,422.1811281018857,7,0,0.0,5.31864822691449,13.665596271807601,0,0.0,3.766341033277513,9.980324966732383,32.73091049873199
Truck_9,421.438290459613,7,0,0.0,6.179886441337771,15.31648962509098,0,1.8421090903644313,2.1471687789262432,8.432223942779501,33.91787787849893
Truck_2,426.5959976954406,7,0,0.0,5.401992765740431,11.65735155319004,1,1.2763716195142365,2.512772292336024,9.96371148518017,30.8121997159609
Truck_0,423.07814587648414,7,0,0.0,5.403083420258099,13.268067335020987,0,0.0,3.0274789846429258,14.216067308704453,35.914697048626465
Truck_6,428.87669462362425,7,0,0.0,3.892393125459648,10.896294951618756,2,3.2585616946297478,3.8113804768324258,11.040126277365516,32.898756525906094
Truck_8,435.1084403604012,7,0,0.0,2.8716758181099067,10.515456625630009,0,0.0,3.028741060859204,11.112507815357787,27.528381319956907
Truck_3,435.02259441691035,7,0,0.0,5.304080422486152,14.728890134351786,0,0.0,1.820661647447821,13.048532873524437,34.902165077810196
Truck_7,442.2889219556223,7,0,0.0,3.672975558997507,12.883261380976762,0,0.0,1.5341711528074597,12.332779635773647,30.423187728555376
Truck_4,439.82638066226974,7,0,0.0,5.141162892220507,18.95602634663686,0,0.0,3.0545953307027958,12.827501650734973,39.97928622029514
Truck_2,457.4081974114015,7,0,0.0,5.320972489529197,11.386640274590036,0,0.0,2.7601718867528575,10.138360467261123,29.606145118133213
Truck_5,448.22480538141525,7,0,0.0,3.608138802453084,17.995228334515787,0,0.0,3.1020926456041025,14.376104824986214,39.08156460755919
Truck_9,455.3561683381119,7,0,0.0,4.401853161471081,16.912857480433445,0,0.0,2.991430256309002,10.158787750660792,34.46492864887432
Truck_0,458.9928429251106,7,0,0.0,3.838442732207568,17.82485031800735,0,0.0,1.7818495853797458,9.722320930183628,33.16746356577829
Truck_1,454.9120386006177,7,0,0.0,5.752399381267082,17.005463039161555,0,0.0,3.7138659922255783,13.972872513142306,40.44460092579652
Truck_6,461.77545114953034,7,0,0.0,4.9720864545315635,14.919269127526718,0,0.0,2.57816133267454,12.915650946662254,35.385167861395075
Truck_7,472.7121096841777,7,0,0.0,3.4636148616930313,10.838342957989767,0,2.347232391999455,3.8142926508536448,8.32812477146416,28.79160763400006
Truck_8,462.6368216803581,7,0,0.0,4.628690994614715,18.463969219839612,0,0.0,3.6318180010475203,12.760038142844394,39.48451635834624
Truck_3,469.92475949472055,7,0,0.0,4.563923501093541,11.989557279294445,0,0.0,3.4744137097633825,13.06353180276875,33.09142629292012
Truck_4,479.8056668825649,7,0,0.0,4.922879422913752,15.264786051666363,0,0.0,2.9061979873655446,13.129728023512087,36.223591485457746
Truck_5,487.30636998897444,8,0,0.0,5.567705410600524,13.502536641057816,0,0.0,2.871404280577167,9.38458134390038,31.326227676135886
Truck_9,489.8210969869862,8,0,0.0,4.276671021607342,16.57935076805836,0,0.0,2.6115950938243486,10.34549777574216,33.81311465923221
Truck_1,495.3566395264142,8,0,0.0,3.1809135628967056,12.139871817138442,0,0.0,3.727409395756922,12.746124848621207,31.794319624413276
Truck_6,497.1606190109254,8,0,0.0,5.475736870727928,13.479841427756696,0,0.6303827714690442,2.9034421651953153,10.91199636434078,33.401399599489764
Truck_0,492.1603064908889,8,0,0.0,6.067745569830095,17.862534973450863,0,0.0,3.4895466050858204,11.131301073849954,38.55112822221673
Truck_2,487.0143425295347,8,0,0.0,5.533535022615922,19.548273368869957,0,1.1925629494556915,3.4578662104028126,14.310691414307485,44.04292896565187
Truck_7,501.50371731817773,8,0,0.0,5.591217984027082,10.522932112195235,0,1.9622662248556253,3.577586534516854,8.281044805181864,29.93504766077666
Truck_8,502.1213380387043,8,0,0.0,3.853117034185459,15.013225119914978,0,0.0,3.160136230926696,12.428168645931237,34.45464703095837
Truck_3,503.01618578764067,8,0,0.0,4.81584806415691,19.095145825574207,0,0.0,3.022146634877913,12.809091444829278,39.74223196943831
Truck_4,516.0292583680226,8,0,0.0,4.969842485591585,13.488937979419234,0,0.0,2.946616680145894,14.110248705407912,35.515645850564624
Truck_5,518.6325976651103,8,0,0.0,5.8394392246539155,12.937943417483098,0,0.0,3.626524893394503,14.02036133222066,36.424268867752176
Truck_9,523.6342116462184,8,0,0.0,5.85179644112975,15.939915333826775,0,0.0,3.1092579345582863,9.005335541400541,33.90630525091535
Truck_6,530.5620186104152,8,0,0.0,5.213569916244069,12.21394520231513,0,0.5456476267588641,2.5814026882279677,10.901113250085245,31.455678683631277
Truck_1,527.1509591508275,8,0,0.0,4.293542787080014,17.379793326125423,0,2.0571963101424444,3.3522811819896106,8.168507279755886,35.25132088509338
Truck_2,531.0572714951866,8,0,0.0,5.561517511588477,10.951795328760909,0,0.0,3.310907238639402,11.779877875694979,31.604097954683766
Truck_0,530.7114347131056,8,0,0.0,6.061378348569178,13.214687276003929,1,1.1290837062824721,3.6146603018003134,11.142258298824913,35.162067931480806
Truck_8,536.5759850696627,8,0,0.0,4.544249620870346,13.309902948990157,0,0.301106706238329,2.946233987291066,10.190497330685844,31.29199059407574
Truck_7,531.4387649789544,8,0,0.005736958953093563,6.118911968528778,14.220102992138663,0,2.4502558575900366,2.7812313485435425,14.70599431122423,40.282233436978345
Truck_3,542.758417757079,9,0,0.0,6.000217181875655,13.077042784239552,0,0.0,2.7615135284686403,9.325543690780819,31.164317185364666
Truck_4,551.5449042185872,9,0,0.0,4.4400144688153205,12.769544140062408,0,0.0,2.4242261036971513,13.547966482889933,33.18175119546481
Truck_9,557.5405168971338,9,0,0.0,3.5626848190408964,19.586326859346514,0,1.725238860268405,2.246588463299986,8.074456353642859,35.19529535559866
Truck_6,562.0176972940465,9,0,0.0,2.67606368714371,15.011531654082546,0,0.0,2.7094748005168867,10.356744570194337,30.75381471193748
Truck_5,555.0568665328625,9,0,0.0,5.806252362878695,19.212236257519407,0,0.0,2.8998324022032875,10.841146572687649,38.75946759528904
Truck_1,562.4022800359209,9,0,0.0,5.908704082469285,13.415735330367966,1,1.2484681067057863,3.1586596470436916,10.166340957581838,33.897908124168566
Truck_2,562.6613694498703,9,0,0.0,4.52906260952625,15.471009630941012,1,1.9999142087519886,1.8998248981666848,12.21617532001028,36.115986667396214
Truck_8,567.8679756637384,9,0,0.0,6.194269307807872,10.376181634256454,2,2.1227541914535095,1.8739053775891534,12.238019324991228,32.80512983609822
Truck_0,565.8735026445864,9,0,0.0,4.910811679295534,13.408415782028214,1,1.9411170965973952,2.9103099255096367,12.8341540183078,36.00480850173858
Truck_7,571.7209984159327,9,0,0.0,5.933811009946567,13.382247513586094,0,0.0,3.5344888545265576,14.118220652433706,36.968768030492924
Truck_3,573.9227349424436,9,0,0.0,5.989068915697317,17.14535618093919,0,0.0,3.645459860425376,13.053590406445323,39.833475363507205
Truck_4,584.7266554140521,9,0,0.0,6.146068444152888,19.424340595180638,0,0.0,3.605336660728881,10.221931641588412,39.39767734165082
Truck_6,592.7715120059839,9,0,0.0,6.083089104278542,12.79634681203845,0,0.0,2.9554748478657302,14.932051709030816,36.76696247321354
Truck_5,593.8163341281515,9,0,0.0,4.2170133879587866,17.941009425955258,1,1.7387951074751982,3.6534215845773588,8.356370572560763,35.906610078527365
Truck_9,592.7358122527324,9,0,0.0,4.470675767892089,14.842723222476707,1,2.5572115270654194,2.5427704235148667,12.605654789383607,37.01903573033269
Truck_1,596.3001881600894,9,0,0.0,4.7287552997383955,10.85082019744982,0,2.022637456836833,3.810750935426313,14.135977616475884,35.548941505927246
Truck_2,598.7773561172665,9,0,0.0,3.2849183639019657,13.269705528053805,0,1.8172131844592059,3.5844361512221212,12.038002903917004,33.9942761315541
Truck_8,600.6731054998367,10,0,0.0,5.386473276114884,18.44008296043978,0,0.0,2.8670814512321385,12.601330978705391,39.294968666492196
Truck_0,601.878311146325,10,0,0.0,5.045181213826595,18.520635573319282,0,0.0,3.6407040218911106,12.2821341300953,39.48865493913229
Truck_7,608.6897664464257,10,0,0.0,3.618314829745259,15.380163926599607,0,0.0,3.2039466581235274,11.475293294996163,33.67771870946456
Truck_3,613.7562103059508,10,0,0.0,3.9341449005280538,12.861004705626897,0,0.0,3.3551933652964863,14.540256379657535,34.69059935110897
Truck_4,624.1243327557029,10,0,0.0,3.655965028841706,12.85649890353011,0,0.0,1.6819137277815344,10.493616937194133,28.687994597347483
Truck_5,629.7229442066789,10,0,0.0,5.381577007304941,10.334281751852814,0,0.0,3.4546398453408074,13.747898980776085,32.91839758527465
Truck_1,631.8491296660167,10,0,0.0,4.696961419321383,11.54927664586728,0,0.0,2.594774420574936,12.147947931061822,30.98896041682542
Truck_6,629.5384744791975,10,0,0.0,5.800781874308768,19.551274393443464,0,0.0,1.9639219172005369,9.599799354699257,36.91577753965203
Truck_9,629.7548479830651,10,0,0.0,4.439372808760822,19.59464281298051,0,0.0,3.5764252103381295,12.31148705015562,39.92192788223508
Truck_0,641.3669660854573,10,0,0.0,5.943995076282931,15.138580455523652,0,0.0,1.4902147662880907,8.346341780923808,30.919132079018482
Truck_2,632.7716322488207,10,0,1.422588543005304,4.179853122412169,18.54490875776844,0,0.4463061431380311,3.384346376404551,13.047253497826773,41.02525644055527
Truck_7,642.3674851558902,10,0,0.0,4.081603790155896,10.399248820082676,0,0.006114898021451154,3.500681310135974,13.953667809743706,31.941316628139703
Truck_8,639.9680741663288,10,0,0.0,5.246789460219134,16.182077655843386,0,0.0,1.9358092016359478,12.363139853284906,35.727816170983374
Truck_3,648.4468096570598,10,0,0.0,5.438969568956395,14.965065573645575,0,0.0,2.334602222255512,8.12762720834644,30.86626457320392
Truck_4,652.8123273530504,10,0,0.0,5.089394704430106,16.17602930029659,0,0.0,3.088599702723741,8.737824781678455,33.09184848912889
Truck_1,662.8380900828421,11,0,0.0,5.288228690734627,11.218613485375045,0,0.0,3.6469184594609487,10.261691394547029,30.41545203011765
Truck_5,662.6413417919536,11,0,0.0,4.259273227319113,17.463714854433533,0,0.0,3.43232872993417,10.138675114304533,35.29399192599135
Truck_0,672.2860981644758,11,0,0.0,4.779496262462089,11.5223196028345,0,0.0,1.8033356842116746,12.757747136467628,30.862898685975892
Truck_6,666.4542520188495,11,0,0.0,5.732756079474939,16.138277660375024,0,0.0,3.5256043581397307,12.150026208227473,37.54666430621717
Truck_2,673.7968886893759,11,0,0.0,5.450398043464247,12.88450122470806,0,0.0,2.614825095512515,9.899227282492006,30.84895164617683
Truck_9,669.6767758653002,11,0,0.0,2.4364565636727775,17.640975518663822,0,0.6370417663472381,3.433032281768078,11.903419885019616,36.05092601547153
Truck_8,675.6958903373122,11,0,0.0,4.20875208105349,13.08020454854659,0,0.83943502883983,2.2986868772669595,14.444960313343472,34.87203884905034
Truck_7,674.3088017840299,11,0,0.0,5.3502652334681216,14.168384653263388,0,0.9191613822993077,2.3040096708638202,14.424602074516088,37.166423014410725
Truck_3,679.3130742302637,11,0,0.0,4.376897830630014,11.884554478094856,0,0.5484423340304829,2.034641076670482,14.974307340938822,33.81884306036466
Truck_4,685.9041758421793,11,0,0.0,3.3901506016736676,13.564606355010142,0,0.0,3.5017942830876336,11.324735316635838,31.78128655640728
Truck_0,0.0,0,0,0.0,4.596355377193303,10.58276667907368,0,0.0,1.9134274073402189,8.210191121185016,25.302740584792218
Truck_6,0.0,0,2,5.496832950706575,4.080390406289539,11.021557396002628,0,0.0,3.4310697936258876,11.455350795065975,35.485201341690605
Truck_1,0.0,0,0,0.0,5.274299284025089,17.92154174854584,0,0.8340095140536974,2.5571653388341673,12.222544986971691,38.80956087243049
Truck_2,0.0,0,0,0.0,5.496832950706575,19.528088712235082,1,1.562094222517139,1.9121576754309828,10.776120771052838,39.27529433194262
Truck_4,0.0,0,0,4.596355377193303,3.848556784511251,13.656858201851634,0,0.0,3.20430824763886,14.099328098486055,39.4054067096811
Truck_7,0.0,0,3,6.05157931866223,6.109556862135924,13.748402600640615,1,2.5896347794510106,2.5213134467355296,11.681278543823648,42.70176555144896
Truck_9,0.0,0,5,9.263306212943291,5.1021643848824905,10.193047616639982,0,0.7475603967292841,3.519883437472707,14.448939175539586,43.27490122420734
Truck_5,0.0,0,1,5.274299284025089,3.9890069289182026,19.84119263139022,0,1.9159881632917966,3.1681552750068427,12.072563850254404,46.26120613288656
Truck_3,0.0,0,0,0.0,6.05157931866223,19.988214228719038,2,2.786168501286486,3.513880602085635,14.754380075510575,47.094222726263965
Truck_8,0.0,0,4,8.444912161704554,5.542113561802566,16.975875323412325,1,1.376941603833945,2.5944803464497355,14.989370012681164,49.92369300988429
Truck_0,25.302740584792218,0,0,0.0,4.730509868278382,15.055632515832578,0,0.0,2.6103939184254514,8.28012637580209,30.676662678338502
Truck_1,38.80956087243049,0,0,0.0,5.16041060723316,10.64526126666103,0,0.0,2.359542496006675,8.98256315245714,27.147777522358005
Truck_6,35.485201341690605,0,0,0.0,3.990047562925227,19.45928943573618,0,0.0,3.240520666754101,8.464333456867777,35.15419112228329
Truck_9,43.27490122420734,0,0,0.6568728779005824,6.222834045097066,11.68921878125591,0,0.33123207864521476,2.362428411444739,10.938559026732861,32.201145221076374
Truck_4,39.4054067096811,0,0,0.0,6.22187864451999,18.52598060785523,0,0.0,3.2584035421937756,8.556485079834047,36.562747874403044
Truck_2,39.27529433194262,0,0,0.0,4.656479770165305,17.120394714444473,0,0.0,1.657865704176558,13.76517291099492,37.199913099781256
Truck_7,42.70176555144896,0,0,0.0,4.098614750578847,19.155224602952416,0,0.0,1.3173190691417176,14.289163917010626,38.860322339683606
Truck_8,49.92369300988429,0,0,0.0,5.665022135461911,12.406266132233768,0,0.0,2.630333040150248,14.295983191388473,34.9976044992344
Truck_5,46.26120613288656,0,0,0.0,4.972945221685798,15.812206839979034,0,0.22656577957054935,3.745864877918123,14.116032169363407,38.87361488851691
Truck_3,47.094222726263965,0,0,0.0,4.006672417549268,18.506158627641554,0,1.0182605462754282,3.1274998574628086,14.08867266095801,40.74726410988707
Truck_0,55.97940326313072,0,0,0.0,5.464080376668704,18.155152554721354,0,0.0,2.1290800695160215,12.974804498496283,38.72311749940236
Truck_1,65.9573383947885,1,0,0.0,6.090345311269914,12.09386150104011,0,0.0,3.5530626174700615,8.015735767455737,29.753005197235822
Truck_6,70.63939246397389,1,0,0.0,5.2808320164569125,18.257446654484312,0,0.0,2.9637004344743048,13.339999968542628,39.84197907395816
Truck_2,76.47520743172387,1,0,0.0,6.125295794831501,12.786655793339122,0,0.0,2.175761537299053,13.144800012226085,34.23251313769576
Truck_7,81.56208789113256,1,0,0.0,3.894606101048524,12.129555778761642,0,2.7375115422569394,2.5940444990755793,9.412775480053753,30.768493401196437
Truck_9,75.47604644528371,1,0,0.0,5.843938092702643,14.725029928785133,1,1.5179060904220592,3.418761563496389,13.51924975348389,39.024885428890116
Truck_4,75.96815458408415,1,0,0.0,5.139855711047929,14.442366352861413,0,1.5909949213959322,3.1823897438102478,14.67136987366942,39.02697660278494
Truck_5,85.13482102140347,1,0,0.0,4.684778533334864,12.20293152904756,0,0.0,2.213974593108574,14.798339899556936,33.900024555047935
Truck_8,84.92129750911869,1,0,0.0,6.196776267979686,15.067569889576646,0,0.0,2.3489667357608255,13.697558398986146,37.310871292303304
Truck_3,87.84148683615103,1,0,0.0,5.956441414674671,16.340246022419663,0,0.0,2.915176660551367,12.40524285436372,37.61710695200942
Truck_1,95.71034359202432,1,0,0.0,4.162824378777515,14.618508313052743,0,0.0,3.627215090784304,12.256869461637933,34.665417244252495
Truck_0,94.70252076253308,1,0,0.0,4.631033487648423,16.142318697200494,0,0.0,2.3802246771149385,13.821639684807806,36.97521654677166
Truck_4,114.99513118686909,1,0,0.03906396310358673,3.8606944526474365,11.467536377178533,0,0.0,2.1124875664771707,8.380892736025203,25.86067509543193
Truck_6,110.48137153793205,1,0,0.0,4.552823612040626,16.14574604363162,0,0.0,2.8077870808879197,12.860483121243448,36.36683985780361
Truck_2,110.70772056941964,1,0,0.0,5.642212751891364,16.760191719508384,0,0.8776032336728292,1.9613050502532303,12.661649654645629,37.90296240997144
Truck_9,114.50093187417383,1,0,0.0,6.164727921935523,16.78762781401572,0,0.0,2.894295212032233,10.011234389755344,35.85788533773882
Truck_7,112.330581292329,1,0,0.0,5.549995503076431,14.30107409759674,0,0.29326265327364354,3.7545461559749924,14.83029386904326,38.729172278965066
Truck_3,125.45859378816046,2,0,0.0,5.681955586333899,10.2043323382033,0,0.0,2.8875331793479404,12.741090732446139,31.51491183633128
Truck_5,119.0348455764514,1,0,0.0,6.075135006384599,19.58986243323882,0,0.0,3.669389078043338,9.958692313515002,39.29307883118176
Truck_8,122.23216880142199,2,0,0.0,4.884497025434214,19.585130210211673,0,0.0,2.748099111346619,8.891441107955075,36.10916745494758
Truck_0,131.67773730930475,2,0,0.0,4.410544797127216,14.195103354090804,0,0.0,1.9202793615029634,10.630858269166907,31.15678578188789
Truck_1,130.3757608362768,2,0,0.0,4.4728548137463235,19.72230378633182,0,0.0,1.8128890851695303,8.521008159365778,34.52905584461345
Truck_4,140.85580628230102,2,0,0.0,2.2642941483906043,10.831114919139651,0,0.0,3.1931887192053523,13.204733792063053,29.49333157879866
Truck_2,148.61068297939107,2,0,0.0,4.047204845184268,12.71798714630495,0,0.0,2.942895597689869,8.001459227050134,27.70954681622922
Truck_6,146.84821139573566,2,0,0.0,5.533694250751495,12.23877992349992,0,0.0,2.797756642830194,11.142516789317085,31.712747606398693
Truck_9,150.35881721191265,2,0,0.0,5.671089298786654,16.165573933535256,0,0.0,2.8791458645109174,10.119284488365025,34.83509358519785
Truck_7,151.05975357129407,2,0,0.0,2.3963264595037117,13.809404352245366,0,0.15295782977412387,3.7327798756970765,14.276651607564816,34.368120124785094
Truck_3,156.97350562449174,2,0,0.0,5.664847818003267,14.564485573084909,0,0.0,2.8753426839985536,9.05567497068904,32.16035104577577
Truck_0,162.83452309119264,2,0,0.0,3.3675964795056927,15.074296819565944,0,2.3416009754463403,1.6356828176393208,9.151084659293389,31.570261751450687
Truck_5,158.32792440763316,2,0,0.0,4.204387683512465,18.28821343864027,0,0.0,3.658083444664072,10.098587378520449,36.249271945337256
Truck_8,158.34133625636957,2,0,0.0,5.626609281497025,16.66031369926472,0,0.0,2.9897581285792967,12.76037136246643,38.03705247180747
Truck_1,164.90481668089026,2,0,0.0,5.623370593377473,15.780509308213425,0,0.0,3.0593705211047393,12.783571449433651,37.24682187212929
Truck_2,176.3202297956203,2,0,0.0,4.472578373177328,11.944305187224046,0,0.0,1.8117092362116978,10.633012744423695,28.861605541036766
Truck_4,170.34913786109968,2,0,0.0,3.01629536361105,18.260712569884817,0,0.0,2.5152915683478625,12.754047898552784,36.54634740039651
Truck_6,178.56095900213435,2,0,0.0,4.829890694491581,18.069810246868144,0,0.0,3.0711824491520474,10.628930532446816,36.59981392295859
Truck_3,189.1338566702675,3,0,0.0,4.320023029697694,13.07631822933709,0,0.0,1.3312981363710605,8.562034740913901,27.289674136319746
Truck_9,185.1939107971105,3,0,0.0,2.466241403303968,18.05960756913518,0,0.0,2.131980468344267,14.991636821324676,37.64946626210809
Truck_0,194.40478484264332,3,0,0.0,5.387428476939391,11.952123528903769,0,0.0,3.0943554773919857,8.790670726403732,29.224578209638878
Truck_7,185.42787369607916,3,0,0.0,5.310340661267219,17.75958998356228,0,0.0,2.963960459486117,13.906845900302812,39.94073700461843
Truck_8,196.37838872817704,3,0,0.0,6.200065293066217,10.275616665386337,0,0.0,2.2194365649350516,11.556702532475924,30.25182105586353
Truck_5,194.57719635297042,3,0,0.0,5.014851323206784,14.333979209996045,0,0.9126654397052221,3.6156805288626117,12.362213882451528,36.23939038422219
Truck_4,206.8954852614962,3,0,0.0,4.03955664782427,10.803170605134966,0,0.0,3.666155006938368,12.477156133716733,30.986038393614336
Truck_2,205.18183533665706,3,0,0.0,4.1634010181215615,16.55573997833352,0,0.0,3.2624243787160196,10.116547723054651,34.09811309822575
Truck_3,216.42353080658725,3,0,0.0,5.482305824411014,11.079026544422106,0,0.0,3.557955133493948,9.680420533204767,29.799708035531836
Truck_6,215.16077292509294,3,0,0.0,5.401260973392084,19.412673946399735,0,0.0,2.9855717162127746,9.460602557438449,37.26010919344304
Truck_0,223.6293630522822,3,0,0.0,3.851168327897028,13.4332141047027,0,0.0,1.667509613205425,10.08887136312785,29.040763408933003
Truck_8,226.63020978404057,3,0,0.0,2.9796599325886177,15.393522275021695,0,0.0,3.5088064918063537,10.594542169464347,32.476530868881014
Truck_7,225.3686107006976,3,0,0.0,2.9600445336334644,13.21467693183152,0,1.0379229319247827,3.42592187769975,14.174220283111993,34.81278655820151
Truck_9,222.8433770592186,3,0,0.0,4.7574537743564065,19.50952231513878,0,0.0,3.730097760591633,10.549964485776144,38.547038335862965
Truck_5,230.8165867371926,3,0,0.0,5.099403148011419,11.759124490422352,0,0.8370841078308615,2.793044616788052,10.75239207126188,31.241048434314564
Truck_2,239.2799484348828,3,0,0.0,3.2283238402898746,18.290618865314144,0,0.0,2.153281386420076,10.536235142264275,34.20845923428837
Truck_4,237.88152365511053,3,0,0.0,5.360599446763018,16.74007477918647,0,0.0,2.2245365130844448,11.714553697573876,36.03976443660781
Truck_3,246.2232388421191,4,0,0.0,5.479570719624348,10.848471133661974,0,0.0,3.3725338516599663,13.142661091797322,32.84323679674361
Truck_0,252.6701264612152,4,0,0.0,4.06354251891662,15.006064058834227,0,0.0,3.2064589347212973,10.790370146314558,33.0664356587867
Truck_8,259.1067406529216,4,0,0.0,3.5282123524276585,10.520793968857106,0,0.0,2.0413935458083756,10.73247868014289,26.82287854723603
Truck_6,252.42088211853599,4,0,0.0,3.191786237734675,18.110202496380452,0,1.2233211210362356,3.4995536784525143,12.414974409246952,38.43983794285083
Truck_7,260.1813972588991,4,0,0.0,4.711032051773486,14.92794109373176,0,0.0,3.435285059259172,14.518774719388318,37.59303292415274
Truck_5,262.0576351715072,4,0,0.0,5.333665317855605,15.944287847737144,0,0.0,3.776683807161362,12.872940430368374,37.927577403122484
Truck_9,261.39041539508156,4,0,0.0,4.977532192269791,18.64364137756928,0,0.0,3.427433267826302,11.952932158410647,39.00153899607602
Truck_2,273.4884076691712,4,0,0.0,5.314632852413638,11.032181668697035,0,0.0,3.5481823122296987,11.608097757359303,31.503094590699675
Truck_3,279.0664756388627,4,0,0.0,2.583207505012524,13.525456343052326,0,0.0,2.0747155990517285,9.126108718930311,27.30948816604689
Truck_4,273.92128809171834,4,0,0.0,5.254625284644021,17.845239627918716,0,0.22870208169820216,2.789825380549928,11.449599558526529,37.567991933337396
Truck_1,202.15163855301955,3,0,0.0,5.7900633577629605,16.240976511702797,0,0.0,3.7101433831297754,12.773379533477737,110.97809204918809
Truck_0,285.7365621200019,4,0,0.0,5.877463975511944,10.971670298115669,0,0.0,3.0704244788212804,11.718161953633626,31.63772070608252
Truck_8,285.9296192001576,4,0,0.0,4.7645834810649035,16.6529794136448,0,0.0,1.4712455481874258,12.165691302624111,35.05449974552124
Truck_5,299.98521257462966,4,0,0.0,4.790345668430348,13.489128592626912,0,0.6271913479280329,1.6459949466260468,9.523135125048839,30.07579568066018
Truck_7,297.77443018305183,4,0,0.0,2.7103302807990417,15.969813630927774,0,0.0,2.6245890631818156,13.21109365130377,34.5158266262124
Truck_6,290.8607200613868,4,0,0.0,5.402027600051497,19.5324283704731,0,0.0,3.096702151703539,14.522833412507794,42.55399153473593
Truck_2,304.99150225987086,5,0,0.0,5.451908340841044,14.562619830456867,0,0.0,2.827477173867294,8.028240777171106,30.87024612233631
Truck_9,300.3919543911576,5,0,0.0,5.786480039011622,19.41490448566185,0,0.0,1.4137094003279458,11.499610564776958,38.114704489778376
Truck_3,306.3759638049096,5,0,0.0,5.9877164200098605,15.598689641966303,0,0.0,2.6249999798125714,12.960278462253427,37.17168450404216
Truck_4,311.48928002505573,5,0,0.0,3.0820008507145076,17.148249137799212,0,0.0,3.4103900958277222,8.50708226540354,32.14772234974498
Truck_1,313.12973060220764,5,0,0.0,4.678845263810842,17.75659830288305,0,0.0,3.723738520929203,8.191998646974469,34.35118073459756
Truck_0,317.3742828260844,5,0,0.0,5.11671025116982,13.820483942923943,0,0.0,3.129869630749681,14.884775308209953,36.9518391330534
Truck_8,320.98411894567886,5,0,0.0,5.687500579715163,18.160707188079527,0,0.0,3.133355292065403,8.06997902728358,35.05154208714367
Truck_5,330.06100825528983,5,0,0.0,3.5629878628259917,15.182152654741571,0,0.0,1.5678421372345497,10.934568805131448,31.24755145993356
Truck_9,338.50665888093596,5,0,0.0,3.9528029928177375,11.484054870885586,0,0.0,2.9439805104590846,12.44144741293809,30.822285787100498
Truck_7,332.29025680926424,5,0,0.0,5.850211014279523,17.080285815972957,1,1.9280351313095139,2.7062361953468326,9.752804241682043,37.31757239859087
Truck_2,335.86174838220717,5,0,0.0,3.4626941206217907,15.016703552565957,0,2.5463511997034516,3.1908945072651704,9.96043894996484,34.17708233012121
Truck_6,333.41471159612274,5,0,0.0,4.340635373494422,16.164537834354462,0,0.0,3.2289039668546025,14.3151604653346,38.049237640038086
Truck_1,347.4809113368052,5,0,0.0,4.4756018436959835,11.769687925721144,0,0.0,3.6212225677073206,9.421592652097502,29.28810498922195
Truck_3,343.54764830895175,5,0,0.0,4.895719465188563,14.13482848672885,0,0.0,1.907844968699976,12.980561727567988,33.91895464818538
Truck_4,343.6370023748007,5,0,0.0,5.4539584328452975,18.83902813167157,0,0.0,3.1413910459686463,8.187434669465574,35.62181227995109
Truck_0,354.3261219591378,5,0,0.0,2.9189790840866863,12.456491644433868,0,0.0,1.859852724177756,9.174044531098218,26.40936798379653
Truck_8,356.03566103282253,5,0,0.0,6.122152068527043,12.246214620102137,0,0.0,3.4311162483656403,14.924993403618032,36.72447634061285
Truck_5,361.3085597152234,6,0,0.0,4.372992341741849,17.85357116136322,0,0.0,2.2300089695825136,11.291700521258974,35.74827299394656
Truck_7,369.6078292078551,6,0,0.0,5.87598230676582,10.834191608185563,0,0.0,2.1944153628250547,10.646281702713566,29.550870980490004
Truck_6,371.46394923616083,6,0,0.0,5.991169838461758,12.161480045215626,0,0.2881717535959183,1.9564956388366,9.059448938118123,29.456766214228026
Truck_9,369.32894466803646,6,0,0.0,5.862009338213056,12.02699265665666,0,0.0,2.686824210527959,14.736797467809708,35.31262367320738
Truck_2,370.0388307123284,6,0,0.0,6.000660980916564,13.525174841263663,0,0.0,2.54212539627963,14.352708833580664,36.42067005204052
Truck_1,376.76901632602716,6,0,0.0,5.542049061545072,10.132543353684468,0,0.0,3.656896798926425,11.452031061062598,30.783520275218564
Truck_3,377.4666029571371,6,0,0.0,4.744784807275494,19.566458032816513,0,0.0,1.8630826295548104,13.746868624846172,39.92119409449299
Truck_4,379.2588146547518,6,0,0.0,5.7987464546502,18.835152492996087,0,0.0,2.6059231226960264,13.861149865279344,41.10097193562166
Truck_0,380.73548994293435,6,0,0.0,6.156986664278122,18.828665538645282,0,0.0,3.3754379603277016,13.961566122144461,42.32265628539557
Truck_8,392.7601373734354,6,0,0.0,5.396683979296938,15.096991144032586,0,0.0,2.5982705022968275,9.941709152623389,33.03365477824974
Truck_9,404.64156834124384,6,0,0.0,5.031636092774306,12.064142949612688,0,0.0,1.4319120764881177,8.88581537206602,27.41350649094113
Truck_7,399.1587001883451,6,0,0.0,5.834471182325956,11.281618222566294,0,0.0,3.265391527258373,12.57404587081544,32.95552680296606
Truck_5,397.05683270916995,6,0,0.0,3.5326855785521616,16.090409537196138,0,0.0,3.541007158348009,14.546413618859333,37.71051589295564
Truck_6,400.92071545038885,6,0,0.0,4.144560729622981,13.934286683189214,0,0.5406182572946818,3.6419972760301107,14.842373389904424,37.10383633604141
Truck_2,406.4595007643689,6,0,0.0,5.0846931802011,13.025176991540832,0,0.0,1.8512092678992644,13.893631450975647,33.85471089061684
Truck_1,407.5525366012457,6,0,0.0,4.896695668663199,17.204105548994164,0,0.0,3.3318605212157877,10.983020033097148,36.4156817719703
Truck_4,420.35978659037346,7,0,0.0,4.3052967639419535,10.505965290686447,0,0.0,2.8555423281889603,10.311402767714696,27.978207150532057
Truck_3,417.3877970516301,6,0,0.0,5.023486846945161,14.79175940763946,0,0.0,3.331267898419412,11.969488120631183,35.11600227363522
Truck_0,423.0581462283299,7,0,0.0,5.9373087000390115,11.387851630581054,0,0.0,1.3831893440304839,12.915615075716119,31.623964750366667
Truck_8,425.7937921516851,7,0,0.0,5.727985396598399,15.136738126625119,0,0.0,3.386725468036559,8.450141390776537,32.70159038203661
Truck_7,432.11422699131117,7,0,0.0,5.9354163900703725,16.349600269105792,0,0.0,2.826059818294368,8.555191331590834,33.66626780906137
Truck_9,432.05507483218497,7,0,0.0,2.6420598978461953,14.492343021598742,0,0.0,3.641904888959118,13.61246106169233,34.388768870096385
Truck_6,438.02455178643027,7,0,0.0,5.963872307475526,12.756696345359956,0,0.0,2.003397166029856,9.735970831653276,30.459936650518614
Truck_1,443.968218373216,7,0,0.0,4.19328587919955,10.160966128519476,0,0.4260472243605591,2.0147727507763875,10.025902348959619,26.82097433181559
Truck_5,434.7673486021256,7,0,0.0,5.624382326662499,17.772456791460627,0,0.0,2.8997514240039663,11.268513687374082,37.56510422950117
Truck_4,448.3379937409055,7,0,0.0,4.933233321610487,12.860962446097119,0,0.0,1.357336797646667,13.38820474451137,32.53973730986564
Truck_2,440.31421165498574,7,0,0.0,5.952295295747831,19.36671723442413,0,0.0,1.7195423046620704,14.1955163809684,41.23407121580243
Truck_3,452.50379932526533,7,0,0.0,5.8339631894451145,11.600347068684414,0,0.0,3.7626134469513772,12.217814349246453,33.41473805432736
Truck_0,454.6821109786966,7,0,0.0,4.374922631089078,18.435162028989794,0,0.0,3.1047907849795138,8.090430122294833,34.00530556735322
Truck_8,458.49538253372174,7,0,0.0,5.897845087802523,11.892896674324732,0,0.0,3.533407960276577,13.13396077743289,34.45811049983672
Truck_1,470.7891927050316,7,0,0.0,2.2294677716908495,14.858316906066023,1,2.856643900359586,2.143328510780975,8.233009093294413,30.320766182191846
Truck_7,465.78049480037254,7,0,0.0,2.323498558226447,18.42502496409395,0,0.0,2.551835052156264,12.253056471974105,35.553415046450766
Truck_5,472.33245283162677,7,0,0.0,2.9361837456223725,12.181559350991222,0,0.0,3.283425354907706,10.847519377557774,29.248687829079074
Truck_9,466.44384370228136,7,0,0.0,4.373216613677869,16.651957756874936,0,1.611835302015038,3.3189218659811672,10.50101201535432,36.45694355390333
Truck_6,468.4844884369489,7,0,0.0,5.653521627439886,14.287323480945531,2,3.9744416954960684,1.8063157102431546,14.872225368314162,40.5938278824388
Truck_4,480.87773105077116,8,0,0.0,3.722300962981649,12.59181247814655,0,0.0,3.3422945291077326,10.229364588478177,29.88577255871411
Truck_2,481.54828287078817,8,0,0.0,4.937453938852286,11.732403859466558,0,0.0,1.686709813539892,12.683185615082948,31.039753226941684
Truck_0,488.6874165460498,8,0,0.0,3.775252347438368,10.094910364789996,0,0.0,3.557046932952801,11.896798052780468,29.324007697961633
Truck_3,485.9185373795927,8,0,0.0,5.0429162624516835,18.781260869172343,0,0.0,2.6753077866779904,12.329486993064052,38.82897191136607
Truck_8,492.95349303355846,8,0,0.0,5.076487765238596,13.364212062050626,0,0.0,2.1409715678966563,11.410055135158245,31.991726530344124
Truck_1,501.10995888722346,8,0,0.0,2.6782049821933924,16.943877211355016,0,0.0,3.6514865832798478,10.938750445445635,34.21231922227389
Truck_9,502.9007872561847,8,0,0.0,6.150522094026655,13.84576520231576,0,0.0,3.319841469520725,13.383165141224595,36.699293907087736
Truck_5,501.58114066070584,8,0,0.0,4.854152066728602,16.621465528141584,0,1.326769408475684,3.5445602990852194,12.194887665514443,38.54183496794553
Truck_0,518.0114242440114,8,0,0.0,3.42916559898606,11.02545903679163,0,0.0,1.5777140949813884,8.747460295607652,24.77979902636673
Truck_4,510.76350360948527,8,0,0.0,6.202961831943071,14.775744912101004,0,0.0,2.6696815974357833,8.539707267834387,32.188095609314246
Truck_6,509.0783163193877,8,0,0.0,5.11875997138975,11.028573783688557,1,2.702437888670943,3.795780056254557,11.99681232574494,34.64236402574875
Truck_7,501.3339098468233,8,0,0.0,5.634685718165088,18.208600238548456,0,1.039720218510979,3.1800530017258097,14.769469287146762,42.832528464097095
Truck_2,512.5880360977299,8,0,0.0,4.042998999672591,17.03713881477813,0,0.3755890625899383,3.5239528658552217,9.855104159647567,34.83478390254345
Truck_3,524.7475092909588,8,0,0.0,5.725797914946384,13.169394976661579,0,0.0,3.781858724449421,12.069757468007765,34.74680908406515
Truck_8,524.9452195639026,8,0,0.0,6.191706732134435,15.810702040292995,0,0.0,3.6036968864256096,12.317722789137974,37.92382844799101
Truck_9,539.6000811632724,8,0,0.0,4.271696484128711,10.682963458005815,0,0.0,1.8472215400465757,11.507154757030662,28.309036239211764
Truck_1,535.3222781094973,8,0,0.0,2.3705772474138485,17.696214556983364,0,0.0,3.5775596504151963,9.038155604381359,32.68250705919377
Truck_4,542.9515992187995,9,0,0.0,5.692430606728749,10.796053245649432,0,0.0,1.2501832245070545,9.958090016791402,27.696757093676638
Truck_7,544.1664383109204,9,0,1.6964195397738422,5.206842149540989,15.45380197064003,1,1.6479930175066784,3.3151245940778153,9.923159226206167,37.24334049774552
Truck_0,542.7912232703782,9,0,0.0,4.463915635657713,16.262872261777375,0,0.0,3.5261789386836426,14.996739435717132,39.24970627183586
Truck_6,543.7206803451364,9,0,0.1510973022647022,5.341916953776604,15.951950047976766,0,1.8785454573423976,3.521091337679991,12.24573220768616,39.09033330672662
Truck_5,540.1229756286514,9,0,0.0,5.739882222042866,18.62726893943932,0,0.0,3.6813681982483786,14.793114458832633,42.841633818563196
Truck_2,547.4228200002733,9,0,0.0,4.344408795061327,18.510183670644892,0,0.28786897819736623,3.663580399188504,12.340234529078316,39.146276372170405
Truck_3,559.4943183750239,9,0,0.0,5.027480597718636,10.75833320462084,0,0.0,1.8602416708589544,10.218180013022334,27.864235486220764
Truck_8,562.8690480118936,9,0,0.0,5.208496958842375,13.157201262614308,0,0.0,2.3616752215734778,9.583606375948193,30.310979818978353
Truck_4,570.6483563124762,9,0,0.0,4.715569957754838,11.070627335411928,0,0.0,3.7331725102097835,9.845063150356282,29.36443295373283
Truck_1,568.0047851686911,9,0,0.0,5.43178005390655,14.688318664401208,0,0.0,3.3907710934435045,14.718487810825081,38.229357622576345
Truck_9,567.9091174024842,9,0,0.0,5.821889546914349,16.665129665966788,0,0.0,3.5763958142531465,13.920620691208228,39.98403571834251
Truck_0,582.040929542214,9,0,0.0,3.1070541013658612,11.483155503242187,0,0.0,3.6370095081560976,9.570280349227005,27.79749946199115
Truck_5,582.9646094472146,9,0,0.0,5.135915486658064,11.735140967724647,0,0.0,2.410929194066398,10.211066293605086,29.493051942054194
Truck_7,581.4097788086659,9,0,0.0,3.082550556555134,18.482569267878034,0,0.0,2.1802409851134144,8.670086443550758,32.41544725309734
Truck_2,586.5690963724437,9,0,0.0,4.054759848397907,10.643666325532195,0,0.0,2.0239096914889387,13.926518047560194,30.648853912979234
Truck_3,587.3585538612447,9,0,0.0,5.751703207534206,17.792124772325792,0,0.0,3.7566692263868617,8.772767721656805,36.073264927903665
Truck_6,582.811013651863,9,0,0.0,5.4915387657207475,18.694254106594485,0,0.0,2.925620879194753,14.830973853627711,41.9423876051377
Truck_8,593.180027830872,9,0,0.0,6.190254588320613,16.091329098735173,0,0.0,3.6456386168316612,9.288924823274442,35.21614712716189
Truck_4,600.012789266209,10,0,0.0,3.4718686543163813,10.03902319663257,0,0.0,3.137359078505483,14.312589408898702,30.960840338353137
Truck_9,607.8931531208267,10,0,0.0,5.6231259033454535,10.365381973519675,0,0.0,1.859125471477796,9.861074651451759,27.708707999794683
Truck_5,612.4576613892688,10,0,0.0,4.615697713035502,11.035289142531042,0,1.3026036916999146,3.3253348393523083,10.024261661851256,30.303187048470022
Truck_0,609.8384290042052,10,0,0.0,5.632598295799994,11.74811181603468,0,0.0,2.1921128204953675,13.427942577454587,33.00076550978463
Truck_1,606.2341427912675,10,0,0.0,3.6461226713506676,17.606549652980448,0,0.0,2.475426336889882,12.979887289461544,36.70798595068254
Truck_7,613.8252260617633,10,0,0.0,4.519270233692737,18.42278064629113,0,0.0,2.7229764529446356,9.495299281595521,35.160326614524024
Truck_2,617.217950285423,10,0,0.0,3.240142245726247,14.910862665010654,0,0.0,1.8089053732809361,13.6769444787476,33.63685476276544
Truck_8,628.3961749580338,10,0,0.0,4.219962833831005,10.36219564261296,0,0.0,3.4481287082543304,11.459203455479837,29.489490640178133
Truck_3,623.4318187891483,10,0,0.0,4.355489456028408,17.46795926861421,0,0.0,3.8071002422494757,11.161338081544386,36.79188704843648
Truck_6,624.7534012570007,10,0,0.0,5.620856053672014,19.70780002256913,0,0.0,3.2547301109459568,9.767836987102328,38.35122317428943
Truck_4,630.9736296045621,10,0,0.0,5.209378624907572,11.559419150995268,0,0.0,3.2071453220030435,14.916957014661534,34.89290011256742
Truck_9,635.6018611206214,10,0,0.0,4.654584431485318,14.248779499784632,0,0.0,3.315152855645806,9.588924579865079,31.807441366780836
Truck_1,642.94212874195,10,0,0.0,3.5405416857656746,13.08912381749576,0,0.0,1.9056962194808875,12.075031046798358,30.61039276954068
Truck_0,642.8391945139898,10,0,0.0,4.84591819177399,13.552975244137428,0,0.0,2.205318953727783,11.453638971622695,32.057851361261896
Truck_5,642.7608484377388,10,0,0.0,3.8205241998482506,14.817726200801644,0,0.07839162630364171,2.213710253680574,14.831968499704772,35.76232078033888
Truck_7,648.9855526762873,10,0,0.0,5.086154528614429,17.09663569179702,0,0.0,2.691771486634707,8.622312849450964,33.49687455649712
Truck_2,650.8548050481884,10,0,0.0,5.293348165615043,12.718898690655806,0,0.0,3.5545432872532956,11.710318751543923,33.27710889506807
Truck_8,657.885665598212,10,0,0.0,4.251601979857014,16.438142293020746,0,0.0,3.7621611572267284,10.157714976713123,34.60962040681761
Truck_3,660.2237058375848,11,0,0.0,5.812584476915617,17.458741746161763,0,0.0,2.988870249444176,10.87812185512962,37.13831832765118
Truck_4,665.8665297171295,11,0,0.0,5.463536423373512,17.067808223705924,0,0.026263976679501866,2.490506536109592,9.645316684659633,34.69343184452816
Truck_9,667.4093024874022,11,0,0.0,4.3260217713637985,14.010985548524332,0,0.0,2.677828533598131,13.037854605387338,34.0526904588736
Truck_6,663.1046244312902,11,0,0.0,5.450126991468778,17.98260717594883,0,0.0,2.2148894834408566,12.953160382948568,38.60078403380703
Truck_0,674.8970458752517,11,0,0.0,5.990655313820071,15.580187186857074,0,0.0,2.169713075793652,11.269764745356383,35.01032032182718
Truck_1,673.5525215114907,11,0,0.0,5.906523935251016,19.769603725466595,0,0.0,3.1721397799508395,8.591011255451122,37.43927869611957
Truck_7,682.4824272327844,11,0,0.0,4.9240965970604975,13.537013272002127,0,1.4572518503121046,1.5711361056568194,8.815148785959082,30.30464661099063
Truck_2,684.1319139432564,11,0,0.0,4.314260790985486,14.166192067426891,0,0.008986522382997464,3.573571875792368,8.292212489795702,30.355223746383444
Truck_5,678.5231692180777,11,0,0.0,3.9666807136949274,16.30875421415635,0,0.0,3.8227491781228764,14.740754991662016,38.83893909763617
Truck_2,0.0,0,0,0.0,4.55993201824208,14.587275089527704,0,0.0,2.035843397851256,9.331691872142784,30.514742377763824
Truck_1,0.0,0,0,0.0,3.458549265855444,19.218685180220795,1,1.5124485848852274,1.3940936826040833,9.371392016091793,34.955168729657345
Truck_0,0.0,0,0,0.0,5.357766823492028,16.55059617321801,0,1.0476787727165977,3.7710210881442556,8.28300693240572,35.01006978997661
Truck_3,0.0,0,0,0.0,6.049778334435452,14.757119195634743,0,0.3761529755508448,3.0066325253404287,12.923033463171066,37.112716494132535
Truck_4,0.0,0,0,3.458549265855444,3.9443577368740774,12.315876011484352,0,0.0,3.237258755212764,14.799681406834711,37.75572317626135
Truck_6,0.0,0,2,5.357766823492028,3.4403342156098162,15.437518596990035,1,2.491443221479013,3.512927397680066,9.01610085568413,39.25609111093509
Truck_8,0.0,0,4,7.402907002729521,5.704797820755711,12.875715688350017,1,1.9291988949168477,3.293364889093496,8.799443120650086,40.00542741649568
Truck_9,0.0,0,5,8.798101039101844,3.297889494321428,11.595763709666805,1,1.8920224704754744,2.3288426931865445,13.850293378414339,41.762912785166435
Truck_5,0.0,0,1,4.55993201824208,4.449310420946915,17.50995038682882,2,3.7207974292331443,3.609662637530917,9.881734515413598,43.731387408195474
Truck_7,0.0,0,3,6.049778334435452,4.023586841173461,19.25888422686365,1,1.8737348933730296,3.5642932388669486,14.585245736335622,49.35552327104816
Truck_1,34.955168729657345,0,0,0.0,4.103229246091161,11.22875013643634,0,0.0,1.4212709153328262,14.77809048299195,31.531340780852275
Truck_2,30.514742377763824,0,0,0.0,5.112614469595208,14.287539840015398,0,0.0,3.571652144760492,13.72837486417081,36.70018131854191
Truck_4,37.75572317626135,0,0,0.0,5.952323613052037,11.398830420926153,0,0.0,1.292255760524398,12.167252966957584,30.810662761460172
Truck_8,40.00542741649568,0,0,0.6962564100092479,3.2795225599628495,10.448906567984587,0,0.0,2.7431269950742134,14.823091920799342,31.99090445383024
Truck_3,37.112716494132535,0,0,0.0,6.08036584623644,19.978548768457323,0,0.0,2.365579392552185,8.01393390825423,36.43842791550018
Truck_0,35.01006978997661,0,0,0.0,5.691614036528314,17.74942806606898,0,0.0,2.853793475194159,12.669227888883434,38.96406346667489
Truck_5,43.731387408195474,0,0,0.0,3.049138177504311,11.804310850452687,0,0.0,3.7900202343423928,11.61038692201501,30.2538561843144
Truck_6,39.25609111093509,0,0,0.0,6.050940744327512,18.32194482071312,0,0.0,3.770493370899402,12.788951440352534,40.93233037629257
Truck_9,41.762912785166435,0,0,1.4301695552025393,2.8195426173487803,19.058186308529365,0,0.4663992351313624,2.9335093269887125,14.108408171958189,40.81621521515895
Truck_7,49.35552327104816,0,0,0.0,3.5394505148872284,14.396839392442601,0,0.10765686849713063,3.5583014892290947,14.81330817377679,36.415556438832844
Truck_2,67.21492369630573,1,0,0.0,5.176794803093969,11.483836282694327,0,0.0,3.057546624391321,8.194377259774626,27.912554969954243
Truck_4,68.56638593772152,1,0,0.0,4.575751795167719,13.155652088651209,0,0.0,1.676476806509612,11.131904921825765,30.539785612154304
Truck_8,71.99633187032592,1,0,0.0,5.459404117390477,11.743833091513721,0,0.9746188874484005,2.7715983777925857,8.131850042625203,29.081304516770388
Truck_1,66.48650951050962,1,0,0.0,5.5257002750761615,14.710411242810409,0,0.21048037808915865,3.2410865601931675,11.385338860692315,35.07301731686121
Truck_0,73.9741332566515,1,0,0.0,5.025517089963046,10.01721723962308,0,0.0,3.0419424945666407,10.231164239850187,28.315841064002953
Truck_3,73.55114440963271,1,0,0.0,3.6375313848181605,13.620858328044832,1,2.136252221975397,1.3988139600683667,13.211354234320424,34.00481012922718
Truck_5,73.98524359250987,1,0,0.0,5.92592739255106,10.171246767708553,1,1.9763923280347768,2.239105466516392,14.664336888353745,34.977008843164526
Truck_6,80.18842148722766,1,0,0.0,5.423702967553822,12.297130630137275,0,0.0,3.027394262706082,13.32432261102231,34.07255047141949
Truck_9,82.57912800032538,1,0,0.0,5.2283919155352265,14.110453002020066,0,0.0,2.6934561697972583,12.982909838538532,35.01521092589108
Truck_7,85.77107970988101,1,0,0.0,4.053256701237075,13.40795978981265,0,0.0,3.560125280234857,11.56235748171008,32.58369925299466
Truck_2,95.12747866625998,1,0,0.0,5.02920919199272,14.61154876463192,0,0.0,2.668474325698682,13.299713880190993,35.608946162514314
Truck_1,101.55952682737083,1,0,0.0,4.373496933135016,11.862770276081008,0,0.0,3.7276093431361517,11.696618164614065,31.66049471696624
Truck_0,102.28997432065445,1,0,0.0,6.01711112652599,10.320661373729237,0,0.0,3.3047187548751253,11.996575431469338,31.63906668659969
Truck_4,99.10617154987582,1,0,0.0,5.8813444409800155,19.41669849359259,0,0.0,3.0805568947938013,10.168196593053466,38.546796422419874
Truck_8,101.0776363870963,1,0,0.0,4.028939809263079,14.032464216484698,0,2.384362966878925,3.7959304581591624,14.886087559415103,39.12778501020097
Truck_3,107.5559545388599,1,0,0.0,4.265297636450782,16.3863529079144,0,0.0,3.152478128487388,10.811701721178167,34.61583039403074
Truck_5,108.9622524356744,1,0,0.0,5.145706937957144,16.96661988027195,0,0.2855039578089702,3.650108175986702,10.146162455347763,36.19410140737253
Truck_6,114.26097195864715,1,0,0.0,4.391676303570534,11.494842738561815,0,0.0,3.745531225786692,11.419773116112111,31.051823384031152
Truck_7,118.35477896287567,1,0,0.0,5.4321245864210965,10.026913307889913,0,0.07920536937950828,2.3072727925504353,9.79486488300222,27.640380939243173
Truck_9,117.59433892621647,1,0,0.0,4.145438384528873,17.582074964028905,0,0.0,3.289327110503166,10.950804478985958,35.9676449380469
Truck_1,133.22002154433707,2,0,0.0,3.792156664841002,13.266374635018764,0,0.0,3.7504922535293588,9.429914848791697,30.23893840218082
Truck_4,137.6529679722957,2,0,0.0,3.5650607588247,11.270654840689872,0,0.0,3.403767401099742,10.915392243248334,29.154875243862648
Truck_2,130.7364248287743,2,0,0.0,4.911164131199939,19.181182998066646,0,1.0636790148691375,3.3371525312396386,10.5380414222617,39.03122009763706
Truck_3,142.17178493289063,2,0,0.0,3.6854973082078857,10.506893658795207,0,1.192753255903824,2.6398770941420366,11.459044822007627,29.48406613905658
Truck_8,140.20542139729727,2,0,0.0,2.7382209165910183,11.049012703339656,0,0.036390080498250654,3.5278840580713506,14.932535108776221,32.2840428672765
Truck_6,145.3127953426783,2,0,0.0,3.8070993805102376,10.648974874970492,0,0.4279366517805556,2.254580879735556,10.405237276180571,27.543829063177412
Truck_0,133.92904100725414,2,0,0.0,5.527413874973149,18.921209062010092,0,0.8519395599122674,3.4341832623696007,14.95157874486057,43.68632450412568
Truck_5,145.15635384304693,2,0,0.0,4.557362596858553,10.8237170762078,0,1.9139536135618584,2.2249886687804974,14.991868689522164,34.51189064493087
Truck_7,145.99515990211884,2,0,0.0,5.439969698928508,17.554290843366687,0,0.0,3.4582155028247996,8.26477699530625,34.71725304042624
Truck_9,153.56198386426337,2,0,0.0,4.41737544300392,12.316785212185664,0,0.0,3.0294828201689654,8.381436293684771,28.14507976904332
Truck_2,169.76764492641135,2,0,0.0,5.809424897144993,12.695697169357317,0,2.1399256668834425,2.517977895431187,9.914882478210899,33.07790810702784
Truck_1,163.4589599465179,2,0,0.0,4.7836245938807735,18.36363352406144,0,0.0,3.8064745953369936,12.586325273869164,39.54005798714837
Truck_4,166.80784321615835,2,0,0.0,5.742955271495816,15.50395499698027,0,0.0,2.3837311177644835,14.344379937076951,37.97502132331752
Truck_3,171.6558510719472,2,0,0.0,3.5988112277659923,14.670071019097918,2,2.132226830749687,3.191074985790067,9.576711229157553,33.16889529256122
Truck_8,172.48946426457377,2,0,0.0,4.626931273871463,11.388539072761574,1,1.933549991192109,1.6184755471618928,14.295284809638702,33.86278069462574
Truck_0,177.61536551137982,2,0,0.0,4.309182434092492,17.301355385625584,0,0.0,2.682084977200361,9.086793509680945,33.37941630659938
Truck_7,180.7124129425451,3,0,0.0,3.7615323054421594,17.29227117078929,0,0.1417718895217206,2.1457844712352596,9.29389240843139,32.63525224541982
Truck_6,172.8566244058557,2,0,0.0,5.373042827900548,18.936127266904663,0,0.0,3.483727716860045,13.782660346564171,41.57555815822943
Truck_5,179.6682444879778,2,0,0.0,6.129351370293762,19.806792475460213,0,0.0,2.9184412210389894,8.140801573118978,36.99538663991194
Truck_9,181.7070636333067,3,0,0.0,2.067972994689569,15.63788330316342,0,1.2366022863612898,3.763432647969637,14.925104343173388,37.6309955753573
Truck_1,202.99901793366627,3,0,0.0,5.802597517171392,11.303731218338811,0,0.0,2.763804759870709,11.215072510526824,31.085206005907736
Truck_2,202.8455530334392,3,0,0.0,4.770306982925916,16.573610741767425,0,0.0,3.2331406472519006,9.017567195138781,33.59462556708402
Truck_4,204.78286453947587,3,0,0.0,5.842179699552474,16.14125622148339,0,0.6563109448727005,3.595721198726096,8.043614458064553,34.27908252269921
Truck_3,204.82474636450843,3,0,0.0,5.443139330145556,14.724623334434824,0,0.0,3.329611663723739,12.235001327842554,35.73237565614667
Truck_8,206.3522449591995,3,0,1.2636150571655946,6.0470346203705105,16.20101002323858,0,0.0,3.652043769764333,13.296187891367339,40.45989136190636
Truck_6,214.43218256408514,3,0,0.0,4.088834061857256,15.72866478493907,0,0.0,3.373566247141781,9.47312257837197,32.66418767231008
Truck_7,213.3476651879649,3,0,0.0,5.867428429856716,15.60736767580866,0,1.0404059617910377,1.9563599940015024,9.537975536408965,34.00953759786688
Truck_9,219.338059208664,3,0,0.0,4.548910562166071,10.366148487195119,0,0.0,1.6097489973961387,14.13249098750228,30.65729903425961
Truck_0,210.9947818179792,3,0,0.0,6.089556722991574,19.37717023804953,0,1.1617388790029395,3.713057045819056,11.15464289236661,41.49616577822971
Truck_5,216.66363112788974,3,0,0.0,6.155134840049044,19.410751145038375,0,0.0,2.195520777885065,13.56455945616429,41.325966219136774
Truck_1,234.084223939574,3,0,0.0,5.11903255368091,11.405382666829524,0,0.0,3.4471818742657376,12.178715668457983,32.150312763234155
Truck_2,236.4401786005232,3,0,0.0,5.594334627949593,11.819849173892607,0,0.0,3.8052105920272936,11.549076149635198,32.76847054350469
Truck_4,239.06194706217508,3,0,0.0,5.091714368098366,13.333541049100546,0,0.0,3.5025226607923514,10.387250499092545,32.31502857708381
Truck_3,240.5571220206551,4,0,0.0,3.85731368498935,18.853068194882155,0,0.0,3.6379117231342093,13.910752891039976,40.25904649404569
Truck_8,246.81213632110587,4,0,0.0,5.484631104416422,12.774923911114428,0,0.0,2.507240681623216,13.64666710539666,34.413462802550725
Truck_6,247.09637023639522,4,0,0.0,4.9480598853303945,15.592305165480695,0,0.0,1.3400364693843585,13.098552787787128,34.978954307982576
Truck_7,247.3572027858318,4,0,0.0,3.58661810642829,17.579371338209853,0,0.0,3.550691477917212,11.096329185952584,35.81301010850794
Truck_9,249.9953582429236,4,0,0.0,2.955026366827127,19.116742616848995,0,0.0,2.281203495642501,9.801083004392524,34.15405548371115
Truck_0,252.4909475962089,4,0,0.0,3.2620829487681533,17.600538448625315,0,0.0,2.6257186304359834,11.777821035975137,35.26616106380459
Truck_5,257.9895973470265,4,0,0.0,5.797906290691401,10.199676772696876,0,0.36115031182742996,2.561996262796015,13.687830263878823,32.608559901890544
Truck_2,269.2086491440279,4,0,0.0,3.942066252095003,15.551516230374716,0,0.0,3.5460111874614313,10.719096318530092,33.75868998846124
Truck_4,271.3769756392589,4,0,0.0,5.720299953862877,12.741301736143328,0,2.400391183459533,2.2092467553217716,9.421105901417206,32.492345530204716
Truck_1,266.23453670280816,4,0,0.0,4.0258884944170745,19.014835264363683,0,0.0,2.9637080511357112,14.100475328290088,40.104907138206556
Truck_6,282.0753245443778,4,0,0.0,4.048191244195436,11.205138893487117,0,0.0,2.835285166480446,9.755835587165166,27.844450891328165
Truck_3,280.8161685147008,4,0,0.0,5.890490631269643,18.55362908448012,0,0.0,2.192600555980846,8.604986962935754,35.241707234666364
Truck_8,281.2255991236566,4,0,0.0,4.238944688671154,15.068108614891173,0,0.0,2.7940346137650636,12.926438933912095,35.027526851239486
Truck_7,283.1702128943397,4,0,0.0,2.869242333823763,18.622557462597342,0,0.0,2.6783976359020585,10.500255392809663,34.67045282513283
Truck_5,290.59815724891706,4,0,0.0,5.469522161174325,12.842317966229757,0,0.0,3.8229432900494658,12.831662912385752,34.9664463298393
Truck_9,284.14941372663475,4,0,1.3151300856929993,5.763896542897612,18.007222294507358,0,0.0,3.463016748900145,13.32256749950227,41.871833171500384
Truck_0,287.7571086600135,4,0,0.0,5.158521404571218,16.516242800885493,0,3.266806533162651,2.5688180983211737,11.210418527717422,38.72080736465796
Truck_1,306.3394438410147,5,0,0.0,3.4905052372671435,11.585427223400814,0,0.0,2.0253331003239055,8.832015133870868,25.93328069486273
Truck_2,302.96733913248914,5,0,0.0,5.792873646445514,11.19226720864259,0,0.0,2.1526213200718303,11.453657480950312,30.591419656110247
Truck_4,303.8693211694636,5,0,0.0,4.601962712358784,14.206358188507352,0,0.0,2.3821013412754155,12.830555053677244,34.020977295818795
Truck_6,309.91977543570596,5,0,0.0,5.406356620169163,14.115001387044117,0,0.0,1.335537488578609,8.10582547679445,28.96272097258634
Truck_3,316.05787574936716,5,0,0.0,3.6770694728935496,10.661526777700317,0,0.0,2.2873648882243742,13.833613745054265,30.459574883872506
Truck_7,317.84066571947255,5,0,0.0,6.074903033065539,17.543838104014412,0,0.0,3.252624937889891,11.53256840658554,38.40393448155538
Truck_9,326.02124689813513,5,0,0.0,5.926658824595279,12.98317515859003,0,0.0,2.015149301181907,9.44477825526269,30.369761539629906
Truck_8,316.2531259748961,5,0,0.0,4.696452715357964,18.133566170448773,0,0.0,3.699171337557516,14.05409146611612,40.58328168948037
Truck_5,325.56460357875636,5,0,0.0,5.2792762964113535,11.156128080391909,0,0.782308242700708,3.343248029843153,11.989902390730833,32.55086304007796
Truck_0,326.47791602467146,5,0,0.0,6.101541253093956,14.263302018155514,0,0.0,3.3152250397257035,10.552514796174876,34.23258310715005
Truck_1,332.27272453587744,5,0,0.0,4.737105925563981,11.833814409506488,0,0.0,3.578006449321663,9.683232686270117,29.832159470662248
Truck_4,337.8902984652824,5,0,0.0,5.410301579460338,11.977942302157828,0,0.0,2.5444140961373023,9.93413444653794,29.866792424293408
Truck_2,333.5587587885994,5,0,0.0,5.395160123220819,13.43171188066259,0,0.0,3.5102217555323136,14.747055954366772,37.084149713782494
Truck_6,338.8824964082923,5,0,0.0,5.149960123113544,17.186819469314287,0,0.0,1.6244714872779014,10.499954812870499,34.46120589257623
Truck_3,346.51745063323966,5,0,0.0,5.85425734734946,13.426076050387167,0,0.0,3.7443745552646988,10.86065931150398,33.885367264505305
Truck_8,356.83640766437645,5,0,0.0,2.2595443236634196,11.776589810636665,0,0.0,2.0112331335033105,10.234294638865322,26.281661906668717
Truck_7,356.24460020102794,5,0,0.0,5.792761593532703,15.589196409907117,0,2.0601163443716928,2.102006042645428,9.352034384365709,34.89611477482265
Truck_9,356.39100843776504,5,0,0.0,6.062299296279264,14.648011244123836,0,0.0,2.585355570671311,13.073208928653798,36.36887503972821
Truck_0,360.7104991318215,6,0,0.0,5.852345138397652,10.930879057258608,0,0.0,3.6690322123637316,12.879272340942407,33.3315287489624
Truck_5,358.1154666188343,5,0,0.0,6.1502246450521625,16.57063764419223,0,0.32642663176278575,2.517944038293763,11.179607005037042,36.744839964337984
Truck_4,367.7570908895758,6,0,0.0,6.004203160310169,14.16201579441929,0,0.0,3.4366524092177997,8.93302951704112,32.53590088098838
Truck_1,362.1048840065397,6,0,0.0,4.364805351727057,19.5714021753883,0,0.0,2.8152964354792402,12.34018399200204,39.09168795459664
Truck_2,370.6429085023819,6,0,0.0,4.076377505819153,16.318019276448638,0,0.0,2.0819293401721666,11.28580738995413,33.76213351239409
Truck_6,373.34370230086853,6,0,0.0,6.138138751570125,16.91962043262572,0,0.0,2.7953311503670193,9.655778845812677,35.50886918037554
Truck_3,380.40281789774497,6,0,0.0,4.653079717939875,14.211877306048564,0,0.0,2.759907600899453,8.603823448841922,30.228688073729813
Truck_8,383.11806957104517,6,0,0.0,5.99621315005345,11.101689566778532,0,0.0,1.8768668713670422,8.84069790001837,27.815467488217394
Truck_7,391.1407149758506,6,0,0.0,2.8287980311176852,13.619699530206276,0,0.0,1.6286467818671326,14.539748778772378,32.61689312196347
Truck_9,392.75988347749325,6,0,0.0,3.8362573722998263,10.842918615661745,0,0.0,3.0757642659227145,13.808700605908086,31.563640859792372
Truck_5,394.8603065831723,6,0,0.0,6.135517044182166,14.259002022307527,0,0.0,3.6569192463804825,10.314533088565156,34.36597140143533
Truck_0,394.0420278807839,6,0,0.0,4.960344128276745,15.42058140735918,0,0.0,2.7545488752843994,14.481266853260593,37.61674126418092
Truck_1,401.1965719611363,6,0,0.0,4.417370283681976,13.990805423613097,0,0.0,3.1487879047202796,11.281706149786828,32.83866976180218
Truck_2,404.405042014776,6,0,0.0,5.704568979258738,10.898136839962433,0,1.7457877391545367,3.477058311006374,8.553347346650355,30.378899216032437
Truck_4,400.2929917705642,6,0,0.0,2.795798158430159,17.688627519025147,0,0.0,2.372437826750968,12.730463049812386,35.58732655401866
Truck_3,410.6315059714748,6,0,0.0,4.367995828452706,10.679080643937084,0,0.0,3.295567096597381,8.386024574998544,26.728668143985715
Truck_6,408.85257148124407,6,0,0.0,5.072857004424861,19.67618720050649,0,0.0,2.99010902912903,11.688542374956398,39.42769560901678
Truck_8,410.93353705926256,6,0,0.0,3.6427025730616833,18.10638264288923,0,0.0,3.274089122972441,13.651306602931754,38.67448094185511
Truck_9,424.3235243372856,7,0,0.0,4.585728396458762,18.127755447275945,0,0.0,1.4972249135846027,9.374063399287365,33.584772156606675
Truck_7,423.75760809781406,7,0,0.0,6.21603984189386,14.19312052754708,0,0.0,3.8174525136495276,11.79810933850598,36.02472222159645
Truck_1,434.0352417229385,7,0,0.0,4.288951585046846,10.530496271350046,0,0.0,1.9523674897935166,11.171928907355948,27.943744253546356
Truck_5,429.22627798460763,7,0,0.0,5.058873014799985,18.945786117773707,0,0.0,3.500190529977317,10.522864960555353,38.02771462310636
Truck_0,431.6587691449648,7,0,0.0,5.873389958146163,16.171305535573538,0,0.0,2.8567739810002877,12.183460990078402,37.08493046479839
Truck_2,434.7839412308084,7,0,0.0,4.410826892202294,15.625241867639318,0,1.7402286290347888,3.2600690962894987,10.927289644745883,35.96365612991178
Truck_3,437.3601741154605,7,0,0.17198498765048953,4.04828870837656,15.757653872644028,0,0.0,2.7571856873909724,12.106114396837597,34.84122765289965
Truck_4,435.88031832458284,7,0,0.0,4.9131871971422925,18.61914473785214,0,0.40765745639703255,3.5848629257438347,14.377706063542348,41.90255838067765
Truck_6,448.28026709026085,7,0,0.0,5.8699251283021,12.901903748291772,0,0.0,3.3235837034152382,9.352548137143458,31.44796071715257
Truck_7,459.7823303194105,7,0,0.0,3.9289175894563755,11.106319890252735,0,0.0,2.4057569460168793,8.761136853429093,26.202131279155083
Truck_8,449.60801800111767,7,0,0.0,4.696604003048549,17.004735325653428,0,0.0,3.103904139800818,12.484237180925504,37.2894806494283
Truck_9,457.9082964938923,7,0,0.0,5.211419673123089,13.461554728545877,0,0.0,2.9782683379525565,10.575948603306244,32.22719134292777
Truck_1,461.97898597648486,7,0,0.0,4.3091844948393145,16.496375273155877,0,0.0,3.4758038838830316,11.498999558174376,35.7803632100526
Truck_0,468.7436996097632,7,0,0.0,3.5972544456075752,13.094929209019767,0,0.0,1.7648870341577094,12.272502346131489,30.72957303491654
Truck_5,467.253992607714,7,0,0.0,6.110480285707126,17.51147877624237,0,0.0,2.906151376614389,8.7938479956062,35.321958434170085
Truck_2,470.7475973607202,7,0,0.0,3.9199715829403203,19.098036544110812,0,0.0,3.512096029043505,8.955257761467237,35.485361917561875
Truck_4,477.7828767052605,7,0,0.0,5.813359594711926,10.950163129452221,0,0.0,2.7501391551465986,11.32218609743137,30.835847976742116
Truck_3,472.20140176836014,7,0,0.0,5.980896733916666,18.122179147405575,0,0.9732238671324467,2.1322163786418287,14.675850106540736,41.88436623363725
Truck_6,479.7282278074134,7,0,0.0,4.84848895310455,19.1357327625754,0,0.0,2.715975474985214,14.660834803268529,41.36103199393369
Truck_7,485.9844615985656,8,0,0.0,6.17864374407975,12.244195772744831,0,0.0,3.6180414720008116,13.7869543974669,35.82783538629229
Truck_9,490.13548783682006,8,0,0.0,4.172895717439758,14.698965391136255,0,0.0,2.125020208503713,11.636827625099784,32.63370894217951
Truck_8,486.89749865054597,8,0,0.0,4.743177018401582,17.113309108751764,0,0.0,2.0888474418838996,12.025384754406105,35.97071832344335
Truck_1,497.75934918653746,8,0,0.0,5.0332085294630815,14.874850746441837,0,0.0,3.219322757700411,13.268538268306429,36.39592030191176
Truck_2,506.23295927828207,8,0,0.0,4.237917019627844,16.291809382185704,1,0.9098288586046692,2.154303216587323,8.275458879779194,31.869317356784734
Truck_4,508.6187246820026,8,0,0.0,4.86774513261696,10.922095120484983,0,2.4329090466810612,3.399680763658921,10.038501505232034,31.66093156867396
Truck_5,502.5759510418841,8,0,0.0,5.4228216677885825,15.886511165397167,0,0.0,2.9561901067157805,14.838362172108873,39.1038851120104
Truck_0,499.47327264467975,8,0,0.0,6.124119262561692,18.556096003576386,0,0.0,3.519026627882454,14.362692525792,42.56193441981253
Truck_3,514.0857680019974,8,0,0.0,3.897044430162282,14.173750485749565,0,0.0,2.6144626011684977,10.29070765842323,30.975965175503575
Truck_7,521.8122969848579,8,0,0.0,3.192266609580315,11.034641033722892,0,0.0,3.085215915401591,10.61059988485772,27.922723443562518
Truck_8,522.8682169739893,8,0,0.0,4.922995232637163,14.794692357818917,0,0.0,2.3313990540387977,9.071137405083277,31.120224049578155
Truck_9,522.7691967789996,8,0,0.0,3.8657232333863476,17.07895173623126,0,0.0,3.1212229991982667,13.160839070746306,37.22673703956218
Truck_6,521.0892598013471,8,0,0.0,4.9124526448467805,19.10047734238526,0,0.0,3.505543983256416,12.116766756397396,39.635240726885854
Truck_1,534.1552694884492,8,0,0.0,4.868941315953748,16.22263414396059,0,0.0,3.186726000292424,11.750187147453744,36.028488607660506
Truck_5,541.6798361538945,9,0,0.0,2.4391901591461647,15.107962125847394,0,0.0,1.907762453194664,9.771337168869536,29.226251907057758
Truck_2,538.1022766350668,8,0,0.0,6.099778544295759,16.70046587242973,0,0.23222984029041527,1.7212886673780758,11.98591023759775,36.73967316199173
Truck_4,540.2796562506766,9,0,0.0,5.441790219869517,12.34613761953517,0,0.0,3.3470272638666074,13.757610446537797,34.89256554980909
Truck_0,542.0352070644923,9,0,0.0,3.867445771472376,16.532861195586747,0,0.0,2.975113357203213,10.313333520548895,33.68875384481123
Truck_3,545.061733177501,9,0,0.0,4.535445910733756,14.603638240475675,0,0.0,3.695478559954722,10.733661647017584,33.56822435818174
Truck_7,549.7350204284204,9,0,0.0,5.2259473980650455,16.011209390831027,0,0.0,1.301217003110196,11.0779946029337,33.61636839493997
Truck_8,553.9884410235675,9,0,0.0,5.257544349166437,10.180738828884614,0,0.0,2.7168346563440764,12.44488513402348,30.600002968418607
Truck_6,560.724500528233,9,0,0.0,5.671965506860829,13.318829503826578,0,0.0,3.489682296345336,13.417243755994832,35.897721063027575
Truck_9,559.9959338185618,9,0,0.0,2.949913630425158,19.066387891628096,0,0.0,1.7417793222356295,13.694862603542447,37.45294344783133
Truck_5,570.9060880609522,9,0,0.0,4.426492875264898,14.515404350421818,0,0.0,2.986522375292793,10.874659198881886,32.803078799861396
Truck_0,575.7239609093035,9,0,0.0,2.808508799932156,15.051124742182424,0,0.0,2.980632396820397,10.152811884140078,30.993077823075055
Truck_1,570.1837580961097,9,0,0.0,6.077916744216623,18.3767477304076,0,0.0,2.4777042748999065,11.16034574601747,38.0927144955416
Truck_2,574.8419497970585,9,0,0.0,3.455113868344256,18.921878477163432,0,0.0,1.8924368769100965,10.972507325126799,35.24193654754458
Truck_4,575.1722218004857,9,0,0.0,3.5590016196413217,16.707232359934892,0,1.1257710681766184,3.18293597986451,11.097098641669845,35.67203966928719
Truck_7,583.3513888233604,9,0,0.0,5.632260395049116,10.574312196853839,0,0.0,3.413337874050967,9.160303431016246,28.780213896970167
Truck_3,578.6299575356827,9,0,0.0,3.599410022038569,18.363130296855957,0,0.0,3.627168206267129,11.055427805739782,36.64513633090144
Truck_8,584.5884439919861,9,0,0.0,4.235423191663017,14.767468684116693,0,0.0,3.608323493445937,14.707426560862245,37.31864193008789
Truck_6,596.6222215912605,9,0,0.0,5.039255701467027,12.01189981865673,0,0.0,1.7374543322376894,10.92084812329233,29.709457975653777
Truck_9,597.4488772663931,9,0,0.0,5.319062119581872,19.633856764007078,0,0.0,2.780615861034562,11.640877086035175,39.37441183065869
Truck_0,606.7170387323786,10,0,0.0,6.0605156382778205,12.501338632538591,0,0.0,3.2892560852222914,12.15810326187409,34.00921361791279
Truck_2,610.0838863446031,10,0,0.0,3.6759728120545105,13.38956355140624,0,0.0,3.5856229832193094,11.308769059594624,31.959928406274685
Truck_3,615.2750938665841,10,0,0.0,4.203265665634831,11.692427539452751,1,3.150577430424505,2.6426263349229657,8.11024001700116,29.799136987436214
Truck_4,610.8442614697728,10,0,0.0,4.163364561536014,14.775141522428157,1,2.4840539714954275,3.6912867040504125,9.194317784962323,34.30816454447233
Truck_7,612.1316027203305,10,0,0.6459516503258556,3.7047066553075183,10.862749155146275,0,1.2231389073070886,3.6986724368151727,13.950720154713963,34.08593895961587
Truck_5,603.7091668608136,10,0,0.0,4.731904944485109,19.620339754242536,1,2.673634131741892,3.5863188108130544,14.635095727977045,45.24729336925964
Truck_1,608.2764725916513,10,0,0.0,4.557614637886672,19.76020298596484,1,3.363818013780019,3.047582310886014,11.275795770877039,42.00501371939458
Truck_8,621.907085922074,10,0,0.0,5.117191594046631,11.798277524821629,0,0.0,3.4234618431304398,14.808749116710828,35.14768007870953
Truck_6,626.3316795669143,10,0,0.0,5.4352956056840185,11.36446949136814,0,0.0,3.4395198122842885,14.77331236617215,35.0125972755086
Truck_0,640.7262523502914,10,0,0.0,4.059813750913463,14.319254542397857,0,0.0,3.808332328579354,8.120579712660401,30.307980334551075
Truck_3,645.0742308540204,10,0,0.0,4.519458321673824,11.85297313320666,0,0.0,2.162303593700244,9.146605424925724,27.681340473506452
Truck_7,646.2175416799464,10,0,0.0,3.780447079908072,14.159308955055053,0,2.0797956874622514,1.9379043797536042,8.62919448344735,30.58665058562633
Truck_5,648.9564602300733,10,0,0.0,3.0062616218501717,12.019213292314362,0,0.0,2.2551582581339744,10.919524378560482,28.20015755085899
Truck_2,642.0438147508778,10,0,0.0,3.605261772939457,18.651036303620685,1,2.202809646177684,3.4608041887253194,9.440680540591416,37.36059245205456
Truck_4,645.1524260142452,10,0,0.0,5.8127186599210745,14.911541091156778,2,2.298312016802356,2.9202826840805756,8.651750748654877,34.59460520061566
Truck_9,636.8232890970518,10,0,0.0,5.847487173053537,19.084731398853478,0,1.1581453032232503,3.5892695014335914,13.785984821574402,43.46561819813826
Truck_1,650.2814863110459,10,0,0.0,5.709932888534013,19.27351936900766,0,0.0,1.3090051828011156,13.481258562236235,39.77371600257902
Truck_6,661.3442768424229,11,0,0.0,5.819303880669054,12.463029637813293,0,0.0,2.6787069399252914,11.721710434799775,32.68275089320741
Truck_8,657.0547660007835,10,0,0.0,3.528239999343441,19.447078160019373,0,0.0,3.2520139861931057,12.527221942916754,38.75455408847267
Truck_3,672.7555713275268,11,0,0.0,5.712398328165818,12.971881034946591,0,0.0,3.4052188704055197,10.042310449493243,32.13180868301117
Truck_0,671.0342326848424,11,0,0.0,5.73344649513183,12.48590853950418,0,0.0,3.4754408520655033,13.269827916525287,34.9646238032268
Truck_5,677.1566177809323,11,0,0.0,4.623806806213111,12.230049739410788,0,0.0,3.7584918988632126,12.150474463781507,32.76282290826862
Truck_7,676.8041922655727,11,0,0.0,3.6315952517799133,17.495645963831066,0,0.0,3.1007017051459798,10.532709062881395,34.760651983638354
Truck_4,679.7470312148608,11,0,0.0,5.485645275897355,11.632899163518005,0,0.0,2.938074552268745,12.693365521798682,32.74998451348279
Truck_2,679.4044072029324,11,0,0.0,5.723638809466706,16.330887933888675,0,0.0,3.6173529423334685,9.325521896760506,34.997401582449356
Truck_9,680.28890729519,11,0,0.14688022216262198,4.216351537493324,17.981600035833367,0,0.0,2.0403961416287757,10.088897126373922,34.47412506349201
Truck_0,0.0,0,0,0.0,3.627295559814121,10.75978735173629,0,0.0,3.2313150961089203,13.589867812334319,31.20826581999365
Truck_3,0.0,0,0,0.0,4.892333064544826,14.578444047988942,0,0.0,2.3040970406002756,10.984014829081964,32.75888898221601
Truck_2,0.0,0,0,0.0,3.136493174703644,12.878459184226898,0,0.0,3.332100513927731,13.755531916506843,33.10258478936512
Truck_4,0.0,0,0,3.136493174703644,4.810898811691698,11.22449845408379,0,0.0,3.044284138584043,11.610519566518786,33.82669414558196
Truck_1,0.0,0,0,0.0,3.2961018285401034,16.446774486156666,0,2.031997838437274,3.7678601585842877,9.17341714853826,34.71615146025659
Truck_6,0.0,0,2,3.627295559814121,5.400218579620114,13.495587287526678,0,0.0,3.436209350195213,14.316430099780838,40.275740876936965
Truck_9,0.0,0,5,8.147753992245427,4.228758009677083,13.25023265824817,0,0.332566116985447,3.7460315438852447,10.872700368529792,40.57804268957116
Truck_7,0.0,0,3,4.892333064544826,6.212140449054641,12.20555543444265,0,2.2327053636762138,3.7682015215948894,11.304069492135373,40.61500532544859
Truck_5,0.0,0,1,3.2961018285401034,4.851652163705324,18.60835285185856,0,2.554828989209234,3.1340093239107993,8.558183171289713,41.00312832851373
Truck_8,0.0,0,4,7.947391986395342,5.111545068022137,18.454744688666445,0,0.0,2.8255464583061425,10.353360732499333,44.6925889338894
Truck_2,33.10258478936512,0,0,0.0,3.4038765067068084,13.06608805414286,0,0.0,2.946080789125766,9.935616359660905,29.35166170963634
Truck_0,31.20826581999365,0,0,0.0,4.846179229897999,12.720301328040136,0,0.0,2.803000006570933,13.706236538374895,34.075717102883964
Truck_3,32.75888898221601,0,0,0.0,4.02083719240121,19.67997259676431,0,0.0,2.05310140921047,8.27605042562034,34.02996162399633
Truck_4,33.82669414558196,0,0,0.0,3.8530766328854966,13.336185044269186,0,0.5617905617660739,3.708259516241327,12.491136688867556,33.95044844402964
Truck_5,41.00312832851373,0,0,0.3414142384215282,4.766876957051366,11.676676745704881,0,0.0,3.6387399441876482,8.859926699039093,29.283634584404517
Truck_1,34.71615146025659,0,0,1.3382935896350574,5.290097517043613,18.221366911280498,0,1.8609267356633978,3.5428216123341514,9.133944971242343,39.38745133719906
Truck_9,40.57804268957116,0,0,0.0,5.046588393613483,14.276530521073646,1,1.7726599409171016,3.504030836192335,10.380594337762986,34.98040402955955
Truck_6,40.275740876936965,0,0,0.0,4.686309780160137,14.18206042043996,0,0.0,2.5297104676383313,14.273218407349951,35.67129907558838
Truck_7,40.61500532544859,0,0,0.0,5.913972117919158,16.437195799422774,0,2.0034845834227824,3.2058758753998546,8.66724411977583,36.2277724959404
Truck_8,44.6925889338894,0,0,0.269461723207705,4.333755596401744,15.01230719483575,1,0.8697389330331333,3.5764778043207315,14.135592683351362,38.197333935150425
Truck_2,62.45424649900146,1,0,0.0,5.921327837826439,11.499215009447298,0,0.0,3.3341523531225903,9.743645022178129,30.498340222574456
Truck_4,67.7771425896116,1,0,0.0,5.134151765301155,12.513970231834818,0,0.0,2.904548045968255,9.57714514435635,30.12981518746058
Truck_3,66.78885060621234,1,0,0.0,3.4113970484615805,19.22845338697725,0,0.0,3.1125331957018005,11.22336327120486,36.97574690234549
Truck_0,65.28398292287761,1,0,0.0,4.713328586807975,19.805122843728796,0,0.0,3.789788632765635,12.5399385733471,40.84817863664951
Truck_7,76.84277782138899,1,0,0.0,4.280625377545718,12.973027954592823,0,0.0,3.825988519741628,8.661827776791313,29.74146962867148
Truck_6,75.94703995252534,1,0,0.0,5.354397822767723,14.645009987488052,0,0.20113926036478347,2.447673381356367,10.352429891071736,33.00065034304866
Truck_5,70.28676291291825,1,0,0.0,4.498502959027249,18.00792926795266,0,0.0,3.354391883247743,13.054493022580658,38.91531713280831
Truck_1,74.10360279745565,1,0,0.0,5.566874570297415,16.944179879215042,0,1.3077624263010534,2.810230902860482,8.788071620682189,35.41711939935618
Truck_8,82.88992286903982,1,0,0.0,4.972867168641372,12.80358848287473,0,0.06627205557371951,1.448524260291208,10.699185430738467,29.990437398119496
Truck_9,75.55844671913071,1,0,0.0,5.946276968393178,16.54753787785063,0,0.5429988391277476,3.082646245148993,13.27892036829202,39.39838029881257
Truck_2,92.95258672157591,1,0,0.0,3.474504363805849,17.96073599410549,0,0.0,2.93741286120229,9.113990332240263,33.48664355135389
Truck_4,97.90695777707218,1,0,0.0,5.1239208795078355,17.053991599809564,0,0.0,1.8126610138127717,14.931404737673276,38.92197823080345
Truck_6,108.947690295574,1,0,0.0,3.9623742336413983,11.127506652163007,0,0.0,2.347974240399637,11.782676939993408,29.22053206619745
Truck_0,106.13216155952712,1,0,0.0,4.7253467962197675,12.543559965345352,0,0.0,3.118361216934801,12.065001648091297,32.45226962659122
Truck_7,106.58424745006047,1,0,0.0,5.511248607204095,14.850902444826787,0,0.0,3.724663974481004,10.978021035712885,35.06483606222477
Truck_8,112.88036026715932,1,0,0.0,4.957713697219177,12.923361455662544,0,0.0,2.7700832006501344,8.48036327560547,29.131521629137325
Truck_1,109.52072219681183,1,0,1.3367861589350554,5.642856907068406,14.185688006558578,0,0.0,3.11156087337676,9.661316343816765,33.938208289755565
Truck_5,109.20208004572656,1,0,0.0,5.373392595960681,16.205345439471273,0,2.7507005395326587,2.7416504397962456,8.25644202560099,35.32753104036185
Truck_9,114.95682701794328,1,0,0.0,3.924785263583061,16.96471573610225,0,0.0,2.086254498413325,14.744718661879915,37.72047415997855
Truck_2,126.4392302729298,2,0,0.0,5.324195150252862,17.210809655014458,0,0.0,3.0815083304275674,10.292433179623316,35.908946315318204
Truck_6,138.16822236177146,2,0,0.0,5.2393599228909125,17.266936604515365,0,1.7766023833015367,2.0995674186728195,8.23264596313092,34.615112292511554
Truck_0,138.58443118611834,2,0,0.0,3.0809882592278655,18.221825008986855,0,0.0,2.5638768181462126,14.300753012944568,38.1674430993055
Truck_8,142.01188189629664,2,0,0.0,2.2956575064662275,18.65509982804548,1,1.5880494603437398,2.870854490765794,10.63239389956206,36.0420551851833
Truck_1,143.4589304865674,2,0,0.0,4.569781205679192,12.991169386017333,1,2.8162155734772227,1.9750040007072869,12.334546009551957,34.68671617543299
Truck_4,136.82893600787563,2,0,0.0,4.2565556588351114,19.331998596002876,0,0.0,3.4186063890275307,14.413493460831972,41.42065410469749
Truck_7,141.64908351228524,2,0,0.0,5.621099410583128,19.15045885784187,0,1.000901401207642,3.4291893958269952,9.426339078018202,38.627988143477836
Truck_5,144.5296110860884,2,0,0.0,5.006636787801085,15.75477634637798,0,0.5200764321809572,1.8054824624485661,14.329527040005075,37.416499068813664
Truck_9,152.67730117792183,2,0,0.0,5.730720426103659,14.786798726142877,0,0.0,2.7876562120223127,8.348874140443002,31.65404950471185
Truck_2,162.348176588248,2,0,0.0,5.15734834630058,13.017008367480827,0,0.0,3.5086719025943864,13.860008420997815,35.54303703737361
Truck_3,103.76459750855783,1,0,0.0,5.097292885376504,10.16612708804115,0,0.0,2.7970615835021704,13.289780230493847,103.23983056346326
Truck_6,172.783334654283,2,0,0.0,5.318081347714781,14.343829473829373,0,0.0,3.747617771110612,11.933596042318243,35.34312463497301
Truck_1,178.1456466620004,2,0,0.0,5.381216604234254,10.208070108615033,0,2.4579298720881013,2.3264898791875908,10.24301077504441,30.61671723916939
Truck_9,184.33135068263368,3,0,0.0,4.250478849489298,10.00502911727051,0,0.0,2.784232413053587,8.255569747091101,25.295310126904496
Truck_0,176.75187428542384,2,0,0.0,5.1654325433995325,10.75275498231494,0,1.0445860303889276,3.7981552472006967,13.47320885275866,34.23413765606276
Truck_5,181.94611015490207,3,0,0.9088134213030514,5.373553771236914,11.020497343991138,0,0.0,1.2730719894725553,10.933485530989373,29.50942205699303
Truck_4,178.24959011257312,2,0,2.5018690574108007,5.168002016993427,14.753341260422076,0,0.0,3.746510183681494,10.42015349471987,36.589876013227666
Truck_8,178.05393708147994,2,0,0.0,4.80098649472518,19.540371871533978,0,0.0,3.0476302659946555,12.622653008372737,40.01164164062655
Truck_7,180.27707165576308,3,1,1.6402351730602902,5.472549508044125,15.773657954458656,0,1.2557983397547616,3.4233941153067917,12.805275825081651,40.370910915706276
Truck_2,197.89121362562162,3,0,0.0,5.647240493686212,18.147965597663045,0,0.0,2.8523418598688295,12.22334296133667,38.870890912554756
Truck_1,208.76236390116978,3,0,0.0,5.337444262842865,10.98313046785944,0,0.0,1.6779247146365037,10.29107320817863,28.28957265351744
Truck_9,209.62666080953818,3,0,0.0,4.087922043504534,17.09018167361026,0,0.0,2.0993420877521487,8.629413085669313,31.906858890536256
Truck_5,211.4555322118951,3,1,1.2082479154962869,5.345884291393361,14.387199351928984,0,0.0,1.6380135441592643,8.3179792559242,30.897324358902097
Truck_6,208.12645928925602,3,0,0.0,4.451380627790542,16.32506051653897,0,0.0,2.997985064364144,13.939185619636476,37.71361182833013
Truck_3,207.00442807202108,3,0,0.0,5.659352055370306,19.810759310407633,0,0.4295671766060991,3.4785073361836965,11.368091167767943,40.74627704633568
Truck_4,214.83946612580078,3,0,0.0,5.599165789610225,12.496735112215418,0,1.0995102872465736,3.7763784980248545,10.127204183910777,33.09899387100785
Truck_0,210.9860119414866,3,0,1.5918279755599656,4.520233509151751,16.806097231049193,1,2.4784432933413143,2.5062817718369956,12.613593679752512,40.51647746069173
Truck_7,220.64798257146936,3,0,0.0,5.731865756043618,10.356441446578401,0,1.0749660388064797,2.803862970028149,12.88153830224715,32.8486745137038
Truck_8,218.0655787221065,3,0,0.0,2.840321761451122,17.934948529783583,0,0.04804670908461617,3.3072235241116346,12.508009345145013,36.63854986957597
Truck_2,236.76210453817637,3,0,0.0,2.9783389253462076,17.583485924351237,0,0.0,2.734564694339838,10.666674915606166,33.96306445964345
Truck_1,237.05193655468722,3,0,0.0,3.574444332192172,19.230566969344437,0,0.20154622598982996,3.4446084790074565,9.990024711729347,36.44119071826324
Truck_5,242.3528565707972,4,0,0.0,5.816948971642432,10.867514743410311,0,0.0,3.4728350845712157,12.679085273835142,32.8363840734591
Truck_6,245.84007111758615,4,0,0.0,3.7380571541112033,17.30739622911787,0,0.0,2.2509461161407103,8.267884214251524,31.564283713621307
Truck_9,241.53351970007444,4,0,0.0,2.8037606794234193,17.491789135433947,0,0.6810858554893571,3.3970777056370025,11.582113263896133,35.95582663987986
Truck_3,247.75070511835676,4,0,0.0,5.56404645487865,11.431329368362924,0,0.0,3.775290300243853,9.091126817158226,29.861792940643653
Truck_0,251.50248940217833,4,0,0.0,3.2817122448249734,14.852495147088206,0,0.0,3.569683794973116,13.082270584831463,34.78616177171776
Truck_8,254.70412859168246,4,0,0.0,3.9531097031130855,16.503744126558047,0,0.0,2.729782470994735,8.770493950340324,31.95713025100619
Truck_4,247.93845999680863,4,0,0.0,5.834466867017653,17.584051559324962,0,0.0,2.553563368083644,13.34285808743175,39.31493988185801
Truck_7,253.49665708517315,4,0,0.0,6.186077057446738,16.645295523064647,0,0.0,2.844384210665055,14.731908573968042,40.40766536514448
Truck_2,270.7251689978198,4,0,0.0,3.519180936276314,10.586935442737115,0,0.0,3.6273092677961927,14.891193044952729,32.62461869176235
Truck_6,277.40435483120746,4,0,0.0,5.677617141825067,10.834274385417643,0,0.0,3.243464552347973,8.250860087159651,28.006216166750335
Truck_1,273.49312727295046,4,0,0.0,4.191741525735438,14.765890031556012,0,0.0,2.7593653689835946,13.147087635310186,34.86408456158523
Truck_3,277.6124980590004,4,0,0.0,4.82646619744628,13.731318870163534,0,0.0,1.7720823411393098,10.438535099245428,30.76840250799455
Truck_9,277.4893463399543,4,0,0.0,5.1838761244452485,15.554347192980174,0,0.0,2.0482725619091866,10.306254979482844,33.09275085881745
Truck_0,286.2886511738961,4,0,0.0,4.0295063772159665,10.159594396229238,0,0.0,3.496379008236431,11.929595313144546,29.61507509482618
Truck_8,286.66125884268865,4,0,0.0,5.258491095104432,12.866857150013061,0,0.0,3.2344704213715545,8.866930874623392,30.22674954111244
Truck_4,287.25339987866664,4,0,0.0,2.387855006657844,17.676467022209295,0,0.0,3.349555858802603,12.714822235475424,36.128700123145165
Truck_7,293.90432245031764,4,0,0.0,5.251710773303614,18.85844628957966,0,0.0,3.5417190104102474,8.457783146485212,36.109659219778734
Truck_1,308.3572118345357,5,0,0.0,2.8314902299532037,14.025572418043566,0,0.0,3.55856267214574,8.254352958080972,28.669978278223482
Truck_6,305.4105709979578,5,0,0.0,5.529304378982033,12.369635446680718,0,0.0,3.4421191038557026,10.949729617748517,32.29078854726697
Truck_2,303.3497876895822,5,0,0.0,4.396033783830603,17.532038627667646,0,1.4737698263958237,3.6927996133583747,10.465875757796425,37.56051760904887
Truck_3,308.38090056699497,5,0,0.0,6.200798105197521,18.38335536897415,0,0.0,3.114101203366772,11.597597188166162,39.295851865704606
Truck_0,315.90372626872227,5,0,0.0,5.047010385776673,13.175492641705148,0,0.0,2.9145031880641454,13.977825371034669,35.114831586580635
Truck_9,310.58209719877175,5,0,0.0,5.961314294372016,19.949689905898822,0,0.0,3.7016190537656826,12.546833575441099,42.15945682947762
Truck_7,330.01398167009637,5,0,0.0,2.941774491663921,10.125266479393304,0,0.0,3.1714604041706593,8.112020027377696,24.35052140260558
Truck_8,316.8880083838011,5,0,0.0,5.157866346403068,17.007117044779022,0,0.0,3.113624627821764,13.35959316156152,38.638201180565375
Truck_4,323.3821000018118,5,0,0.0,5.818052132371349,10.678457046518247,0,0.3161112721068662,3.2274317935801946,13.304227667961527,33.344279912538184
Truck_2,340.91030529863104,5,0,0.0,4.330139951123613,13.91154556506973,0,0.0,2.648406622350194,10.618168925414466,31.508261063958003
Truck_5,275.1892406442563,4,0,0.0,3.412795841882655,11.274338876399895,0,1.247303043095883,3.4851753043842564,11.010661361750977,101.10699345905351
Truck_1,337.0271901127592,5,0,0.0,4.181316570534648,18.851244554809796,0,0.0,3.7711242146735913,13.484001089445485,40.28768642946352
Truck_6,337.70135954522476,5,0,0.0,5.691530422316134,19.871849894577394,0,0.5661355906589165,3.742889557356534,13.948709755277775,43.821115220186755
Truck_9,352.74155402824937,5,0,0.0,5.834162733906339,10.487011287501673,0,0.0,3.2726062187466027,11.547062176278189,31.140842416432804
Truck_0,351.0185578553029,5,0,0.0,4.720753353387067,15.328394554649037,0,1.2676285050649767,2.23188906906438,9.573673501665212,33.12233898383067
Truck_7,354.36450307270195,5,0,0.0,2.5849987421232186,17.434755376102828,0,0.0,1.425612281991505,10.571305112614084,32.016671512831635
Truck_3,347.6767524326996,5,0,0.0,5.984793500905198,16.68063153676013,0,0.0,2.688438930247912,14.387672683009896,39.74153665092314
Truck_8,355.52620956436647,5,0,0.0,5.922908956240519,16.73521116984955,0,0.0,3.611063510024053,11.092534323843836,37.36171795995796
Truck_4,356.72637991435,5,0,0.0,3.9424394831025324,16.540521755469626,0,0.0,2.8242513102200064,14.4591627054902,37.766375254282366
Truck_1,377.3148765422227,6,0,0.0,5.321916620436696,12.853722759016136,0,0.0,3.3085564444570537,10.191312779466728,31.675508603376613
Truck_6,381.5224747654115,6,0,0.0,2.6755106278369,12.064100593828357,0,0.0,3.2326129256264267,10.032717273826165,28.00494142111785
Truck_2,372.41856636258905,6,0,0.0,6.2181922392431375,17.725021440232695,0,2.4372923240676982,1.5963813732025756,9.954208121170666,37.93109549791677
Truck_5,376.2962341033098,6,0,0.0,4.75489084155987,16.217935096383542,1,2.2256388714499735,2.4151506171086794,8.641957067950557,34.25557249445262
Truck_0,384.1408968391336,6,0,0.0,3.452540917389797,19.16994225606095,0,0.0,1.9225720137262101,9.484080769763636,34.02913595694059
Truck_7,386.3811745855336,6,0,0.0,5.600972339241309,15.370033852680137,0,0.0,3.4662125470615592,10.532779563598467,34.96999830258147
Truck_8,392.8879275243244,6,0,0.0,2.2102440592416315,16.09111964217857,0,0.0,2.497327674181406,9.449006072512816,30.247697448114423
Truck_9,383.8823964446822,6,0,0.0,5.468172049608995,18.870890892906743,0,0.4644926391126205,2.3322895167831916,14.584911634571824,41.720756732983375
Truck_3,387.4182890836227,6,0,0.0,5.844851036305101,18.877256049308812,0,0.0,2.946132031181321,13.34196787785936,41.010206994654595
Truck_4,394.49275516863236,6,0,0.0,5.285465742667611,18.613067989239596,0,0.0,2.3338542639103252,12.292782615443912,38.525170611261444
Truck_1,408.9903851455993,6,0,0.0,2.610058741368448,18.03741093427226,0,0.0,2.3777923993372383,11.302326679714554,34.3275887546925
Truck_6,409.52741618652936,6,0,0.0,5.732565577700825,15.779471142879231,0,0.976194313467829,2.7035415913451857,10.191334861104792,35.38310748649786
Truck_2,410.3496618605058,6,0,0.0,5.877590577385206,13.471632306671552,0,0.0,3.6461123509175764,13.038578382820901,36.033913617795235
Truck_5,410.55180659776244,6,0,0.0,4.743971696193228,18.62549150074784,0,0.0,3.3368311822603687,10.663550810921947,37.369845190123385
Truck_7,421.35117288811506,7,0,0.0,5.309686741783992,10.837623793908051,0,0.0,2.7342377868868084,9.72598142280907,28.60752974538792
Truck_0,418.17003279607417,6,0,0.0,4.169843152377837,19.429597000176784,0,0.0,1.5207565657453301,13.030174304222555,38.150371022522506
Truck_8,423.13562497243885,7,0,0.0,3.7955304346879757,17.085391274131496,0,0.0,3.4817491340383526,11.02080032834823,35.383471171206054
Truck_9,425.60315317766555,7,0,0.0,3.2453028382935827,18.005241362860716,0,0.0,1.979249464823738,10.30895928246838,33.538752948446415
Truck_3,428.4284960782773,7,0,0.0,5.204737074416755,19.793308007292296,0,0.0,3.373736858422319,8.79724492651809,37.16902686664946
Truck_4,433.0179257798938,7,0,0.0,5.854092601671027,17.890308649571807,0,0.0,3.256579035043103,10.558442782124132,37.55942306841007
Truck_6,444.9105236730272,7,0,0.0,3.571861325828934,15.056111648623357,0,1.8751636428372649,3.7016655129979767,8.039409730976331,32.244211861263864
Truck_1,443.3179739002918,7,0,0.0,5.434037323826431,14.410745908384854,0,0.0,2.2509031578136955,12.225361111181428,34.32104750120641
Truck_5,447.9216517878858,7,0,0.0,3.70542582891909,12.83417165642976,1,1.7280489556208636,3.0980451168694003,9.075691996165062,30.441383554004176
Truck_7,449.958702633503,7,0,0.0,2.2749329710521806,10.456018950945065,0,0.0,3.4996436733553082,14.747896650232292,30.978492245584846
Truck_2,446.38357547830105,7,0,0.0,3.2219905171224923,18.11001976200049,0,1.3997400458907236,2.7782652295373396,14.746289078001098,40.256304632552144
Truck_9,459.14190612611196,7,0,0.0,6.018919806399879,11.062155031266968,0,0.0,2.218684751511944,14.562122303966305,33.861881893145096
Truck_0,456.3204038185967,7,0,0.0,6.213275153549091,13.706184474246015,0,0.0,2.976451636404988,14.592684285956182,37.488595550156276
Truck_8,458.5190961436449,7,0,0.0,5.519698349446344,17.62447944537547,0,0.0,3.793909359235954,10.201864113270574,37.13995126732834
Truck_4,470.57734884830387,7,0,0.0,3.0741073920910935,14.566084848969922,0,0.0,2.9641112731054022,12.223267532317323,32.82757104648374
Truck_3,465.59752294492677,7,0,0.0,5.103290253321347,16.385906287546845,0,0.0,3.640410414047494,14.335881432541214,39.4654883874569
Truck_7,480.9371948790878,8,0,0.0,4.317484526187059,11.644477583716025,0,0.0,2.552329602554323,10.11508759652304,28.629379308980447
Truck_6,477.1547355342911,7,0,0.0,3.4248828401008495,17.400784452356106,0,0.0,2.233451200894933,9.938129662247604,32.99724815559949
Truck_2,486.6398801108532,8,0,0.0,2.776296447044615,12.874327644974016,0,0.0,1.6096180582621855,8.592700691380287,25.852942841661104
Truck_1,477.6390214014982,7,0,0.0,4.489924216777126,19.99028305365448,0,0.0,3.1405073526834144,9.802954880274172,37.42366950338919
Truck_5,478.36303534189,7,0,0.0,6.139295702622235,17.80457345611319,0,1.593217760508594,3.8072805083971843,10.925512348054895,40.2698797756961
Truck_0,493.80899936875295,8,0,0.0,4.8411949216072685,11.7416721234124,0,0.0,1.8875253276763715,12.431974235844109,30.90236660854015
Truck_9,493.00378801925706,8,0,0.0,4.756751111640483,14.565842531122712,0,0.0,3.643896727830338,11.938938752099148,34.90542912269268
Truck_8,495.65904741097324,8,0,0.0,6.105815490654322,11.54473923874059,0,0.0,3.2134731144886928,14.314723653055353,35.17875149693896
Truck_3,505.06301133238367,8,0,0.0,5.8438112035693734,10.203755657902036,0,0.0,3.1550169797673107,8.686947535504942,27.889531376743662
Truck_7,509.5665741880683,8,0,0.0,4.71157234301603,14.516603066418497,0,0.0,2.5598038590012493,9.36798840916083,31.155967677596607
Truck_4,503.4049198947876,8,0,0.0,5.948003138706838,19.380148822259002,0,0.0,2.989312784837466,9.090581921046692,37.40804666685
Truck_1,515.0626909048874,8,0,0.0,4.638271925897243,11.018973192531234,0,0.6346174331881684,2.2374656413492175,11.678830909902103,30.208159102867967
Truck_5,518.6329151175861,8,0,0.0,4.211877571503351,12.800192039707667,0,0.0,3.1458767946634225,9.316649970192884,29.474596376067325
Truck_2,512.4928229525143,8,0,0.0,2.6742478148070177,18.831056269879355,0,0.0,1.3505262854756666,13.515122795472166,36.370953165634205
Truck_6,510.1519836898906,8,0,0.0,4.828028805254007,19.911557747452434,0,0.0,3.718244599435252,14.24972416976027,42.707555321901964
Truck_0,524.7113659772931,8,0,0.0,5.278761171729684,17.78678506264248,0,0.0,2.3922047163416664,9.212268432661858,34.67001938337569
Truck_3,532.9525427091273,8,0,0.0,5.2344576123916795,11.4761283208735,0,0.0,2.863683887010211,12.696672595670407,32.2709424159458
Truck_9,527.9092171419497,8,0,0.0,5.598030653741716,19.880089397134952,0,0.0,2.6025204838470017,9.53954690471221,37.62018743943588
Truck_8,530.8377989079122,8,0,0.0,6.222975606558407,19.64511305715189,0,0.0,1.963612754961673,12.473426728025743,40.30512814669771
Truck_7,540.7225418656649,9,0,0.0,4.041067542185829,12.284368214270444,0,0.0,2.45954012798245,12.525139975638467,31.31011586007719
Truck_4,540.8129665616376,9,0,0.0,5.408785164289725,12.833108571424987,0,0.0,2.735172381050006,13.585927013179912,34.56299312994463
Truck_1,545.2708500077554,9,0,0.0,4.895119997642951,16.11390282318098,0,0.0,2.9024374471302963,11.01927342391059,34.930733691864816
Truck_5,548.1075114936534,9,0,0.0,5.961185009351084,11.062256402189291,0,0.0,3.0513632580650665,13.122466479655941,33.19727114926138
Truck_2,548.8637761181485,9,0,0.0,5.180443628242301,17.635327199824246,0,0.0,2.2043374176651014,10.244295274087222,35.26440351981887
Truck_6,552.8595390117925,9,0,0.0,4.39171632133764,16.06350697225116,0,0.0,1.3182035663975284,9.513680128131227,31.287106988117557
Truck_0,559.3813853606688,9,0,0.0,6.030379176665747,12.341409305061575,0,0.0,3.1116829851678176,12.6708214139569,34.15429288085204
Truck_9,565.5294045813856,9,0,0.0,3.956687772239775,13.625141350543458,0,0.0,3.663370946822738,13.324443451903562,34.56964352150953
Truck_7,572.0326577257421,9,0,0.0,4.728615064351857,14.04769115273075,0,0.0,2.912015003491092,8.255041877540862,29.94336309811456
Truck_8,571.1429270546099,9,0,0.0,3.1214718249325415,15.623188344014238,0,0.0,2.9873135479226676,9.80446402761379,31.536437744483237
Truck_4,575.3759596915822,9,0,0.0,3.937107792811048,12.632462822056937,0,0.9293704650291374,2.4909810127545597,8.45973631466461,28.449658407316292
Truck_3,565.2234851250731,9,0,0.0,5.907340035886705,16.040439434863742,0,0.0,2.7567451315898097,14.553786029511684,39.25831063185194
Truck_2,584.1281796379674,9,0,0.0,4.301147984426734,10.501226571574307,0,0.0,3.3333683072222584,8.664468750827837,26.800211614051136
Truck_5,581.3047826429148,9,0,0.0,6.043006858798208,13.65757340629284,0,0.0,3.2207462063890944,9.807469683690442,32.728796155170585
Truck_1,580.2015836996202,9,0,0.0,3.479288849143927,13.18437380964474,0,0.0,3.595311243515539,14.152994334753885,34.41196823705809
Truck_6,584.1466459999101,9,0,0.0,5.129480853740233,19.885964868398332,0,0.0,3.323501268336827,13.315978790075519,41.65492578055091
Truck_0,593.5356782415208,9,0,0.0,5.689795940575095,17.28760534212597,0,0.0,3.3617726249034376,12.345234505897793,38.6844084135023
Truck_4,603.8256180988985,10,0,0.0,3.8466920846220773,12.601189844610644,0,0.0,2.8960503317510984,10.171723518230806,29.515655779214626
Truck_9,600.0990481028952,10,0,0.0,6.16808314204377,17.788024671961125,0,0.0,2.974653989043759,9.996455251898851,36.927217054947505
Truck_8,602.6793647990932,10,0,0.0,5.762662056569752,17.8474299243519,0,0.7403531259290048,3.806047522751328,9.026069998237517,37.1825626278395
Truck_3,604.4817957569251,10,0,1.7853354880138568,6.044561330769852,11.533229042403377,0,0.0,2.4278003565564177,13.6593867544276,35.450312972171105
Truck_5,614.0335787980854,10,0,0.0,5.886791893905865,11.307096644154512,0,0.0,2.7818611355177154,9.426750840562363,29.402500514140456
Truck_7,601.9760208238566,10,0,0.0,5.861351878934556,16.83276975130343,0,1.6025795205739541,3.714572209358039,13.966529395550992,41.97780275572097
Truck_2,610.9283912520185,10,0,0.0,5.322396914336764,15.069950781759417,0,0.0,1.7461480702066865,13.36485983074374,35.50335559704661
Truck_1,614.6135519366783,10,0,0.0,4.744470887367015,14.155240971276157,0,0.0,1.9849877873367632,13.87533812460606,34.760037770585996
Truck_6,625.801571780461,10,0,0.0,4.6763323629013485,15.949424065527865,0,0.0,1.8543474016787513,11.057162844936101,33.537266675044066
Truck_4,633.3412738781132,10,0,0.0,2.3348637031552926,14.115099463489969,0,0.0,2.861835271191012,12.957396683910588,32.26919512174686
Truck_9,637.0262651578427,10,0,0.0,6.146327442077222,10.48543932681855,0,0.0,2.3847500297928264,12.550632800926792,31.56714959961539
Truck_8,639.8619274269327,10,0,0.0,4.107498453272228,10.003305314712406,0,0.0,1.77622167019058,13.051464547154865,28.93848998533008
Truck_0,632.2200866550231,10,0,0.0,3.709728212466871,18.407137058635158,0,1.4120009389827146,2.8300225999538497,14.191101174527262,40.549989984565855
Truck_5,643.4360793122258,10,0,0.0,5.605816122431293,10.512378128284013,0,0.0,2.509523250172265,11.167908529945407,29.795626030832977
Truck_3,639.9321087290962,10,0,0.0,5.995780919503545,15.845159070851082,0,0.0,3.6709262771901194,10.656117039336323,36.16798330688107
Truck_1,649.3735897072643,10,0,0.0,3.5663075555956993,15.691536771336928,0,0.0,3.5392689927018637,8.997242031373958,31.79435535100845
Truck_2,646.4317468490651,10,0,0.0,5.181604913633919,16.251065010253114,0,0.0,3.7966443684359774,12.997024089720526,38.22633838204354
Truck_7,643.9538235795776,10,0,0.0,5.552817281404941,19.312820174289755,0,2.841600106115834,3.668655530634055,11.333138615954113,42.7090317083987
Truck_6,659.3388384555051,10,0,0.0,6.058675857563685,12.446543114752558,0,0.0,3.735671591749224,9.784891008271074,32.02578157233654
Truck_4,665.61046899986,11,0,0.0,4.217321704822325,15.5403433861444,0,0.0,3.7366207841408823,9.279426105431526,32.77371198053913
Truck_9,668.593414757458,11,0,0.0,5.721634479980253,16.514539624896884,0,0.0,3.434685806919788,11.50157849091977,37.17243840271669
Truck_8,668.8004174122627,11,0,0.0,5.859091159964237,18.530710779786318,0,0.0,3.3971592163923106,9.226935039149112,37.01389619529198
Truck_3,676.1000920359772,11,0,0.0,5.329090354635127,12.187486137897622,0,0.6476061407449833,3.7019379514200637,11.934422594151897,33.80054317884969
Truck_0,672.770076639589,11,0,0.0,2.6453597892992775,19.664148253809913,1,2.8866279379768685,2.40370508245735,10.46756574437768,38.06740680792109
Truck_5,673.2317053430588,11,0,0.0,4.777145482411697,15.65255952092366,1,2.92596822201142,3.3681995471216624,11.132218107298968,37.85609087976741
Truck_2,684.6580852311087,11,0,0.0,4.735790091338799,14.205487954353885,0,0.0,2.367485547655292,11.945782306161504,33.25454589950948
Truck_1,681.1679450582727,11,0,0.0,5.369722365289249,18.507704538370263,0,0.0,3.3218699041279933,10.797694507415827,37.99699131520333
Truck_3,0.0,0,0,0.0,4.34668753437636,11.30172042558456,0,0.0,3.619389141931965,8.601123267146658,27.868920369039543
Truck_2,0.0,0,0,0.0,3.736224314163081,12.306638669045896,0,0.0,2.391232537399709,12.138237098587005,30.57233261919569
Truck_0,0.0,0,0,0.0,4.897405684227268,11.601565243816749,0,1.9351245925646694,2.84212376693214,11.383967286690918,32.660186574231744
Truck_4,0.0,0,0,3.6626223375311135,3.998160226881948,12.480138629396095,0,0.7779570597897845,3.300631694534758,8.464359879314827,32.683869827448525
Truck_5,0.0,0,1,3.736224314163081,2.858729234936208,10.206629338832789,1,2.466214213960807,1.6510811517060553,13.123174288267442,34.04205254186638
Truck_6,0.0,0,2,4.34668753437636,5.828918073011221,11.29384599472479,0,2.0543238303782765,2.8115893616985304,8.347501035793425,34.6828658299826
Truck_1,0.0,0,0,0.0,3.6626223375311135,16.962374231599416,1,0.6512227184102954,2.2475561449498223,13.032355696502083,36.55613112899273
Truck_7,0.0,0,3,4.897405684227268,5.562898176104747,17.804013390326915,0,0.0,3.5100108258802294,10.581948857165425,42.356276933704585
Truck_9,0.0,0,5,7.660782564413061,5.626505355487462,18.81491903504186,0,0.0,3.3019102585315494,8.76743763621397,44.1715548496879
Truck_8,0.0,0,4,6.594953549099289,5.5361841540295735,18.891057924344253,0,0.0,2.7942043688258593,10.546058872290331,44.36245886858931
Truck_3,27.868920369039543,0,0,0.0,3.915020941304441,12.561592732256095,0,0.0,3.030352443425116,10.147153723343209,29.65411984032886
Truck_2,30.57233261919569,0,0,0.0,4.745012829065274,14.923456646963608,0,0.7622822306925343,3.4077498474357952,8.449015283159916,32.28751683731713
Truck_4,32.683869827448525,0,0,0.0,3.817309336619985,12.255943230691656,0,0.0,2.245961931156941,12.124657440682753,30.443871939151336
Truck_0,32.660186574231744,0,0,0.0,3.0630107432392037,13.940363337243902,0,0.0,3.7672423105031783,14.460999994648098,35.23161638563438
Truck_1,36.55613112899273,0,0,0.0,2.6985633971899787,18.77160959952335,0,0.0,2.406581457795525,12.856855439005685,36.73360989351454
Truck_6,34.6828658299826,0,0,0.6344796182783625,5.374538779808368,18.247673158219918,0,0.8714912308705038,3.438041661892271,10.460056594170325,39.02628104323975
Truck_5,34.04205254186638,0,0,0.0,5.02732861719911,17.580593071470084,0,0.0,3.161074386624179,14.64031024094514,40.40930631623851
Truck_8,44.36245886858931,0,0,0.0,5.877622584154999,13.909919870609656,0,0.0,2.813941098573366,12.612869460504896,35.21435301384292
Truck_7,42.356276933704585,0,0,0.0,5.846817934327163,14.593776891115304,0,0.0,3.2348099246536464,13.962547562159855,37.63795231225597
Truck_9,44.1715548496879,0,0,0.0,5.997118314535783,17.911597130968296,0,0.0,3.5550891912834857,8.870866548277576,36.33467118506514
Truck_3,57.5230402093684,0,0,0.0,4.39991234996225,12.198764153403474,0,0.0,3.329294931387352,13.765923523793816,33.69389495854689
Truck_0,67.89180295986613,1,0,0.0,3.40991656880324,15.137206511829518,0,0.0,1.494598533492848,8.303138979546617,28.344860593672223
Truck_2,62.85984945651282,1,0,0.0,5.151973622128381,17.081653670001558,0,0.0,3.3397473594968545,9.670108872507782,35.243483524134575
Truck_4,63.12774176659986,1,0,0.0,5.42927348849333,14.203743817546453,0,0.0,2.372736021131473,13.445207768914656,35.45096109608591
Truck_6,73.70914687322235,1,0,0.0,2.447330378676128,12.678825808081413,0,0.0,2.38307776797717,10.011473766327796,27.520707721062507
Truck_1,73.28974102250727,1,0,0.0,3.1831082152073407,13.900642675845504,0,0.0,3.2649692461919244,12.040924296915179,32.38964443415995
Truck_5,74.4513588581049,1,0,0.0,3.144665875500266,18.36051815680517,0,0.0,3.123628037192333,13.991408807630236,38.620220877128006
Truck_9,80.50622603475304,1,0,0.0,3.471454715494943,16.32832616200791,0,0.0,3.464232407202772,11.852787453150796,35.11680073785642
Truck_7,79.99422924596055,1,0,0.0,4.957905824251199,14.985720393837838,0,0.0,3.568806427602752,12.261654293695429,35.77408693938722
Truck_8,79.57681188243222,1,0,0.0,3.874331982621058,17.321677680193048,0,2.733840346406012,3.4391232785489336,10.655632795225074,38.024606082994126
Truck_3,91.2169351679153,1,0,0.0,3.184253641965668,16.700900985434572,0,0.0,3.5020116862298636,14.14331794671898,37.530484260349084
Truck_0,96.23666355353835,1,0,0.0,6.1333093863985795,13.63562834688139,0,0.0,3.2181673152712733,10.88457861253599,33.87168366108723
Truck_2,98.1033329806474,1,0,0.0,3.5316603458318525,12.63358546893565,0,0.0,3.5604493217131363,14.309391171050166,34.035086307530804
Truck_1,105.67938545666722,1,0,0.0,3.4150915664763772,11.50804216702123,0,0.0,3.7279922354320547,9.245805056718211,27.896931025647874
Truck_4,98.57870286268577,1,0,0.0,3.567990108166981,18.20381678568411,0,0.0,3.789879063267904,14.978606297134888,40.540292254253885
Truck_6,101.22985459428486,1,0,0.0,2.9320572704887837,19.174025188975236,0,0.804451766055891,1.8852694210988261,13.365783203407602,38.16158685002634
Truck_9,115.62302677260946,1,0,0.0,3.944774938831145,11.711397094347149,0,0.0,3.337832363856023,13.011961876112025,32.00596627314634
Truck_5,113.0715797352329,1,0,0.0,4.94852947162866,13.250747871832274,0,0.0,2.8221623275529737,14.368190998806256,35.389630669820164
Truck_8,117.60141796542635,1,0,0.0,5.60653308625821,15.925654889803454,0,0.0,1.9118221471654806,9.548115785006047,32.99212590823319
Truck_7,115.76831618534777,1,0,0.0,5.975656748441949,18.49949968561613,0,0.0,2.861601360220135,8.750610711224425,36.08736850550264
Truck_3,128.74741942826438,2,0,0.0,4.986324466603378,10.902403336090714,0,0.0,2.9520341149183764,11.49508356574907,30.33584548336154
Truck_1,133.5763164823151,2,0,0.0,3.9937266002511933,10.959663027423431,0,0.0,1.6992277970793737,13.201327114215673,29.85394453896967
Truck_0,130.10834721462558,2,0,0.0,4.939624769128272,16.670163221863703,0,0.0,3.4607789107705855,11.643406403041098,36.71397330480366
Truck_6,139.3914414443112,2,0,0.0,5.536492391478731,10.635122538180326,0,0.0,3.536892216497023,10.461841380722518,30.1703485268786
Truck_2,132.1384192881782,2,0,0.0,5.927346022377321,19.095257980431,0,0.0,2.2226007067596925,14.31673243886209,41.561937148430104
Truck_4,139.11899511693966,2,0,0.0,5.3158088784063295,12.868167100753254,0,1.7969774943680363,3.7888164843881214,12.0912832297345,35.86105318765024
Truck_7,151.8556846908504,2,0,0.0,2.6654214899855333,10.824992040775726,0,0.0,3.512862438039491,9.713092567422535,26.716368536223285
Truck_8,150.59354387365954,2,0,0.0,3.0177904633622745,14.836809748650126,0,0.41081657397921845,2.0067953938346363,12.885466380505875,33.15767856033213
Truck_5,148.46121040505307,2,0,0.0,2.726797799939419,16.981704409855553,0,0.0,3.197965864164189,13.61481532399128,36.52128339795044
Truck_9,147.6289930457558,2,0,0.0,5.965210534794494,18.8116785340099,0,0.0,2.769420326821603,13.434033738500148,40.980343134126144
Truck_3,159.08326491162592,2,0,0.0,5.845448397622988,18.575301019670746,0,0.0,2.174408423121264,13.196668929976795,39.79182677039179
Truck_6,169.5617899711898,2,0,0.0,4.783826927897337,15.453755615581514,0,0.0,1.4030455009032892,10.584485982539974,32.225114026922114
Truck_4,174.9800483045899,2,0,0.0,5.8435045206251175,10.169418318705084,0,0.20944687165183495,1.8272677152462222,8.898179134419564,26.947816560647823
Truck_1,163.43026102128476,2,0,0.0,5.956826416582544,19.589052595453268,0,0.0,2.388214024420222,10.870359357088063,38.804452393544096
Truck_0,166.82232051942924,2,0,0.0,6.071288325267574,18.18049870842168,1,0.29024650462230284,1.6367606401714738,11.23268850131052,37.41148267979355
Truck_2,173.7003564366083,2,0,0.0,5.961484634117312,12.160726518953311,0,1.1785471082333459,2.547948407663199,14.802188517728155,36.65089518669532
Truck_7,178.5720532270737,2,0,0.0,4.857345833878014,15.008765282578906,0,0.0,2.3951126223302595,10.51409989913364,32.77532363792082
Truck_5,184.9824938030035,3,0,0.0,5.837136531059485,10.678768662170626,0,0.0,3.5373894312942866,10.733181147002483,30.78647577152688
Truck_8,183.75122243399167,3,0,0.0,3.9716487000346206,15.149049754501078,0,0.0,3.740382104078492,9.607857674887725,32.468938233501916
Truck_9,188.60933617988195,3,0,0.0,5.300016259183025,12.832554168538167,0,0.0,2.6417422549644414,13.111527124045665,33.8858398067313
Truck_3,198.8750916820177,3,0,0.0,4.706789313932262,10.024309221902001,0,0.0,3.3281180100259746,8.296567310089898,26.355783855950136
Truck_0,204.2338031992228,3,0,0.0,2.4398487481272184,12.711569993876964,0,0.0,1.9789948257125616,13.95275939393784,31.083172961654583
Truck_4,201.92786486523772,3,0,0.0,4.613120470539599,14.930997309869213,0,0.0,3.026223268574597,11.031817654554061,33.60215870353747
Truck_1,202.23471341482886,3,0,0.0,3.031198816784922,17.462281592994344,0,0.0,3.6728837591383012,10.677449982592606,34.84381415151017
Truck_6,201.7869039981119,3,0,0.0,6.011085237370054,15.84683731706977,0,0.853379361669397,3.0356557189054456,13.984123501102175,39.73108113611684
Truck_8,216.2201606674936,3,0,0.0,2.6631211598967184,11.854629160815449,0,0.1271122669730005,2.7167764909305276,10.298321134661649,27.659960213277344
Truck_7,211.34737686499452,3,0,0.0,3.872354363064801,12.025661994078689,0,0.0,3.6196300330407496,13.58938464308062,33.10703103326486
Truck_2,210.35125162330363,3,0,0.0,2.684147221323002,17.389602174262592,0,0.0,3.436759051894086,12.945313173188481,36.45582162066816
Truck_5,215.7689695745304,3,0,0.0,4.60232473362629,13.654995758236936,0,0.0,3.525658112832332,10.261094225332783,32.04407283002834
Truck_9,222.49517598661325,3,0,0.0,4.705847028409096,11.0770715502278,0,0.0,3.4061324602661784,8.261057090497246,27.45010812940032
Truck_3,225.23087553796785,3,0,0.0,4.1916208626414,15.847687038784471,0,0.0,2.0328009775840314,9.63500765699851,31.707116536008414
Truck_1,237.07852756633903,3,0,0.0,3.5975510183841948,14.061658248061548,0,0.0,2.488385340168122,10.556102510052142,30.703697116666007
Truck_0,235.31697616087737,3,0,0.0,3.9003912092704525,15.753816788484329,0,0.0,1.9117611477750813,12.053671490951217,33.61964063648108
Truck_4,235.5300235687752,3,0,0.0,5.793119234810746,13.848993928316276,0,1.7108085745050232,2.519706133886416,10.982064051131374,34.854691922649835
Truck_6,241.51798513422875,4,0,0.0,4.006321970320357,12.629458894754976,0,0.0,2.167637284365469,11.108111708732224,29.911529858173026
Truck_8,243.88012088077093,4,0,0.0,5.790326932289759,11.102135021651208,0,0.0,3.032197036693958,10.249154555761493,30.173813546396417
Truck_7,244.45440789825938,4,0,0.0,3.320818837825243,18.554645845522032,0,0.0,2.0901300241608283,9.757514512416776,33.72310921992488
Truck_5,247.81304240455873,4,0,0.0,3.9222927197719457,15.286906529343014,0,0.0,2.2945923303278732,13.792106876140622,35.295898455583455
Truck_2,246.8070732439718,4,0,0.0,3.3651710431749677,17.603459018010568,0,0.6442993006101574,2.8081911942946363,13.104102529264765,37.525223085355094
Truck_9,249.94528411601357,4,0,0.0,3.930296406345093,18.35924312205472,0,0.0,3.0859736342964084,12.611271019086246,37.98678418178247
Truck_3,256.93799207397626,4,0,0.0,5.8809994991975145,19.407826208430777,0,0.0,3.4841310128211376,9.380562457430415,38.15351917787984
Truck_6,271.4295149924018,4,0,0.0,2.2894551564539825,11.008766945861737,0,0.0,3.5385171666306974,8.118788214684685,24.9555274836311
Truck_8,274.05393442716735,4,0,0.0,3.218028240772469,11.536355548320671,0,0.0,3.4497491150305564,12.54505345968397,30.749186363807667
Truck_4,270.384715491425,4,0,0.0,3.9861453272005747,19.146098562109273,0,0.28298788118371476,2.7150714922995576,9.6409007448882,35.77120400768132
Truck_1,267.78222468300504,4,0,0.0,5.007563031783036,17.68770563473015,0,1.7805739817728181,3.543837698664788,11.920772931313763,39.940453278264556
Truck_0,268.93661679735845,4,0,0.0,4.810615343600375,16.574808734062913,0,0.0,3.477906386896848,14.875353017104203,39.73868348166434
Truck_5,283.1089408601422,4,0,0.0,5.626460470497136,11.060455843065427,0,0.0,2.7163173236417038,11.107118541694717,30.510352178898984
Truck_7,278.17751711818426,4,0,0.0,5.556494915391966,12.234057714369726,0,0.0,3.380579216490162,14.752204788382187,35.92333663463404
Truck_9,287.93206829779604,4,0,0.0,6.059705673264148,13.138423942335749,0,0.0,2.7122598026766127,11.325447601954806,33.235837020231315
Truck_2,284.3322963293269,4,0,0.0,4.30654358966359,15.944316869052898,0,0.0,3.7504633761184323,14.425886180380019,38.42721001521494
Truck_3,295.0915112518561,4,0,0.0,3.9755357788496894,14.235410925778353,0,0.0,3.6548879663184266,10.824339088472527,32.690173759419
Truck_6,296.3850424760329,4,0,0.0,2.143963394286061,18.01066437662155,0,0.0,3.133733326820675,12.789381432997288,36.07774253072557
Truck_8,304.803120790975,5,0,0.0,5.207893237637393,15.722354390845055,0,0.0,2.586563240599048,9.546163761080606,33.0629746301621
Truck_1,307.7226779612696,5,0,0.0,4.298440227895867,14.768183372677697,0,0.0,3.0229311531504095,13.719654996340523,35.8092097500645
Truck_0,308.6753002790228,5,0,0.0,5.996877278404384,17.464572613164933,0,0.0,2.6799116356712602,9.793066408914399,35.934427936154975
Truck_4,306.15591949910635,5,0,0.0,4.671694645717253,16.891375217589484,0,0.600942297643428,3.709222496221173,14.056971884082543,39.93020654125388
Truck_5,313.61929303904117,5,0,0.0,3.135329040167278,19.2205755785414,0,0.0,3.1481347386689436,8.412093663570943,33.916133020948564
Truck_7,314.1008537528183,5,0,0.0,4.553543046289349,14.977384042621452,0,0.0,3.586587003806983,13.789435039376883,36.90694913209467
Truck_2,322.7595063445418,5,0,0.0,5.323551323039396,12.048171404515074,0,0.0,2.5753746412659666,10.378514771544246,30.325612140364683
Truck_9,321.16790531802735,5,0,0.0,4.143521713512428,18.133218502589273,0,0.0,1.3107483407301856,12.42503331861036,36.012521875442246
Truck_3,327.7816850112751,5,0,0.0,5.089314656121644,14.405086594829982,0,0.0,3.5042669176286267,8.757539442794666,31.75620761137492
Truck_6,332.46278500675845,5,0,0.0,5.596718889255328,10.915278053355621,0,0.0,2.9808405958942785,8.556532024977969,28.049369563483197
Truck_8,337.8660954211371,5,0,0.0,5.257127119271672,15.133457223015455,0,0.0,3.3502841525065037,10.726968579091192,34.46783707388482
Truck_1,343.5318877113341,5,0,0.0,4.283215115010705,10.239174355246291,0,0.0,2.6106652273541044,13.418229202166117,30.551283899777218
Truck_4,346.0861260403602,5,0,0.0,5.300091011426332,15.034704057947181,0,0.0,3.0440067698906432,8.702018619535181,32.08082045879934
Truck_0,344.60972821517777,5,0,0.0,5.372662386671152,12.507889194115307,0,0.0,2.888939660531662,13.703507014894058,34.47299825621218
Truck_5,347.53542605998973,5,0,0.0,5.903151845811976,13.615386221271933,0,0.0,2.044213666346991,13.11909211400814,34.68184384743904
Truck_2,353.0851184849065,5,0,0.0,3.5358732675242095,15.621846318329347,0,0.0,2.082460320868279,8.961954768025635,30.20213467474747
Truck_3,359.53789262265,5,0,0.0,3.730526711789935,11.863108088527099,0,1.6046449110850176,3.661349250360388,10.052187948786639,30.911816910549078
Truck_9,357.1804271934696,5,0,0.0,5.612162368586098,11.529173064533211,0,0.0,2.4144097074631645,13.751685370577206,33.30743051115968
Truck_7,351.00780288491296,5,0,0.0,5.752570695633267,17.913959802209433,0,0.0,3.690018553460959,13.651293115379872,41.00784216668353
Truck_6,360.51215457024165,6,0,0.0,5.918690839590681,19.72177605003037,0,0.0,1.736322015793803,9.396171803763195,36.77296070917805
Truck_4,378.16694649915956,6,0,0.0,3.289587916578853,12.81214424297093,1,1.4363367632237782,1.3933399325557048,8.19565075343553,27.127059608764796
Truck_1,374.0831716111113,6,0,0.0,5.372449103593738,12.989337566495522,0,0.0,2.459348914963641,10.435332726759043,31.256468311811943
Truck_8,372.33393249502194,6,0,0.0,5.033207222810006,15.636664496112417,0,0.0,2.701211207988763,13.57272037614473,36.943803303055915
Truck_0,379.08272647138995,6,0,0.0,4.182592336449147,10.228353837417103,0,1.4106345509080143,2.876653128270732,14.981061277133392,33.67929513017839
Truck_5,382.2172699074288,6,0,0.0,5.401777723354087,10.804842933471434,0,0.0,3.6293489789592286,14.182478267154579,34.01844790293933
Truck_9,390.4878577046293,6,0,0.0,5.876708556621168,12.161602222991917,0,0.0,3.7661742564366136,10.589534656976127,32.394019693025825
Truck_2,383.287253159654,6,0,0.0,5.6953258456160825,18.162463352258555,0,0.0,3.32758586879271,13.960208211297413,41.14558327796476
Truck_7,392.0156450515965,6,0,0.0,2.7892824385485255,15.593498978550372,1,1.893916271983585,3.3387827492688302,9.150001547356908,32.76548198570822
Truck_3,390.4497095331991,6,0,0.0,4.702923903818203,13.946496545537343,0,1.3734982437666758,2.986237973046684,11.394995562301517,34.40415222847042
Truck_6,397.2851152794197,6,0,0.0,5.1529670796196,16.01440301984985,0,0.0,3.194407777475817,8.240208860816836,32.601986737762104
Truck_1,405.33963992292325,6,0,0.0,3.659006593850677,11.203823996886001,0,0.0,3.210036537432188,8.109717578649622,26.18258470681849
Truck_0,412.76202160156834,6,0,0.0,3.9988080945693127,10.547733239056583,0,0.0,3.5688107521425536,11.703458995329072,29.81881108109752
Truck_4,405.29400610792436,6,0,0.0,4.825942892296894,15.637653657107478,0,0.0,3.435376783400386,14.358908865767148,38.257882198571906
Truck_8,409.27773579807786,6,0,0.0,5.790729840289998,16.8434276188176,0,0.0,3.437106094014439,14.530188074758428,40.601451627880465
Truck_5,416.2357178103681,6,0,0.0,5.793851883505283,14.953648251012623,0,0.0,3.3646681606430207,10.894662758115373,35.0068310532763
Truck_3,424.8538617616695,7,0,0.0,5.4045827189428906,13.688655656079959,0,0.0,1.4193111641711198,8.529478301946085,29.042027841140055
Truck_2,424.43283643761873,7,0,0.0,5.712478589851116,15.441685971754339,0,0.0,2.3626228509791645,10.618741301046043,34.13552871363066
Truck_6,429.8871020171818,7,0,0.0,3.058673515857265,15.040147638560484,0,0.0,1.673200476402826,9.533937019917005,29.30595865073758
Truck_9,422.8818773976551,7,0,0.0,6.051151616135144,18.083416341741838,0,0.0,3.5240172826665344,9.701633681826479,37.360218922369995
Truck_7,424.7811270373047,7,0,0.0,4.546630942599677,19.293340331019067,0,1.0380253370789205,2.3758653685203512,12.487669882826992,39.74153186204501
Truck_1,431.52222462974174,7,0,0.0,5.777590210550784,11.39753350009346,1,1.8431142978126331,3.5909348503746514,13.71828791225613,36.32746077108766
Truck_4,443.55188830649627,7,0,0.0,5.517698099691756,15.100566572361174,0,0.0,2.0360907138850166,11.562368201101947,34.216723587039894
Truck_0,442.58083268266586,7,0,0.0,3.9696195113911585,19.621753045230093,0,0.0,3.3679911864678616,9.250678753480543,36.210042496569656
Truck_3,453.8958896028096,7,0,0.0,3.0584034932282407,10.691205396718374,0,0.0,2.2410629233586974,12.044285524818235,28.034957338123547
Truck_8,449.8791874259583,7,0,0.0,5.067038279833298,15.122404933160794,0,0.0,3.384665215397092,12.331017647809972,35.90512607620116
Truck_2,458.5683651512494,7,0,0.0,5.414496380269327,11.018873868488186,0,0.0,1.8658296234172553,10.243786475463537,28.542986347638305
Truck_5,451.2425488636444,7,0,0.0,5.536900684781756,11.965999029353839,0,0.7947478479749748,3.681818661423904,13.9635524412069,35.94301866474137
Truck_9,460.2420963200251,7,0,0.0,3.2416309091940434,17.67606931104274,0,0.0,1.74586987902876,9.096153312770639,31.75972341203618
Truck_6,459.1930606679194,7,0,0.0,2.6598875050850097,16.67846935504349,0,0.0,2.042723446898492,14.866067638257448,36.24714794528444
Truck_7,464.5226588993497,7,0,0.0,2.8453586611408355,17.060877224022818,0,0.0,3.395127974963941,9.928132891344376,33.22949675147197
Truck_1,467.8496854008294,7,0,0.0,5.280816120363454,12.818862235332404,0,0.0,2.726061277461497,9.901435365477198,30.727174998634553
Truck_4,477.76861189353616,7,0,0.0,4.802984147688505,16.423482739474935,0,0.0,1.3779334140352262,10.015525777935864,32.61992607913453
Truck_0,478.7908751792355,7,0,0.0,4.49876654916028,15.59625351915031,0,0.0,3.410800769436264,8.193304666513313,31.699125504260167
Truck_5,487.1855675283858,8,0,0.0,3.2612255432968027,11.043484251275856,0,0.0,3.357490623869296,10.508994357566735,28.17119477600869
Truck_8,485.7843135021595,8,0,0.0,3.918601862530352,17.58856628746389,0,0.0,2.8989412355902573,8.585360704914763,32.99147009049926
Truck_3,481.9308469409331,8,0,0.0,6.231372738402456,19.69117242310773,0,0.0,2.8400290790113445,11.849880405547708,40.61245464606924
Truck_2,487.1113514988877,8,0,0.0,5.617228349430945,15.709989763937074,0,1.7518532754882585,3.1063081006977313,11.13567956490158,37.32105905445559
Truck_9,492.0018197320613,8,0,0.0,3.008701448049692,16.501602514845786,0,0.0,3.086732106474699,10.086661644776768,32.683697714146945
Truck_6,495.4402086132038,8,0,0.0,4.427898389036898,17.588859573602633,0,0.0,2.910689849812343,8.429279768114384,33.35672758056626
Truck_1,498.57686039946395,8,0,0.0,5.558053127955816,12.7477060845261,0,0.0,3.1193453660384876,9.526500375706746,30.95160495422715
Truck_7,497.7521556508217,8,0,0.0,5.956910917596076,13.890963423512346,0,2.4019349860542434,3.1376985976428386,10.871494181741355,36.25900210654686
Truck_4,510.3885379726707,8,0,0.0,4.266784387980522,14.080780102266658,0,0.0,3.488607899495719,12.210142018599072,34.04631440834197
Truck_0,510.4900006834957,8,0,0.0,6.013825777372801,19.955704223739644,0,0.0,3.809092232853459,10.328558645896692,40.1071808798626
Truck_5,515.3567623043945,8,0,0.0,5.668604058545384,16.597221280383337,0,0.0,3.5884413201447387,9.398824343510228,35.25309100258369
Truck_3,522.5433015870024,8,0,0.0,5.446500769237673,10.271898715267866,0,2.006921845953684,3.343386387659052,9.529884631406048,30.598592349524324
Truck_8,518.7757835926587,8,0,0.0,4.061224994474969,19.88025604634697,0,0.0,1.3200712232113574,12.411468768053055,37.67302103208635
Truck_9,524.6855174462082,8,0,0.0,4.714464907211664,17.854034457644048,0,0.0,3.197202458963943,9.77848346263579,35.544185286455445
Truck_2,524.4324105533433,8,0,0.0,6.056923964862449,17.160517338036016,0,0.0,3.6070637421086076,9.037629542874129,35.8621345878812
Truck_1,529.5284653536911,8,0,0.0,5.72503824023363,17.33065501126225,0,0.0,2.359422594381158,9.81260477638466,35.2277206222617
Truck_6,528.7969361937701,8,0,0.0,4.79398479101576,17.265371080140653,0,0.0,3.1178401839858907,11.965181707350666,37.14237776249297
Truck_7,534.0111577573686,8,0,0.0,3.917045294419381,18.3590906932302,0,0.0,2.9598335096575283,10.071155720376055,35.307125217683165
Truck_0,550.5971815633583,9,0,0.0,3.400684775129207,17.66016060315451,0,0.0,2.046449110234903,8.826640186735403,31.933934675254022
Truck_4,544.4348523810127,9,0,0.0,4.605584529751468,16.819668383222393,0,0.0,3.593240536436042,13.929488947412892,38.947982396822795
Truck_5,550.6098533069782,9,0,0.0,4.324242071612048,19.879657297322865,0,0.0,3.6541400464813023,11.006153854680633,38.86419327009685
Truck_3,553.1418939365267,9,0,0.0,5.494250320571496,19.940308324619423,0,0.0,1.4145727548950617,13.303846520452453,40.15297792053843
Truck_2,560.2945451412245,9,0,0.0,4.929864658481392,12.469284632349058,0,0.0,1.1035702307717656,14.813608699262659,33.316328220864875
Truck_8,556.4488046247451,9,0,0.0,5.835022728812191,18.251089026979685,0,0.0,3.655544493949833,12.81725953191733,40.55891578165904
Truck_9,560.2297027326637,9,0,0.0,5.961043936481246,16.25841949074072,0,0.0,3.2572258223547124,13.855050363674309,39.33173961325099
Truck_7,569.3182829750517,9,0,0.0,4.553153236143089,13.956799891180026,0,0.0,1.8461206415423703,10.805829746051927,31.161903514917412
Truck_6,565.939313956263,9,0,0.0,5.407614210337897,15.38757339293602,0,0.0,3.1957817029891658,11.614796361616413,35.605765667879496
Truck_1,564.7561859759528,9,0,0.0,4.329465895033991,18.919875064394546,0,1.668829808535861,2.2799443338191168,10.683836729372501,37.881951831156016
Truck_0,582.5311162386123,9,0,0.0,4.506159084860315,10.718543536827383,0,0.0,2.5362208467763594,12.404715004242234,30.16563847270629
Truck_4,583.3828347778355,9,0,0.0,2.9361119057384713,19.281793699668583,0,0.0,1.50273038714829,10.477262607713442,34.197898600268786
Truck_5,589.474046577075,9,0,0.0,4.944862219072547,16.575397461903776,0,0.0,2.922301656629088,9.632665275340742,34.07522661294615
Truck_8,597.0077204064041,9,0,0.0,5.2518918293967545,15.275287592568134,0,0.0,3.2627383298827226,10.850214012979677,34.64013176482729
Truck_2,593.6108733620894,9,0,0.0,5.597440809128443,16.888831606185704,0,0.0,1.8692564726677574,14.270245157956651,38.625774045938556
Truck_3,593.2948718570651,9,0,0.0,5.76153242580142,19.733431191012187,0,0.0,1.3152137361300902,14.101796074758113,40.91197342770181
Truck_6,601.5450796241425,10,0,0.0,4.852970358406196,13.211122768511132,0,0.49587645894894194,2.084688034660985,12.206605927536089,32.85126354806334
Truck_7,600.4801864899691,10,0,0.0,3.582535835290969,17.404967894589163,0,0.7220470248205402,3.3973365080897793,9.668280838352985,34.775168101143436
Truck_9,599.5614423459147,9,0,0.0,4.933872648067791,16.77866744533253,0,0.0,3.6906581897829938,12.1712184597626,37.574416742945914
Truck_0,612.6967547113186,10,0,0.0,2.9101752415974715,11.889725039607129,0,0.0,3.4353128672217963,10.22214902052724,28.457362168953637
Truck_1,602.6381378071088,10,0,0.0,5.319636047569816,18.162924115137685,0,0.0,3.2480151193974507,13.909362169778774,40.639937451883725
Truck_5,623.5492731900212,10,0,0.0,3.318081317225051,16.351321518141276,0,0.0,3.6193666142320353,8.112422238542194,31.401191688140557
Truck_4,617.5807333781042,10,0,0.0,6.053330717085714,13.168001282588307,0,0.0,3.396627338395774,14.945947667808127,37.56390700587792
Truck_7,635.2553545911126,10,0,1.4627279870069287,3.3085841293672047,12.803232985058003,0,0.5088305353986016,2.7723235146353318,9.901908522610825,30.757607674076894
Truck_3,634.2068452847669,10,0,0.0,3.5663423958055773,12.424087338240497,0,0.0,3.1414552091302994,13.383123349803782,32.515008292980156
Truck_2,632.2366474080279,10,0,0.0,4.5870973480989505,14.615921106551696,0,0.0,3.8021838074710104,12.927919449173828,35.933121711295485
Truck_8,631.6478521712314,10,0,0.0,5.070230406888072,16.333225083083335,1,2.1905420089467498,2.102806959240297,12.45973349078281,38.15653794894126
Truck_6,634.3963431722059,10,0,0.0,4.394677195334566,15.681183168480402,1,1.6388502065577768,2.722196445363238,13.53959342086955,37.976500436605534
Truck_9,637.1358590888606,10,0,0.0,5.6560699111829535,11.716448040377372,2,2.836279588968978,3.0947540968519434,14.734853712052086,38.03840534943333
Truck_0,641.1541168802722,10,0,0.0,3.943295749948561,11.462253159320994,1,2.2735843984000894,3.162229009574503,13.303736159052733,34.14509847629688
Truck_1,643.2780752589925,10,0,0.0,6.1423254972469294,16.631014835356723,0,0.0,3.1799014212734846,12.86891350312817,38.822155257005306
Truck_4,655.1446403839822,10,0,0.0,4.000036717708213,12.661202613447813,0,0.0,3.580687661698903,11.015716045767931,31.25764303862286
Truck_5,654.9504648781617,10,0,0.0,5.147621618931225,12.429367857429156,0,0.0,2.5972050437875396,12.89088946157733,33.06508398172525
Truck_2,668.1697691193234,11,0,0.0,3.854832984935001,12.008603764889017,0,0.0,1.6193520350534527,13.760112008920146,31.242900793797617
Truck_3,666.7218535777471,11,0,0.0,3.78387745199052,16.665338998154766,0,0.0,2.0388743927942414,12.218696274842841,34.70678711778237
Truck_7,666.0129622651895,11,0,0.0,5.931233829376197,18.330413334653713,0,0.0,3.5642159183649937,8.19055283701448,36.01641591940938
Truck_8,669.8043901201727,11,0,0.0,6.156375125304976,11.050525018468193,0,0.0,2.6471826099520968,12.95271994662437,32.806802700349635
Truck_9,675.1742644382939,11,0,0.0,4.864742180190433,12.304236863922938,0,0.0,3.7248966058059523,14.04616740147219,34.94004305139151
Truck_6,672.3728436088114,11,0,0.0,3.9932479636926246,19.363558981915844,0,0.0,3.345000107525948,11.96536227800027,38.66716933113469
Truck_0,675.2992153565691,11,0,0.0,4.782444384054656,18.817234583736763,0,0.0,1.6241628073443053,10.921099104688437,36.14494087982416
Truck_1,682.1002305159979,11,0,0.0,6.043053250547473,17.223452643209498,0,0.0,3.4876289423523303,10.029270682358856,36.78340551846816
Truck_1,0.0,0,0,0.0,4.9270042789079325,10.962486889238924,0,0.0,3.5954221748222146,13.91963056042733,33.4045439033964
Truck_3,0.0,0,0,0.0,5.38422185058402,13.63665709616619,0,0.0,2.0587095935892847,14.754498416881937,35.83408695722143
Truck_4,0.0,0,0,4.9270042789079325,4.994722705657094,12.780714704059946,0,0.0,2.1834788640822786,12.105795094406144,36.991715647113395
Truck_2,0.0,0,0,0.0,5.364729707580528,16.94928790432843,0,0.0,3.4102313885521554,11.480998576605565,37.20524757706668
Truck_5,0.0,0,1,5.0712809030706305,5.464815480462991,13.125470993013998,0,1.2243531761596316,2.945360238342527,10.277654468776774,38.10893525982655
Truck_0,0.0,0,0,0.0,5.0712809030706305,18.7994298802614,1,1.8535382171290848,2.584906652833954,9.93475727640715,38.24391292970222
Truck_8,0.0,0,4,9.921726984565026,6.013114501824765,10.989825894197056,0,0.9066134104629313,1.8710830227828765,9.095762593053614,38.79812640688627
Truck_7,0.0,0,3,5.38422185058402,4.967083113923105,17.441477033246397,1,0.5163736555415461,3.7087407584782817,9.847763080175056,41.865659491948406
Truck_9,0.0,0,5,10.351304964507126,3.2432500897206857,17.57371395898989,0,0.8496273985556471,3.711126294014619,9.07096225793643,44.7999849637244
Truck_6,0.0,0,2,5.364729707580528,6.114859006787249,19.163347801687287,0,0.0,2.6261057915965367,14.758400328959254,48.02744263661086
Truck_1,33.4045439033964,0,0,0.0,5.942062610650595,12.063073617469051,0,0.0,3.5174598865130235,9.578176694427846,31.100772809060516
Truck_3,35.83408695722143,0,0,0.0,5.544505633269175,10.934898326073984,0,0.0,2.0756380315156164,12.49871109223492,31.053753083093696
Truck_5,38.10893525982655,0,0,1.2376712542204444,5.170267750114604,13.030292351396987,0,0.19023259175097706,2.1136163633279494,10.216940136441778,31.95902044725274
Truck_2,37.20524757706668,0,0,0.0,4.837563248893289,14.845200835499085,0,0.0,3.7266066365354433,9.89561719606489,33.30498791699271
Truck_4,36.991715647113395,0,0,0.0,5.144962732044803,11.732626080892771,0,0.5198244880292364,3.348270259229359,14.987169805986625,35.732853366182795
Truck_7,41.865659491948406,0,1,0.2710188872097916,3.78221961729831,13.74452840515287,0,0.18758916902813638,2.476170167575077,14.029885890515118,34.4914121367793
Truck_9,44.7999849637244,0,0,0.0,6.146291485408575,15.425290767981998,0,0.0,3.4774066663187853,8.103727527590877,33.152716447300236
Truck_8,38.79812640688627,0,2,3.2446844190736996,3.8107213963993516,18.302782772817466,0,0.0,3.671029612202929,10.637715816909605,39.66693401740305
Truck_0,38.24391292970222,0,1,3.134679660788386,5.449507171784141,15.572164397330958,0,0.0,3.483586535440587,13.797624790007006,41.43756255535108
Truck_6,48.02744263661086,0,0,0.0,4.507939442438975,15.568997581080218,0,0.0,3.5024891783073855,12.934354584105748,36.513780785932326
Truck_1,64.50531671245692,1,0,0.0,5.357710765703089,14.043081375946215,0,0.0,2.396902593007596,14.314749793193599,36.1124445278505
Truck_5,70.06795570707929,1,0,0.0,6.041819382939778,10.444208517887162,0,0.0,2.133001556570676,12.782365929598797,31.401395386996413
Truck_3,66.88784004031513,1,0,0.0,4.759658667880402,18.409351233133563,0,0.0,1.6651357191746285,13.933859099128242,38.768004719316835
Truck_7,76.35707162872771,1,0,0.0,3.8286687027510027,12.820351432586492,0,0.0,2.571063930988359,14.01996141879087,33.240045485116724
Truck_0,79.6814754850533,1,0,0.0,4.732424841468102,11.364984030255528,0,1.3340942516765892,3.783428958555774,8.751577583721257,29.96650966567725
Truck_4,72.72456901329619,1,0,0.0,3.623163926085766,16.94019924806068,0,0.0,3.8250464210108817,13.551156120738398,37.939565715895725
Truck_9,77.95270141102463,1,0,0.0,5.085066110630422,14.819665265413207,0,1.1143257489970608,2.603209878476349,10.546527916061251,34.16879491957829
Truck_8,78.46506042428932,1,0,0.0,5.9395519348545065,11.086291849470726,0,0.0862514864390107,3.3946028410117606,13.71634334267955,34.223041454455554
Truck_6,84.54122342254318,1,0,0.0,3.044549916025403,19.086407071673406,0,0.0,2.714050984789253,12.773776907884269,37.61878488037233
Truck_1,100.61776124030742,1,0,0.0,5.2896241705439735,13.041991005656541,0,0.0,2.1877067893285442,8.344983747170815,28.864305712699874
Truck_5,101.4693510940757,1,0,0.0,6.050523276015056,15.955026481892702,0,0.0,3.625974084421628,10.217652226076638,35.849176068406024
Truck_0,109.64798515073055,1,0,0.0,3.7578264705584843,13.779773778691535,0,0.0,2.656054631803414,10.054043561532353,30.247698442585786
Truck_3,105.65584475963196,1,0,0.0,6.2336835309214536,11.807655592392265,0,0.0,3.327226293545692,13.573606289679034,34.942171706538446
Truck_7,109.59711711384443,1,0,0.0,6.206343013951582,14.1158844757541,0,0.0,3.232074950777502,10.921869694419456,34.47617213490264
Truck_4,110.66413472919191,1,0,0.0,3.2665825596260873,18.150914753330923,0,0.0,3.1920891892635836,9.250069189310778,33.85965569153137
Truck_9,112.12149633060292,1,0,0.0,4.769854157038452,16.229718712792646,0,0.03035035389359564,3.592614073418787,8.48113203164499,33.10366932878847
Truck_2,70.51023549405939,1,0,0.0,3.649766222829683,18.36808356244741,0,0.0,2.9857788990011898,8.813316773347566,79.6139701697701
Truck_8,112.68810187874487,1,0,0.7177097425441588,3.5663287163178694,19.792589260720803,0,0.0,3.250795054979392,13.444833510582725,40.77225628514495
Truck_6,122.16000830291551,2,0,0.0,4.561477688086029,17.002051002966653,0,0.0,1.9958246854636457,8.896053987590733,32.45540736410706
Truck_1,129.4820669530073,2,0,0.0,4.306693744171952,11.65156855250899,0,0.0,2.6762898446609995,13.91520353132492,32.54975567266686
Truck_5,137.31852716248173,2,0,0.0,5.384348983998706,15.425392685508172,0,0.0,3.5717386605844297,11.86304468201692,36.24452501210823
Truck_9,145.2251656593914,2,0,0.0,5.69080857671986,10.254376718009809,0,0.0,2.866084712002049,10.372513063861817,29.183783070593535
Truck_4,144.5237904207233,2,0,0.0,2.680399619089968,17.906485589205346,0,0.09159085006299961,1.4657499499717517,9.721340849180848,31.865566857510913
Truck_7,144.07328924874707,2,0,0.0,4.960976984819581,13.020794102320934,0,1.9813753302355224,3.4072190479149924,9.811918413189147,33.18228387848018
Truck_0,139.89568359331633,2,0,0.0,3.145133131932539,18.54900075632412,0,0.11019001100004289,3.502258986508565,13.36360614082625,38.670189026591515
Truck_3,140.5980164661704,2,0,0.0,5.3554393831667255,19.819579109392663,0,0.8949814703235575,3.1319898651234155,9.628126538409248,38.83011636641561
Truck_8,153.46035816388982,2,0,0.0,4.959835836657788,14.790043055893761,0,0.0,2.4602775506396313,9.883971227100403,32.094127670291584
Truck_2,150.12420566382949,2,0,0.0,2.6349105735669696,19.87986133872562,0,0.0,3.1583298029354125,14.211792846475078,39.88489456170308
Truck_6,154.61541566702257,2,0,0.0,5.6338868960448,17.81401535485071,0,0.0,3.3213915182682285,12.668559514951085,39.43785328411482
Truck_1,162.03182262567415,2,0,0.0,5.072038283848968,19.621503792901166,0,0.0,2.2334873095248327,14.893035505384319,41.820064891659285
Truck_9,174.40894872998493,2,0,0.0,6.136235880115862,14.396025619846938,0,0.0,2.5143216149631655,13.378176866271133,36.4247599811971
Truck_4,176.3893572782342,2,0,0.0,5.382361647916838,18.378422202695504,0,0.0,1.8409401203808784,9.63529585789206,35.23701982888528
Truck_3,179.42813283258602,2,0,1.1170517775147744,4.98266843086293,11.604019906193969,1,2.616012380397734,1.4478605699455045,10.79942737326266,32.56704043817757
Truck_0,178.56587261990785,2,0,0.0,5.163957580652408,12.33954656904396,0,0.0,3.7449068772834266,13.088814606970942,34.33722563395074
Truck_5,173.56305217458996,2,0,0.0,4.205174881177157,19.23832209145411,0,0.44898269768967225,2.292353482644529,14.172064645445886,40.35689779841135
Truck_7,177.25557312722725,2,0,0.0,5.871207010803289,17.690116662006346,0,0.37884909746404105,2.259980639983411,12.752534669302321,38.95268807955941
Truck_8,185.5544858341814,3,0,0.0,5.410334327856276,15.394849942917773,0,0.0,2.949343852405832,9.616664955562754,33.371193078742635
Truck_2,190.00910022553256,3,0,0.0,4.859515558867628,11.391560249200836,0,0.0,3.6619704321379913,13.64845119100741,33.561497431213866
Truck_6,194.0532689511374,3,0,0.0,5.184041813724178,10.741764147602197,0,0.0,2.8229796709868253,14.925386597061447,33.67417222937465
Truck_1,203.85188751733344,3,0,0.0,5.9681720031457814,12.191978039963033,0,0.0,1.7724809810571287,13.878393410734077,33.81102443490002
Truck_0,212.9030982538586,3,0,0.0,4.008991398087375,10.32125400425221,0,0.0,3.0223600623764355,10.874095617870523,28.226701082586544
Truck_9,210.83370871118203,3,0,0.0,4.963619241740162,12.572675924394076,0,1.3843699378639087,2.360544239488746,9.343224684473313,30.624434027960206
Truck_3,211.9951732707636,3,0,0.0,3.4378591914679077,10.845293217344704,0,0.0,3.4760481356039747,12.344769773132043,30.10397031754863
Truck_4,211.62637710711948,3,0,0.0,4.554448866922257,16.384055626732504,0,0.0,2.855224065301229,10.935404319465022,34.72913287842101
Truck_5,213.9199499730013,3,0,1.513082489230186,6.195508213955321,15.98070787235838,0,0.0,3.5582692870259507,11.016518727853253,38.26408659042309
Truck_8,218.92567891292404,3,0,0.0,5.119223137153483,13.75043106860349,0,0.0,3.490537906712518,11.451386783787285,33.811578896256776
Truck_2,223.57059765674643,3,0,0.0,3.5446156621142393,14.843152545971776,0,0.0,2.758956052532824,8.601418632551372,29.74814289317021
Truck_7,216.20826120678666,3,0,0.0,5.421968168632361,18.99854095078817,0,0.538747509363958,3.4381406361489155,11.178283526812578,39.57568079174598
Truck_6,227.72744118051205,3,0,0.0,4.605602524280954,15.913925750229197,0,0.0,2.7326628283210255,14.778679906412549,38.030871009243725
Truck_9,241.45814273914223,4,0,0.0,6.006384986800867,10.862345375847525,0,0.0,3.393076237989362,9.115852223436491,29.377658824074246
Truck_3,242.09914358831222,4,0,0.0,5.9299899161335645,14.44494811507866,0,0.0,1.7783334642301725,8.26468949430722,30.417960989749616
Truck_0,241.12979933644513,4,0,0.0,5.232819537008481,18.379316971883867,0,0.0,1.939948208454723,8.54896790495252,34.10105262229959
Truck_1,237.66291195223346,3,0,0.0,2.9490118750284466,19.330958368813725,0,0.0,2.2000572590065985,14.21872706995191,38.69875457280068
Truck_5,252.1840365634244,4,0,0.0,5.005442375777875,11.565526976419847,0,0.0,3.3296280729949217,8.299328918135359,28.199926343328002
Truck_4,246.3555099855405,4,0,0.0,4.234465990343466,18.28352698388224,0,0.0,3.0982069003576953,13.591426432657784,39.207626307241185
Truck_8,252.73725780918082,4,0,0.0,4.368065850080114,15.039123646862947,0,0.0,3.365081766070432,12.048032085515104,34.8203033485286
Truck_7,255.78394199853264,4,0,0.0,5.692058099890772,13.89401778794354,0,0.13951118582735944,1.9484228915005701,11.409163938494771,33.08317390365701
Truck_2,253.31874054991664,4,0,0.0,5.37900763486067,16.25881352411841,0,0.0,2.369849946658519,12.961641238765765,36.96931234440336
Truck_6,265.75831218975577,4,0,0.0,2.7474534412095295,15.67092510270328,0,0.0,3.357874364910174,9.40717739968295,31.183430308505933
Truck_9,270.8358015632165,4,0,0.0,5.633935800741597,10.729069995645943,0,0.0,3.634218247229228,12.815557958878458,32.812782002495226
Truck_0,275.2308519587447,4,0,0.0,3.8455250673054024,13.291005970744152,0,0.0,2.0018901755365732,14.452219930915078,33.590641144501205
Truck_3,272.51710457806183,4,0,0.0,6.140894141571778,16.745414277679515,0,0.0,3.6822457572806684,11.47542912082855,38.04398329736051
Truck_1,276.36166652503414,4,0,0.0,4.93119061060969,16.004593527613793,0,0.0,3.365826384569914,12.893664439355973,37.19527496214937
Truck_4,285.5631362927817,4,0,0.0,5.853537485477716,11.764473235583466,0,0.0,3.5809094724421016,8.146007809372861,29.344928002876145
Truck_2,290.28805289432,4,0,0.0,4.635745069975826,14.853503226993894,0,0.0,3.500456909374236,8.0537105245632,31.043415730907157
Truck_5,280.3839629067524,4,0,0.0,6.224429602253338,18.821281087750776,0,0.0,1.9643432736380078,14.276664279548186,41.28671824319031
Truck_7,288.86711590218965,4,0,0.0,4.038939221151168,13.461861860058491,0,0.3941395028856505,3.1028173836867268,14.442371681477596,35.44012964925963
Truck_8,287.5575611577094,4,0,0.0,6.204888876048756,18.329077592178464,0,0.0,3.6241031927584686,13.139884990492362,41.29795465147805
Truck_6,296.9417424982617,4,0,0.0,6.149400710927296,10.958260751779221,0,0.0,2.5117775809355862,13.78847426514244,33.40791330878454
Truck_9,303.6485835657117,5,0,0.0,5.51380145099381,13.779556677914286,0,0.0,3.4079920806908035,10.542167241999039,33.24351745159794
Truck_0,308.8214931032459,5,0,0.0,3.1820686535547793,10.81854142506694,0,0.0,3.514622325095445,11.526687635635767,29.04192003935293
Truck_4,314.9080642956578,5,0,0.0,6.197317483066115,10.661117267385464,0,0.0,3.2579621553609854,9.45446500977522,29.570861915587784
Truck_3,310.56108787542234,5,0,0.0,2.4192653576184853,19.174929568521236,0,1.9064209407598582,2.1359374896945837,10.51811341615371,36.15466677274787
Truck_1,313.5569414871835,5,0,0.0,3.634185857706825,13.244846623349474,0,0.0,3.6257297740821173,12.924947912110213,33.42971016724863
Truck_5,321.6706811499427,5,0,0.0,6.2217471853576285,10.58057143106629,0,0.0,3.3600579263566033,12.204555397786578,32.3669319405671
Truck_7,324.3072455514493,5,0,0.0,5.852792330908926,14.88272617878556,0,0.0,3.320603009868762,10.792843322969134,34.84896484253238
Truck_2,321.33146862522716,5,0,0.0,4.718098678624415,19.794489232149033,0,0.0,3.629085553296136,11.942378335911144,40.08405179998073
Truck_8,328.85551580918747,5,0,0.0,4.26574845528296,12.966206354907456,0,2.275896451634651,2.5711930864989654,10.584586317802405,32.66363066612644
Truck_6,330.34965580704625,5,0,0.0,5.1120290652730205,16.439570061578536,0,0.0,3.750148513628119,12.276814976678338,37.57856261715801
Truck_9,336.89210101730964,5,0,0.0,6.182258439270129,16.388353179006458,0,0.0,2.478697540024598,12.217401325694823,37.26671048399601
Truck_0,337.86341314259886,5,0,0.0,4.819972124373123,14.31399897216238,0,0.0,3.7277473875172973,14.012099462527374,36.873817946580175
Truck_4,344.4789262112456,5,0,0.0,4.065912170169668,14.970700222519383,0,0.0,3.2131115074691365,10.968152280959544,33.21787618111773
Truck_3,346.7157546481702,5,0,0.0,6.194501040160617,11.903495380802951,0,0.0,3.170295328780014,10.025157473781633,31.293449223525215
Truck_1,346.98665165443214,5,0,0.0,4.964368066782299,19.811456469954805,0,0.0,1.5616294743031176,9.657274629799588,35.99472864083981
Truck_5,354.0376130905098,5,0,0.0,5.699171566210964,11.036481801863488,0,0.0,2.4819074032943718,10.717858148368123,29.935418919736946
Truck_8,361.5191464753139,6,0,0.0,3.195621918316533,13.031604779123938,0,0.0,3.7809153392573194,10.536704140006748,30.54484617670454
Truck_7,359.15621039398167,5,0,0.0,5.427570952658016,10.65508333763728,0,0.0,3.508251503189456,14.086269724474448,33.6771755179592
Truck_2,361.4155204252079,6,0,0.0,5.980616548698208,17.076970461686983,0,0.0,3.0813323615199124,12.035424316439162,38.174343688344266
Truck_6,367.92821842420426,6,0,0.0,3.176576642409316,17.623013426227317,0,0.0,3.8129814777237243,11.29897325476503,35.91154480112539
Truck_0,374.73723108917903,6,0,0.0,3.1964717308783293,15.483873418288624,0,0.0,2.5268433872869878,11.137026313283343,32.344214849737284
Truck_9,374.15881150130565,6,0,0.0,5.305209709226972,12.788406433254067,0,0.0,3.7084792600950323,12.415624437589827,34.2177198401659
Truck_1,382.98138029527195,6,0,0.0,3.7465631892110878,18.385803449315745,0,0.14998436747146116,1.5901285658580946,8.92514159652228,32.79762116837867
Truck_3,378.00920387169543,6,0,0.0,4.45120225463188,17.416591840041633,0,0.0,3.1180833865031445,13.257498801241411,38.24337628241807
Truck_4,377.69680239236334,6,0,0.0,5.881926451190282,18.44167478806247,0,0.0,3.2433276696541498,11.301063505727598,38.8679924146345
Truck_5,383.97303201024675,6,0,0.0,6.101144340394399,14.548250424609705,0,0.0,3.6805368822533637,12.475970929835512,36.80590257709298
Truck_2,399.58986411355215,6,0,0.0,4.479094730598092,15.520248306268911,0,0.0,2.5563675134458776,11.31041784055958,33.86612839087246
Truck_6,403.83976322532965,6,0,0.0,6.185602597093066,12.597546122187396,0,0.0,2.061262873838018,13.858581421708095,34.702993014826575
Truck_9,408.37653134147155,6,0,0.0,5.8077467610567055,11.017771221571593,0,0.0,2.269736888833336,14.27709517352531,33.372350044986945
Truck_0,407.0814459389163,6,0,0.0,3.226860164408947,19.290518069948746,0,0.0,1.721106525061657,12.498823302260575,36.737308061679926
Truck_5,420.77893458733973,7,0,0.0,4.992691266573274,10.260929019250966,0,0.0,3.7818966893247534,10.476587943919867,29.51210491906886
Truck_3,416.2525801541135,6,0,0.0,5.8662559247993045,15.84399363451405,0,0.0,3.591583024344118,9.089529253832268,34.39136183748974
Truck_4,416.56479480699784,6,0,0.0,5.621654812162319,17.843141493133146,0,1.3657653706053452,2.585484607730905,9.517292165430149,36.933338449061864
Truck_1,415.7790014636506,6,0,0.0,5.016527425100946,17.943453997375684,0,1.0754686763614814,1.580904920409921,14.89222382066157,40.5085788399096
Truck_2,433.4559925044246,7,0,0.0,3.4606024382244414,12.941071034585832,0,0.0,3.0071354187685984,13.397480308913885,32.806289200492756
Truck_9,441.7488813864585,7,0,0.0,5.69688112828635,16.02073296233789,0,0.0,2.676293822964851,8.22097025713623,32.61487817072532
Truck_6,438.5427562401562,7,0,0.0,6.00435502709189,17.643336767606456,0,0.0,2.62443962204037,10.293320488393704,36.56545190513242
Truck_0,443.81875400059624,7,0,0.0,5.196648197111017,17.346736374932277,0,0.0,3.2898031911249745,13.96618911287436,39.79937687604263
Truck_8,392.06399265201844,6,0,0.0,5.485964073333207,11.897835162688864,0,0.0,3.0976330055622157,12.860788806654,91.75523356920127
Truck_7,392.83338591194087,6,0,0.0,6.159942994810194,14.163106696753346,0,0.0,2.4795791088865826,8.839126876575165,91.62648306213521
Truck_3,450.64394199160324,7,0,0.0,6.2283232966910305,11.529798279293402,0,1.2498781961768373,3.2314849034231656,11.61681401129647,33.856298686880905
Truck_4,453.4981332560597,7,0,1.159227093785944,4.3890444196200065,14.868084022782455,0,1.706253305252801,3.535215184448532,8.064511064473947,33.722335090363686
Truck_5,450.2910395064086,7,0,0.0,4.366320843437052,17.42876561854456,0,0.0,3.552435564117843,11.731219040169094,37.07874106626855
Truck_1,456.2875803035602,7,0,0.0,3.9594676293873476,17.782077017585777,0,0.0,3.695817500674764,13.99678779660917,39.43414994425706
Truck_2,466.26228170491737,7,0,0.0,5.866506579312329,19.18311026188195,0,0.0,1.9861125786370621,10.18756277409932,37.22329219393066
Truck_9,474.3637595571838,7,0,0.0,5.716592625620478,16.176957928502418,0,0.0,3.004881057865191,9.648939416064081,34.54737102805217
Truck_6,475.10820814528864,7,0,0.0,2.506762398763442,16.21439614064957,0,0.0,3.2955794993151812,13.399704727054257,35.41644276578245
Truck_3,484.50024067848415,8,0,0.0,3.54367636827277,10.778344194959686,0,0.0,2.839825374387317,11.125548077417193,28.287394015036966
Truck_8,483.8192262212197,8,0,0.0,5.5875115098564265,10.839711029434113,0,0.0,3.8136839554640574,11.2175618347012,31.458468329455798
Truck_7,484.4598689740761,8,0,0.0,5.690924143349321,16.504115312214424,0,0.0,2.9585465284145016,9.208286005317007,34.36187198929525
Truck_4,487.2204683464234,8,0,0.8234487003335289,2.7007607487070686,16.885361039413,0,1.983416123177335,2.4592480532884906,10.19104770872002,35.04328237363944
Truck_0,483.6181308766389,8,0,0.0,5.1875702159646835,18.019224992392992,0,0.0,3.094790892008348,12.756431872341295,39.05801797270732
Truck_5,487.36978057267714,8,1,1.4359205199264125,3.5910419776045615,18.936026717345158,0,0.0,3.190368195574365,12.291352017175882,39.44470942762638
Truck_1,495.7217302478173,8,0,0.0,4.700184029756201,17.787701497521766,0,0.0,3.769676432533174,10.83938208551399,37.09694404532513
Truck_9,508.911130585236,8,0,0.0,5.627651262724669,12.25805387606897,0,0.0,2.2124748028994645,10.118721013373602,30.216900955066706
Truck_2,503.48557389884803,8,0,0.0,5.084483790901004,16.12822561061165,0,0.0,2.0732387399555137,12.79107180986739,36.07701995133556
Truck_3,512.7876346935211,8,0,0.0,4.755009791304474,10.193781264621975,0,0.0,2.7332184448989665,13.979797203214048,31.661806704039464
Truck_6,510.5246509110711,8,0,0.0,6.0887013896156645,17.99441712811017,0,0.0,3.4687380635967884,8.374608431980278,35.9264650133029
Truck_7,518.8217409633713,8,0,0.0,4.13703285710767,12.166094335503317,0,0.0,3.13308576591578,9.64215737801942,29.078370336546186
Truck_8,515.2776945506755,8,0,0.0,5.46272685051656,15.79524787172977,0,1.5408382194718797,2.742853040975433,8.992843793203633,34.53450977589728
Truck_5,526.8144900003035,8,0,0.0,5.691373330219221,10.077011091524469,0,0.0,1.7789578057685276,11.455945442614393,29.00328767012661
Truck_4,522.2637507200628,8,0,0.0,4.839892702956263,12.259427722278815,0,0.0,3.1377702173924717,14.537909584196541,34.77500022682409
Truck_0,522.6761488493462,8,0,0.0,5.792742542289261,15.18415833907784,0,0.0,3.6400573470039035,10.932011758597923,35.54896998696893
Truck_9,539.1280315403027,8,0,0.0,4.706160129078057,14.960260624940702,0,0.0,2.20652188270617,9.282115752332288,31.155058389057217
Truck_1,532.8186742931424,8,0,0.0,4.681769752116793,19.447511059793214,0,0.0,3.3681091843111517,12.799747810461099,40.29713780668226
Truck_2,539.5625938501836,8,0,0.0,6.023319916587752,18.99138262003669,0,0.0,3.604335244401909,10.51686849063185,39.1359062716582
Truck_8,549.8122043265728,9,0,0.0,4.272170372051164,12.77894278798999,0,0.0,1.8139435483868738,13.574957167206321,32.44001387563435
Truck_3,544.4494413975606,9,0,0.0,5.834488297689518,18.64343426982225,0,0.0,3.79324694948275,9.93243114465838,38.2036006616529
Truck_6,546.451115924374,9,0,0.0,6.030248088201915,16.942277701327953,0,0.0,1.8896698570802073,11.926395795287817,36.78859144189789
Truck_5,555.8177776704301,9,0,0.0,5.894785279883877,10.351790717627068,0,0.6562572466140182,3.4859316138979466,10.755176157573146,31.143941015596056
Truck_7,547.9001112999175,9,0,0.0,3.952677300372784,19.15178706394613,0,0.30873590674764273,3.5888084207207385,13.75397647327884,40.755985165066136
Truck_0,558.2251188363151,9,0,0.0,4.467081601647806,10.373718799860967,0,1.8362007538809166,3.2454441582688105,14.83449372504083,34.75693903869933
Truck_4,557.0387509468869,9,0,0.0,3.7651853578450982,19.394546607141024,0,0.0,3.641403441031798,12.188723689010885,38.989859095028805
Truck_9,570.2830899293599,9,0,0.0,5.997305577385987,15.089299262960594,0,0.0,2.7671663075483366,11.769136826324143,35.62290797421906
Truck_1,573.1158120998247,9,0,0.0,5.430755490703859,14.740138621575284,0,0.0,2.746172277149526,13.85236671517157,36.76943310460024
Truck_2,578.6985001218418,9,0,0.0,5.949861917462044,13.308835654002792,0,0.0,2.1062732944176332,10.454866839671695,31.819837705554164
Truck_8,582.2522182022071,9,0,0.0,4.462362389486998,11.612108756137332,0,0.0,2.1181527875043002,12.165376912832926,30.358000845961556
Truck_6,583.2397073662719,9,0,0.0,3.621306958816149,15.670275474863956,0,0.0,3.4069277858203577,11.102936877284947,33.80144709678541
Truck_5,586.9617186860262,9,0,0.0,5.989903210351713,15.85880832413443,0,0.0,1.8128763725778754,11.622195852586287,35.283783759650305
Truck_3,582.6530420592135,9,0,0.0,3.7155796533917282,19.105795473898183,0,0.0,2.383567292504722,14.95313910073321,40.158081520527844
Truck_0,592.9820578750144,9,0,0.0,5.196788720655945,12.407178392450533,0,0.037281604969280124,2.5816653657967663,10.235751687584525,30.45866577145705
Truck_7,588.6560964649836,9,0,0.0,2.6283218848132037,17.96909538331124,0,0.0,3.076042394028491,12.459989505386147,36.133449167539084
Truck_4,596.0286100419157,9,0,0.0,6.138547260024552,18.6438501804231,0,0.0,2.6805131235061026,9.050875242614211,36.51378580656797
Truck_2,610.518337827396,10,0,0.0,5.9544301634784915,10.69134437885657,0,0.0,2.5844716942177683,8.54824307742581,27.77848931397864
Truck_9,605.905997903579,10,0,0.0,3.726620869292219,17.011630543045044,0,0.0,2.8683896309112242,9.768551926731789,33.375192969980276
Truck_1,609.8852452044249,10,0,0.0,5.759903124150242,13.315072560430053,0,0.5524180578222513,1.5686623465079492,12.313154311997323,33.50921040090782
Truck_6,617.0411544630573,10,0,0.0,5.706522676993018,15.702008997067423,0,0.0,3.482193453972627,10.967172354756372,35.85789748278944
Truck_8,612.6102190481687,10,0,0.0,5.734015926840357,19.93578776829429,0,0.0,3.4801727401332982,13.549872813760658,42.6998492490286
Truck_3,622.8111235797413,10,0,0.0,5.2817330742399236,11.425095878635943,0,2.2422429508194455,3.4056454209638787,11.495837738643445,33.850555063302636
Truck_5,622.2455024456765,10,0,0.0,5.574688148717428,18.014721271593316,0,0.0,3.2496286115884914,8.036177225746655,34.87521525764589
Truck_4,632.5423958484837,10,0,0.0,3.161907527436142,10.283851783616,0,0.0,1.184856711682869,12.331340167489202,26.961956190224214
Truck_0,623.4407236464715,10,0,0.0,5.044272320447703,19.466970696227236,0,0.0,1.2658147564800402,12.466592882079908,38.24365065523489
Truck_7,624.7895456325227,10,0,0.0,4.810012006835223,19.544138773008967,0,0.0,3.541843664457133,9.055091501845482,36.951085946146804
Truck_2,638.2968271413746,10,0,0.0,4.82331184706959,13.899689726959878,0,0.0,3.750199705004661,8.63158608699598,31.10478736603011
Truck_9,639.2811908735592,10,0,0.0,5.704322452048132,14.100233598001523,0,0.0,1.8946542179786547,11.881689917583458,33.58090018561177
Truck_1,643.3944556053327,10,0,0.0,5.3245729289106976,14.62702309415181,0,0.0,3.421433248925723,11.116470165028431,34.48949943701666
Truck_6,652.8990519458467,10,0,0.0,4.179642807346568,18.502345673644413,0,0.0,3.1569475892886203,9.70282659535269,35.54176266563229
Truck_4,659.5043520387079,10,0,0.0,4.220185017233916,11.353403792025574,0,0.0,3.448237117393319,13.95286571452607,32.97469164117888
Truck_5,657.1207177033224,10,0,0.0,3.90658675835914,15.564762143659209,0,1.9341113600199833,3.67258630745971,11.239969500093139,36.31801606959118
Truck_8,655.3100682971973,10,0,0.0,4.566019759768892,18.980556462300683,1,3.342119753553561,2.43575714532426,8.939904947250966,38.26435806819836
Truck_3,656.661678643044,10,0,0.0,3.996254333146908,17.332735485828493,1,0.7473195541069799,3.2335040454604496,13.257167080842578,38.56698049938541
Truck_0,661.6843743017064,11,0,0.0,6.090522671311419,10.946467593933562,1,3.2501274946354215,3.573020708531544,10.805756535194064,34.66589500360601
Truck_2,669.4016145074047,11,0,0.0,5.095086576451195,12.009003459463088,0,0.0,2.5935134726876186,10.58064609005487,30.27824959865677
Truck_7,661.7406315786695,11,0,0.0,4.1007644808661325,16.580836913296025,0,2.2122884453129927,2.8642101457068065,14.27272164902729,40.030821634209246
Truck_9,672.862091059171,11,0,0.0,5.867322592829396,18.09161937885051,0,0.0,3.4335495531245215,13.098890442700167,40.491381967504594
Truck_1,677.8839550423494,11,0,0.0,4.9786921264966395,16.477501638318813,0,0.0,2.1259694625463226,12.931797998535558,36.51396122589733
Truck_6,688.440814611479,11,0,0.0,5.9361110643845905,10.05772233280004,0,0.0,2.848714691804844,12.30824844312508,31.150796532114555
Truck_2,0.0,0,0,0.0,6.212979166910946,12.253865738528626,0,0.0,3.299417378208787,8.49553018913528,30.26179247278364
Truck_3,0.0,0,0,0.0,5.410909930264167,13.554132930214571,0,0.0,3.458431909437497,9.257474380577374,31.68094915049361
Truck_1,0.0,0,0,0.0,5.991802199251004,16.8112163458941,0,0.0,1.902951521697215,8.58428087187037,33.29025093871269
Truck_0,0.0,0,0,0.0,5.26258025546271,18.381742027612823,0,1.0616477837667873,1.8584680680942327,8.863733380707856,35.42817151564441
Truck_4,0.0,0,0,5.26258025546271,4.8751082749423915,11.981225973002813,0,0.0,3.3003965323702644,13.900722576525396,39.320033612303575
Truck_6,0.0,0,2,5.991802199251004,3.6301056448013798,14.243022172686771,1,1.554381019039024,3.396843657989436,11.950484808755306,40.76663950252292
Truck_9,0.0,0,5,10.137688530405102,5.044598125584153,12.442407934283,1,2.8854629875822795,1.405604812258023,9.464417870909049,41.38018026102161
Truck_8,0.0,0,4,9.621907844052384,2.4850468889339883,14.67000111470305,0,0.0,3.7332017301651135,11.640129053629423,42.15028663148396
Truck_7,0.0,0,3,6.212979166910946,4.501078651384889,16.363571736271595,0,1.7385251392001848,3.0432646487268897,11.481234611602126,43.34065395409663
Truck_5,0.0,0,1,5.410909930264167,4.922669924224427,19.84885850198387,1,1.6769809860220413,3.447368231228708,11.496707616580878,46.80349519030409
Truck_2,30.26179247278364,0,0,0.0,5.656164358931541,13.612746351637632,0,0.0,3.5497705449487427,8.699441777635506,31.518123033153422
Truck_3,31.68094915049361,0,0,0.0,5.847363397045925,10.98695539323409,0,0.0,3.331962694538305,12.51321917525027,32.67950066006859
Truck_0,35.42817151564441,0,0,0.0,5.938139742715272,10.572671444095171,0,0.0,2.2865657419447487,13.794991672913206,32.5923686016684
Truck_1,33.29025093871269,0,0,0.0,6.058701565758881,16.583298067467553,0,0.0,3.8066372041414525,9.09759348899145,35.546230326359336
Truck_7,43.34065395409663,0,0,0.0,3.2670670692992587,10.430089781648562,0,0.0,3.5213763536251506,12.034227112787903,29.252760317360874
Truck_4,39.320033612303575,0,0,0.0,3.003430258351557,18.335398931495824,0,0.0,2.8187818767912063,9.380113704367709,33.537724771006296
Truck_9,41.38018026102161,0,0,0.0,4.117303993813806,14.696694120595033,0,0.0,3.706733588398002,9.381024296164938,31.90175599897178
Truck_8,42.15028663148396,0,0,0.0,4.504100056236723,15.142272104971418,0,1.6809858862500633,1.7196479144142458,9.526558322092868,32.57356428396532
Truck_6,40.76663950252292,0,0,0.0,5.009294487242549,18.46165073963447,0,0.0,2.0541931904347024,10.381564073952589,35.90670249126431
Truck_5,46.80349519030409,0,0,0.0,5.736867277566809,12.471943378220935,0,0.1849867472645741,2.151832284224895,9.446379829895434,29.992009517172647
Truck_2,61.77991550593706,1,0,0.0,2.596798584065347,15.518767867068135,0,0.0,3.2821723049342637,10.906422539321483,32.30416129538923
Truck_3,64.3604498105622,1,0,0.0,4.815542530413467,10.791435683777877,0,0.0,3.8094989485760067,11.86459079324301,31.28106795601036
Truck_0,68.0205401173128,1,0,0.0,3.7589633548214465,12.770285881073534,0,0.0,3.1954634573894225,13.389208374267767,33.11392106755217
Truck_1,68.83648126507202,1,0,0.0,5.240386561284268,11.624862745830882,0,0.0,2.793366760791443,14.256639704163902,33.915255772070495
Truck_4,72.85775838330987,1,0,0.0,3.9221199211096405,13.901300333716733,0,0.0,3.7284880930161535,9.872270200137265,31.424178547979793
Truck_9,73.28193625999339,1,0,0.0,3.5012085295678617,16.78099571983367,0,0.0,3.117220197870438,11.48935057717415,34.88877502444612
Truck_7,72.5934142714575,1,0,0.0,3.4593587756312445,17.611578811887,0,0.7453148721766496,3.0383695505592954,11.87056127801796,36.72518328827215
Truck_6,76.67334199378723,1,0,0.0,5.873789135781621,11.623935130969102,1,2.5102944467274,3.5842096555377196,10.18301415183673,33.77524252085257
Truck_5,76.79550470747674,1,0,0.0,5.84696741070961,13.916212789700538,1,0.8893513738248089,2.3248761014117463,11.494688051691867,34.47209572733857
Truck_8,74.72385091544928,1,0,0.0,3.2418635494033197,19.342159151030557,1,2.465038767240287,2.8497102547454745,11.07791651463333,38.97668823705297
Truck_0,101.13446118486497,1,0,0.0,2.513988637223065,13.311252550274645,0,0.0,2.5573443139076772,9.279813829467031,27.662399330872418
Truck_2,94.08407680132629,1,0,0.0,4.824287775846145,17.295887214228145,0,0.0,3.577233527607362,12.561564299463924,38.258972817145576
Truck_3,95.64151776657256,1,0,0.0,5.255963745514322,17.194181199355228,0,1.4253839748282502,2.554986045768544,13.42508443097418,39.855599396440525
Truck_1,102.75173703714252,1,0,0.0,6.079481772935807,15.650206471574634,0,0.0,2.75113612527673,9.964796011299612,34.44562038108678
Truck_4,104.28193693128966,1,0,0.0,4.451399564743696,14.70796747381803,0,0.0,1.961528898030565,11.870437229694886,32.99133316628718
Truck_6,110.4485845146398,1,0,0.0,3.680413261536586,13.749660937931822,0,0.0,2.7109569820900106,9.426416101385769,29.567447282944187
Truck_9,108.1707112844395,1,0,0.0,6.0014962825284925,17.45011815949566,0,0.0,2.8649502835824023,10.103231734418472,36.419796460025026
Truck_7,109.31859755972965,1,0,0.0,6.0675267045203185,18.394462750345937,0,0.0,3.3609836955280343,9.537490038355429,37.36046318874972
Truck_8,113.70053915250224,1,0,0.4284586236741461,5.988576111253067,16.203536300119154,0,0.8204605225753312,2.464281305916387,8.406431833216885,34.31174469675497
Truck_5,111.26760043481531,1,0,0.0,6.088847017291897,18.608577143631493,0,0.0,2.872481358117824,11.103539060669561,38.673444579710775
Truck_2,132.34304961847187,2,0,0.0,4.681698703270854,10.129490790398705,0,0.0,2.6088272039645233,8.362459042172617,25.7824757398067
Truck_0,128.7968605157374,2,0,0.0,6.07557086960216,13.889378281065774,0,0.0,2.007741188319642,12.5275235321337,34.500213871121275
Truck_3,135.4971171630131,2,0,0.0,5.948032557250542,10.169184433281401,0,0.0,3.6568837009074855,14.33067955432577,34.1047802457652
Truck_7,146.67906074847937,2,0,0.0,6.005209415700278,10.957770853914099,0,0.006188064117367276,2.391482858642007,8.423572846861191,27.784224039234942
Truck_6,140.016031797584,2,0,0.0,4.0429729141527275,12.881816648841351,0,0.0,3.5297458431682855,14.738040973979139,35.1925763801415
Truck_4,137.27327009757684,2,0,0.0,6.097688675102006,16.683052479079038,0,0.41655595198847095,3.177661878464761,12.463629076243791,38.83858806087807
Truck_8,148.01228384925722,2,0,0.0,4.302547542778143,10.231728671497592,0,0.8589248523389585,2.364230476166796,11.712228401432753,29.469659944214243
Truck_1,137.1973574182293,2,0,0.0,2.6873890912277716,19.761122111134824,0,0.0,3.7596162952800114,14.94353177340821,41.15165927105082
Truck_9,144.59050774446453,2,0,0.0,4.056408997396403,19.835825045637336,0,0.0,3.2589053643498573,13.578674748388181,40.72981415577178
Truck_5,149.94104501452608,2,0,0.0,5.586624871522389,11.604161074313112,0,0.0,3.5384699922042557,14.706996596482327,35.43625253452208
Truck_2,158.12552535827857,2,0,0.0,5.821872373811942,14.541390631696288,0,0.0,3.4410221654790405,13.062727801944789,36.86701297293206
Truck_3,169.60189740877829,2,0,0.0,5.9021087337063705,11.907467992995407,0,0.0,3.2893130832809163,9.471637431461204,30.570527241443898
Truck_0,163.29707438685867,2,0,0.0,4.780609537569774,18.969346350016224,0,0.0,3.4723179954075647,10.286041493777674,37.508315376771236
Truck_4,176.1118581584549,2,0,0.0,5.934842909511673,10.046408396934453,0,0.0,2.150616638154048,10.726486175794264,28.858354120394438
Truck_6,175.2086081777255,2,0,0.0,5.494808603087989,12.603077871478547,0,0.0,2.724003484714416,9.275196228335574,30.097086187616526
Truck_1,178.34901668928012,2,0,0.0,3.6163381494742737,13.80450384750398,0,0.0,3.782943901487016,11.158411529775918,32.36219742824119
Truck_7,174.46328478771431,2,0,0.0,3.808566058000366,19.85004397961663,0,0.0,2.7602611402698187,13.855194479199582,40.274065657086396
Truck_8,177.48194379347146,2,0,0.0,5.715218002206967,18.916785240101092,0,0.0,3.4794189470684955,11.223962553461718,39.33538474283827
Truck_5,185.37729754904817,3,0,0.0,5.808282209642897,19.849138758426307,0,0.0,3.365521953254955,8.275294950867817,37.298237872191976
Truck_2,194.99253833121062,3,0,0.0,2.432657998822691,13.668971915888676,0,0.8799618976356385,1.5837402110339838,10.752923273332357,29.318255296713346
Truck_9,185.3203219002363,3,0,0.0,6.090169740391218,16.88750460050545,0,0.0,3.6761339024246524,13.74988079510615,40.40368903842747
Truck_0,200.8053897636299,3,0,0.0,6.124795872788837,11.29486623424944,0,0.0,2.5106644688368647,13.426157760910769,33.35648433678591
Truck_3,200.17242465022218,3,0,0.0,3.9302080217569255,16.581379322288427,0,0.0,1.989419132319398,12.085878818176496,34.58688529454125
Truck_6,205.30569436534202,3,0,0.0,5.618912091090323,12.647529422928613,0,0.0,3.4107818222801427,9.436563563316042,31.11378689961512
Truck_4,204.97021227884935,3,0,0.0,5.430161842883194,16.340736654151158,0,0.0,3.290346393400654,10.802260046556768,35.863504936991774
Truck_7,214.7373504448007,3,0,0.0,3.892240661325644,13.517522867349584,0,0.0,1.636945990198825,8.689900913033512,27.736610431907565
Truck_1,210.7112141175213,3,0,0.0,6.207253923527219,11.154676291379502,0,0.0,3.7384927508503836,11.765592627159634,32.86601559291674
Truck_8,216.81732853630973,3,0,0.0,4.508618861762955,16.088770709696092,0,0.0,2.4474310191411917,13.162507819108242,36.20732840970848
Truck_2,224.31079362792397,3,0,0.0,5.834883987125693,14.61708767492803,0,0.0,1.346140117899381,8.79495498339702,30.593066763350123
Truck_9,225.72401093866378,3,0,0.0,4.249854922563941,14.81349565684917,0,0.0,3.1882085643095763,12.220218134881293,34.47177727860398
Truck_5,222.67553542124014,3,0,0.0,5.177582191004433,19.743339003395562,0,0.0,3.7062069566894706,11.518138122912944,40.14526627400241
Truck_0,234.16187410041582,3,0,0.0,3.2545698307590953,18.098836197843383,0,0.0,3.618395893328767,10.519198993638327,35.49100091556957
Truck_6,236.41948126495714,3,0,0.0,3.3677129230180753,17.51640622956546,0,0.0,3.53374219557287,12.794510407881035,37.21237175603744
Truck_7,242.47396087670828,4,0,0.0,5.369182090013794,10.041534997308275,1,2.9526646490832036,3.048741068935726,11.11589237492268,32.52801518026368
Truck_3,234.75930994476343,3,0,0.0,5.7034531541167155,16.926703369344466,0,1.744209554122449,3.439934996113152,14.612390385560502,42.426691459257285
Truck_1,243.57722971043805,4,0,0.0,4.610760279105591,18.261487468625575,0,0.0,2.5630677594178906,10.162978228772431,35.59829373592149
Truck_4,240.83371721584112,4,0,0.0,4.667722095073145,19.26852330937507,0,0.0,3.3314605868752096,12.883832222222168,40.15153821354559
Truck_2,254.9038603912741,4,0,0.0,4.214655143777321,18.973359335197074,0,0.0,3.279046447337123,11.843671091774127,38.310732018085645
Truck_5,262.82080169524255,4,0,0.0,3.93476017346012,12.581726378370035,0,2.0336330705129058,3.0714356143315626,10.489210744115042,32.110765980789665
Truck_8,253.0246569460182,4,0,0.0,5.78809099508797,19.65652099940752,0,0.0,3.6848966102955387,14.04218438556319,43.17169299035422
Truck_9,260.19578821726776,4,0,0.0,3.693003639787605,19.61933485777041,0,0.0,2.8132064829347314,10.102514984863774,36.22805996535652
Truck_7,275.00197605697196,4,0,0.0,3.8493319044492864,12.602749194188902,0,0.0,2.269976627425308,10.43750137783826,29.159559103901756
Truck_0,269.6528750159854,4,0,0.0,5.670588751763091,13.657360368366483,0,0.0,2.6231834189354117,14.223689591602465,36.17482213066745
Truck_4,280.9852554293867,4,0,0.0,3.1946703713654188,13.23673385990503,0,0.0,3.6017469755814773,11.898378458508091,31.931529665360017
Truck_6,273.6318530209946,4,0,0.0,5.15693166676067,19.60907685121657,0,2.0629240168696015,3.804126699685355,8.955965858292359,39.589025092824556
Truck_3,277.1860014040207,4,0,0.0,3.2029276229942525,16.74332665875727,0,0.0,3.3285298700691897,13.136958375885058,36.41174252770577
Truck_1,279.17552344635953,4,0,0.0,3.0749084108655893,16.52056841371183,1,2.2474063653016856,2.2738952222817375,14.981592604840557,39.0983710170014
Truck_2,293.21459240935974,4,0,0.0,3.0750986124687643,18.717107900045562,0,0.0,3.357493602602574,11.078153044942667,36.22785316005957
Truck_8,296.1963499363724,4,0,0.0,2.164469277472733,16.10740157207931,0,0.0,3.5606392361097505,13.614374240318284,35.44688432598008
Truck_7,304.1615351608737,5,0,0.0,5.394033972138743,10.423953830551454,0,0.0,2.2255128740143277,9.797182541482925,27.84068321818745
Truck_9,296.4238481826243,4,0,0.0,5.19120932460703,17.35506693605265,0,0.0,3.714912588142681,12.726633678599853,38.987822527402216
Truck_5,294.9315676760322,4,0,0.0,5.360751073396216,19.863813587730874,0,2.0489035004189304,2.7385717913932126,11.16909302088601,41.18113297382524
Truck_3,313.5977439317265,5,0,0.0,4.49908511354505,10.965686342217623,0,0.0,2.0815187055396223,8.209036339295494,25.75532650059779
Truck_0,305.82769714665284,5,0,0.0,5.416196281775342,19.6596575406939,0,0.0,2.87198310398054,13.694788318174517,41.6426252446243
Truck_6,313.22087811381914,5,0,0.0,6.190545551774278,11.92392215337918,0,0.0,3.583771997281417,13.009173064422498,34.707412766857374
Truck_4,312.91678509474673,5,0,0.0,4.204396361721365,15.850849876160225,0,0.8035027404743005,3.737073842664813,11.410127726473263,36.00595054749397
Truck_1,318.27389446336093,5,0,0.0,3.7509572264395388,11.218879902941637,1,1.6753862235119072,2.4777991845645033,13.175714851576117,32.298737389033704
Truck_5,336.11270064985746,5,0,0.0,4.777464154129802,11.75297331217223,0,0.0,1.7358561855274388,9.522289076474067,27.78858272830354
Truck_7,332.00221837906116,5,0,0.0,5.770738863351312,15.587878186288037,0,1.0181588729864188,2.003564785853939,8.632157273161852,33.01249798164156
Truck_2,329.4424455694193,5,0,0.0,3.3829823040194356,19.398508419108055,0,0.0,2.9347287635336556,12.663123700444203,38.37934318710535
Truck_9,335.4116707100265,5,0,0.0,5.232391906893781,15.233425196262488,0,0.0,2.1583169452579796,13.579259555246892,36.20339360366114
Truck_3,339.3530704323243,5,0,0.0,5.9541814276570335,16.183329506233633,0,0.0,3.8039955338942946,9.841088407473308,35.78259487525827
Truck_6,347.9282908806765,5,0,0.0,6.083349879771447,10.52697554770316,0,0.0,3.5653172236014825,12.85068463929656,33.02632729037265
Truck_0,347.47032239127714,5,0,0.0,4.7001195322407625,16.61442493891309,0,0.0,2.069585558669644,11.451448513150467,34.83557854297396
Truck_4,348.9227356422407,5,0,0.0,6.2347578386642795,16.96300413927804,0,0.0,2.9509941148369876,8.015703156652876,34.164459249432184
Truck_1,350.57263185239464,5,0,0.0,5.974458815012213,18.11167721222722,0,0.0,2.7476736677353415,14.958697709366845,41.79250740434162
Truck_5,363.901283378161,6,0,0.0,5.169818201310193,14.393944862638591,0,0.0,2.515865433501631,8.777713375095459,30.857341872545874
Truck_7,365.0147163607027,6,0,0.0,6.023029886231711,10.123628199928646,0,0.0,1.663535251297617,12.269300788654164,30.079494126112138
Truck_8,331.6432342623525,5,0,0.0,4.698395197301238,12.810459052425927,0,0.0,1.356710419008266,10.98599353294287,65.49855913797154
Truck_2,367.82178875652465,6,0,0.0,3.8215045984975404,16.963627807326475,0,0.0,2.7933305554877847,12.952103262838932,36.53056622415073
Truck_9,371.61506431368764,6,0,0.0,3.2184879150857455,14.294654368479542,0,0.0,2.7110364574170944,13.328098966967843,33.552277707950225
Truck_3,375.13566530758254,6,0,0.0,3.85652908020802,11.7225876551733,0,0.6854696748725928,2.753534530046011,14.503050065233595,33.52117100553352
Truck_6,380.95461817104916,6,0,0.0,5.498922929056391,12.877053003125752,0,0.0,3.3912750460530674,14.041740872295179,35.80899185053039
Truck_0,382.3059009342511,6,0,0.0,3.231063614245329,14.500163506097294,0,0.0,3.624403778099804,14.828875767265174,36.1845066657076
Truck_4,383.0871948916729,6,0,0.0,5.4079463059588875,19.587005731493093,0,0.0,2.1399504262436153,11.25097749628577,38.38587995998137
Truck_1,392.36513925673626,6,0,0.0,5.527952214005438,10.806297241982975,0,0.0,3.125354200400352,9.701169731477478,29.160773387866243
Truck_5,394.75862525070687,6,0,0.0,5.40438451017917,11.217470978408983,0,0.0,2.327240044864766,12.859485020736201,31.80858055418912
Truck_7,395.09421048681486,6,0,0.0,4.665390564665358,15.306274888353414,0,0.0,3.0480939396103395,12.52823638018208,35.54799577281119
Truck_2,404.3523549806754,6,0,0.0,5.590543748917412,10.046728780422256,0,0.0,2.5811272359592863,8.77752488594075,26.995924651239704
Truck_9,405.16734202163786,6,0,0.0,5.205285913734315,14.664655455372667,0,0.0,2.9864092499843764,8.09413374644339,30.95048436553475
Truck_8,397.14179340032405,6,0,0.0,3.546406663999278,19.951543724421697,0,0.0,3.358866346621255,13.60039520544268,40.45721194048491
Truck_3,408.65683631311606,6,0,0.0,5.608089082481058,11.458127023732573,0,0.0,2.8540656837616325,13.833869749963526,33.75415153993879
Truck_6,416.76361002157955,6,0,0.0,5.1076470065839885,11.867941498128175,0,0.0,2.879845541731129,9.317956045726248,29.17339009216954
Truck_1,421.5259126446025,7,0,0.0,4.535678605945748,10.026125459452942,0,0.0,2.831472856476239,9.652558557786676,27.045835479661605
Truck_0,418.4904075999587,6,0,0.0,5.631327351410334,16.29540888239427,0,0.0,2.18798672476413,10.033830414623367,34.1485533731921
Truck_4,421.47307485165425,7,0,0.0,5.179690040976482,17.42649098333095,0,0.0,2.581661452973833,8.02769402858388,33.215536505865146
Truck_2,431.3482796319151,7,0,0.0,2.5824366406978925,13.812415316118063,0,0.0,3.5342400979860145,9.765448511004479,29.69454056580645
Truck_5,426.567205804896,7,0,0.0,3.793167413541312,16.836219444667904,0,0.0,3.8123324849041182,12.91186663820605,37.353585981319384
Truck_7,430.64220625962605,7,0,0.0,4.940098626434633,19.692470391015945,0,0.0,2.4571113325783926,10.220435059032638,37.31011540906161
Truck_9,436.1178263871726,7,0,0.0,4.113155473968334,11.834103147879091,0,0.0,3.283785378612663,13.615266806788327,32.846310807248415
Truck_8,437.59900534080896,7,0,0.0,6.153759961458263,16.788019810689093,0,0.0,2.6794050414127923,10.306393856148873,35.92757866970902
Truck_3,442.41098785305485,7,0,0.0,6.134504490392601,11.365822101013919,0,0.0,2.977948428815637,13.507663509613337,33.985938529835494
Truck_1,448.5717481242641,7,0,0.0,4.13423710606952,14.011793770650456,0,0.0,3.1928830633470966,8.419741529603641,29.758655469670714
Truck_6,445.9370001137491,7,0,0.0,4.3726129572667105,15.722014471613306,0,0.0,1.8771050412114505,10.703358918946094,32.67509138903756
Truck_0,452.6389609731508,7,0,0.0,5.520899523187779,10.424415393031097,0,0.0,2.70691873785114,14.782896811264152,33.43513046533417
Truck_4,454.6886113575194,7,0,0.0,3.5109398886057193,16.68917475425144,0,0.0,3.6860766002254195,10.48159520981045,34.36778645289303
Truck_2,461.04282019772154,7,0,0.0,6.137279995851429,11.300750211776005,0,0.0,3.733222886970907,12.129643918307465,33.30089701290581
Truck_5,463.9207917862154,7,0,0.0,5.467872278513539,12.586781498248456,0,0.0,3.0300423197618898,11.288808906543807,32.37350500306769
Truck_7,467.95232166868766,7,0,0.0,4.939628848718144,14.337783262490802,0,0.0,3.111622832389571,8.100287127845434,30.48932207144395
Truck_9,468.964137194421,7,0,0.0,3.5306047258875424,12.836913937743645,0,0.0,2.8791079106831035,10.64011858193362,29.886745156247912
Truck_3,476.39692638289034,7,0,0.0,4.371755634390297,11.271570069734082,0,0.0,1.3004694154681715,14.237900483704038,31.18169560329659
Truck_1,478.3304035939348,7,0,0.0,5.102766244761028,12.013504238114876,0,1.6300366390959766,2.831745171146963,9.47233318022262,31.050385473341464
Truck_6,478.61209150278665,7,0,0.0,5.880392066910986,10.114168276432054,0,0.0,2.470058869777006,14.292357187561265,32.75697640068131
Truck_8,473.526584010518,7,0,0.0,3.8183924219979986,18.07575652609023,0,0.0,3.603841455382394,13.12641735155455,38.624407755025175
Truck_0,486.07409143848497,8,0,0.0,6.173696131764814,11.071773432323141,0,0.0,2.592715198487042,13.031150191293932,32.86933495386893
Truck_4,489.0563978104124,8,0,0.0,6.085301916675462,14.998268849904946,0,0.0,1.0737957892520171,10.409034321976378,32.5664008778088
Truck_5,496.29429678928307,8,0,0.0,5.368572514231232,10.398797973644037,0,0.0,3.5449052957832237,9.429764918809042,28.742040702467534
Truck_2,494.34371721062735,8,0,0.0,3.7679409872558267,19.924706862220717,0,0.0,1.9445844260552576,14.574774074215725,40.212006349747526
Truck_7,498.4416437401316,8,0,0.0,5.432585597403829,14.130226392499821,0,0.0,2.139121941678013,14.466015488878497,36.16794942046016
Truck_3,507.57862198618693,8,0,0.0,3.615079531113338,14.169998087287354,0,0.0,2.758825909952634,10.152061513585068,30.695965041938393
Truck_1,509.3807890672763,8,0,0.0,5.624355346847324,10.92784744366611,0,1.9659740509925996,3.2901927076776474,8.23729691080905,30.04566645999273
Truck_9,498.85088235066894,8,0,0.0,6.138713046748194,19.19771643777335,0,0.0,3.7116540735918306,13.447328494748035,42.49541205286141
Truck_8,512.1509917655432,8,0,0.0,5.702305201336571,12.454872246918967,0,0.0,2.025712610061646,12.676767577291798,32.85965763560898
Truck_6,511.36906790346796,8,0,0.0,5.83858075580423,19.012766939931794,0,0.0,2.7389422995076984,10.486531279955443,38.076821275199165
Truck_4,521.6227986882212,8,0,0.0,4.360226374264812,12.147022099816468,0,0.0,3.794913882763126,12.839203910205697,33.1413662670501
Truck_0,518.9434263923539,8,0,0.0,4.448382887340017,18.085855503913194,0,0.0,2.5815133259262666,13.288902971776224,38.4046546889557
Truck_5,525.0363374917506,8,0,0.0,5.82819311254525,17.032547716013823,0,0.0,2.5358826054316523,12.709037710700272,38.105661144691
Truck_7,534.6095931605918,8,0,0.0,4.707436978347118,10.550360872045985,0,0.0,3.8241846759452756,13.006974531448236,32.088957057786615
Truck_3,538.2745870281253,8,0,0.0,4.891404229760042,13.563848719137127,0,0.0,1.9339051348490557,8.423593108165278,28.812751191911502
Truck_1,539.426455527269,8,0,0.0,5.74580418641483,13.54894583004068,0,0.0,3.1370972745944528,12.068974802186858,34.50082209323682
Truck_9,541.3462944035304,9,0,0.0,5.557033058017851,12.341201207809604,0,0.0,3.5694853039664167,14.094496100680317,35.56221567047419
Truck_2,534.5557235603749,8,0,0.0,6.1770881016195744,19.53384842117498,0,1.5916427351495486,3.3854883476312807,13.42645454140711,44.114522146982495
Truck_8,545.0106494011521,9,0,0.0,4.961618507822209,17.70489180530842,0,0.0,1.5037464292099685,10.095664202798162,34.26592094513876
Truck_4,554.7641649552713,9,0,0.0,4.450273076108033,10.671735088704736,0,0.0,2.6056472802448525,13.821574690619968,31.54923013567759
Truck_6,549.4458891786671,9,0,0.0,5.8339529937376255,18.288167306078208,0,0.0,3.778246413992292,11.74984633493932,39.650213048747446
Truck_0,557.3480810813096,9,0,0.0,6.197862295474238,17.211423709270434,0,0.0,3.0200432828864905,12.013615296056855,38.44294458368802
Truck_5,563.1419986364416,9,0,0.0,6.048613417419119,11.61201059783889,0,0.0,2.3155827508874154,14.230116692068691,34.206323458214115
Truck_7,566.6985502183784,9,0,0.0,5.172560732913325,14.814087984770481,0,0.0,1.6652598323858,9.441871207353529,31.093779757423135
Truck_3,567.0873382200368,9,0,0.0,3.0378500463272076,12.354128304644405,0,0.6388888315785834,2.7133391488146117,13.248453207891998,31.992659539256806
Truck_1,573.9272776205058,9,0,0.0,6.171941098000389,11.34910362757455,0,0.0,2.1945088257908765,8.699156682760986,28.4147102341268
Truck_9,576.9085100740045,9,0,0.0,5.9011574641557445,10.583470523576807,0,0.0,1.5085318045131544,11.087844166262357,29.081003958508063
Truck_8,579.2765703462909,9,0,0.0,4.6660986920155665,11.159179858977495,0,0.0,2.989596691948236,12.738185421991261,31.55306066493256
Truck_2,578.6702457073574,9,0,0.0,5.755176243380561,12.645900594859995,0,0.0,3.3472674424483557,11.565984995028998,33.31432927571791
Truck_4,586.3133950909489,9,0,0.0,5.392322736855135,13.359459984131718,0,0.0,1.2699979989886288,12.735165301637835,32.75694602161332
Truck_6,589.0961022274146,9,0,0.0,5.600051303386408,11.033384353481779,0,0.0,2.8507574075389357,13.861025778499425,33.34521884290655
Truck_0,595.7910256649976,9,0,0.0,5.924387123026804,12.814483940336913,0,0.0,2.849038268319191,11.335432838738711,32.92334217042162
Truck_7,597.7923299758015,9,0,0.0,4.408764408364618,13.08821310608937,0,0.0,3.305300413251075,11.140947215226106,31.94322514293117
Truck_5,597.3483220946557,9,0,0.0,6.213282227935906,15.466727215873334,0,0.0,2.283636294648886,8.445385353837878,32.409031092296004
Truck_9,605.9895140325126,10,0,0.0,4.813908673163155,12.018686614899366,0,0.0,3.05817327231091,12.361613283643237,32.25238184401667
Truck_1,602.3419878546326,10,0,0.0,5.1536814543300125,18.778927638282426,0,0.0,2.71459931046968,9.253872986518331,35.90108138960045
Truck_3,599.0799977592936,9,0,0.0,3.1860567400541413,19.822858723448803,0,0.0,3.798269004427766,13.099605788780877,39.90679025671159
Truck_8,610.8296310112235,10,0,0.0,6.0960598340888055,11.714025782367344,0,0.0,3.716275612403706,9.672373019838005,31.19873424869786
Truck_2,611.9845749830753,10,0,0.0,5.104831595392056,14.693586531770961,0,0.0,3.6004134537379286,10.795007312005396,34.19383889290634
Truck_6,622.4413210703211,10,0,0.0,4.004333420244393,10.640478043978646,0,0.0,2.7136308935989746,11.411180020502911,28.769622378324925
Truck_7,629.7355551187327,10,0,0.0,4.131162960479173,11.91522318921136,0,0.0,3.6360486610717544,8.42818039378335,28.11061520454564
Truck_4,619.0703411125622,10,0,0.0,5.74269162111932,19.72462984693857,0,0.0,2.8366362736989004,10.8274793345945,39.13143707635129
Truck_0,628.7143678354192,10,0,0.0,4.69565237799236,15.137507134045109,0,0.0,3.19708589165009,10.139221080823177,33.169466484510735
Truck_5,629.7573531869517,10,0,0.0,5.001100325554489,17.403213690710345,0,0.0,3.1957678573800194,11.736265597799957,37.33634747144481
Truck_3,638.9867880160052,10,0,0.0,4.5153588652946155,11.98776142832969,0,0.0,2.648120449960743,10.191525950892583,29.342766694477632
Truck_8,642.0283652599213,10,0,0.0,4.067177706845655,12.11535271256787,0,0.0,3.036624010655032,9.44072592385794,28.659880353926496
Truck_9,638.2418958765293,10,0,0.0,5.26197856508611,11.968019889664902,0,0.0,2.963116902538218,12.807479166292296,33.000594523581526
Truck_1,638.2430692442331,10,0,0.0,5.465222811652211,19.98239490676667,0,0.0,2.579665022311133,9.323749761386352,37.35103250211637
Truck_2,646.1784138759816,10,0,0.0,5.747055050713811,11.07665576956515,0,0.0,3.0785265172365825,14.916108071768804,34.81834540928435
Truck_6,651.210943448646,10,0,0.0,3.390235630932807,18.066128043815752,0,0.0,3.704890216560443,12.25459047888728,37.41584437019628
Truck_7,657.8461703232783,10,0,0.0,3.874927887673607,12.725326903741347,0,0.0,2.239717470825667,13.311444682475098,32.15141694471572
Truck_5,667.0937006583965,11,0,0.0,4.9527541948543785,10.501799584098649,0,0.0,1.8562152602333981,9.198901982712982,26.509671021899408
Truck_4,658.2017781889135,10,0,0.0,4.985107745313485,16.878472930831663,0,0.0,1.9719879460946004,14.104139562208843,37.93970818444859
Truck_3,668.3295547104829,11,0,0.0,4.873804190921419,12.042651422310428,0,0.0,3.40949098906151,10.225200494079331,30.551147096372688
Truck_0,661.88383431993,11,0,0.0,3.5952012568974396,19.30689960346706,0,0.0,3.2899036070656393,14.023413458914888,40.215417926345026
Truck_9,671.2424904001108,11,0,0.0,4.758918808072281,15.873349862782788,0,0.0,3.456436966736078,9.227653689670433,33.31635932726158
Truck_8,670.6882456138478,11,0,0.0,4.6014735092724095,19.781207768140803,0,0.26026914644091903,2.825659960079065,9.976006049072453,37.44461643300565
Truck_1,675.5941017463495,11,0,0.0,5.118048065443531,13.032311160411268,0,0.0,3.752420186585482,14.796272973229861,36.69905238567014
Truck_2,680.996759285266,11,0,0.0,6.13614400014842,11.196628090318313,0,0.0,3.755119511436874,12.245702068783885,33.33359367068749
Truck_5,0.0,0,1,5.139347087112545,5.758893506683772,10.323509658592087,1,1.661053329520918,2.0943252770867176,8.663887460983453,33.64101631997949
Truck_3,0.0,0,0,0.0,5.803426662763733,12.253246017403391,0,0.0,1.7767551801831516,14.05507703474337,33.88850489509365
Truck_2,0.0,0,0,0.0,5.139347087112545,13.131993178453612,0,1.5620875947841206,3.049375721559045,11.523935789750418,34.40673937165974
Truck_1,0.0,0,0,0.0,6.096750272868847,12.134831920997247,0,0.0,3.0651088009370397,13.535736992635318,34.83242798743845
Truck_4,0.0,0,0,4.236280958461524,4.751626274694276,10.868690112208464,0,1.440093649438868,3.5443125601333136,12.539291719039209,37.380295273975655
Truck_0,0.0,0,0,0.0,4.236280958461524,17.904680557259027,1,2.7000420392158944,3.380066953866038,13.41574858272665,41.636819091529134
Truck_7,0.0,0,3,6.096750272868847,3.229345388951333,19.076733014697282,0,1.6271688101073458,3.398708961535924,9.12009003121603,42.54879647937676
Truck_6,0.0,0,2,5.803426662763733,6.07061146805498,15.891567597215028,0,0.4554647807687431,3.013030170526399,13.033292541160513,44.267393220489396
Truck_9,0.0,0,5,9.32609566182018,3.150939921863751,14.998802330057478,0,0.0,2.5541595728833997,14.932657458570375,44.96265494519518
Truck_8,0.0,0,4,8.9879072331558,4.633313512485204,17.99651213716487,0,0.0,3.36112311256219,14.081742208037156,49.06059820340522
Truck_1,34.83242798743845,0,0,0.0,4.9589780046738525,11.394332213977556,0,0.0,3.6628776417731927,8.594601143915746,28.610789004340347
Truck_5,33.64101631997949,0,0,0.0,5.040851683660392,12.457237357494478,0,0.0,3.6584181275024434,9.159076517640116,30.31558368629743
Truck_3,33.88850489509365,0,0,0.0,2.8877246210913796,15.960168876827439,1,2.1122174548505868,2.2546863398798536,9.581344773052585,32.796142065701844
Truck_4,37.380295273975655,0,0,0.0,3.0393532728770865,11.021629850304379,0,3.3562450914796855,2.23233595465598,14.312860007772635,33.962424177089765
Truck_2,34.40673937165974,0,0,0.0,3.473250314353024,19.88167229631288,0,0.0,2.1064353881696576,13.541330640877682,39.00268863971324
Truck_7,42.54879647937676,0,0,0.0,4.822957637480357,12.845982816105455,0,0.0,2.5248729275006667,12.003272501612791,32.19708588269927
Truck_9,44.96265494519518,0,0,0.0,5.790797927328292,11.38387505587805,0,0.14882106511930715,1.9948748004633288,12.754619013226701,32.07298786201568
Truck_6,44.267393220489396,0,0,0.0,3.5830667019877964,11.037354322314904,0,0.0,3.398334748728736,14.850468232210453,32.86922400524189
Truck_0,41.636819091529134,0,0,0.0,6.0442986295250165,15.72308646092452,0,0.0,3.180321650535248,14.242444112852354,39.19015085383714
Truck_8,49.06059820340522,0,0,0.0,5.055853327037788,16.703328234419594,0,0.0,2.8205701798068503,12.69792666354003,37.27767840480426
Truck_1,63.4432169917788,1,0,0.0,4.011692905943349,13.861197570270292,0,0.0,3.509024535753966,13.766279949780838,35.148194961748445
Truck_5,63.95660000627692,1,0,0.0,4.711214824497027,19.766423786556516,0,0.0,3.1112301748250104,8.69732219400882,36.28619097988737
Truck_4,71.34271945106542,1,0,0.0,5.865972341585092,12.55212398565817,0,0.3372879539286231,2.60900801451713,8.538175232378862,29.902567528067877
Truck_3,66.68464696079549,1,0,0.0,5.547169487084631,14.951955453125976,0,0.0,2.914331831231209,12.848998318090494,36.26245508953231
Truck_2,73.40942801137298,1,0,0.0,5.402326567687425,16.906756905879192,0,0.0,1.4411366648482016,11.268332947874185,35.018553086289
Truck_7,74.74588236207603,1,0,0.0,5.512623905903112,14.649261424293883,0,0.0,2.288935310666673,13.187103368021582,35.63792400888525
Truck_9,77.03564280721086,1,0,0.0,4.57001898733553,19.875546653134677,0,0.0,2.7026685510887916,8.677928115908514,35.82616230746751
Truck_6,77.13661722573129,1,0,0.07207456691922687,5.238115009683682,14.786468440474565,0,0.0,1.3996390501318388,14.912577412038786,36.4088744792481
Truck_0,80.82696994536627,1,0,0.0,5.925086122876635,17.57382253420397,0,0.0,2.5183944743636317,8.547640796311939,34.564943927756175
Truck_8,86.33827660820948,1,0,0.0,5.332072710881633,19.120836341321933,0,0.0,2.893784305647216,13.678073841303814,41.024767199154596
Truck_1,98.59141195352724,1,0,0.0,6.016060930181297,11.315214773212858,0,0.0,3.695673414838282,8.604895410463897,29.631844528696334
Truck_5,100.2427909861643,1,0,0.0,4.465740691742226,12.391852850083438,0,0.0,3.719215919303167,10.912492321011214,31.489301782140046
Truck_4,101.2452869791333,1,0,0.0,3.969433117711432,17.80003871969609,0,0.0,2.6605874345375042,11.310984085239838,35.741043357184864
Truck_3,102.9471020503278,1,0,0.0,4.340073256270514,10.280740076992984,0,2.050445688168381,3.272286234942783,14.2612604041624,34.20480566053706
Truck_2,108.42798109766198,1,0,0.0,5.559961642616855,14.100448280006333,0,0.0,3.1326407922258,9.282565111179139,32.07561582602813
Truck_9,112.86180511467838,1,0,0.0,6.003822390272703,10.862187255201775,0,0.0,1.506161856137112,10.751062935482736,29.123234437094325
Truck_0,115.39191387312245,1,0,0.0,4.713446246478284,11.72733176171198,0,0.0,1.5925033315118924,9.440704798921843,27.473986138624
Truck_6,113.54549170497938,1,0,0.0,2.868730693353271,14.902907923116814,0,0.0,2.762867382091514,11.483155297435786,32.017661295997385
Truck_7,110.38380637096128,1,0,0.0,3.639900442885846,18.396546382368797,0,1.0049420166086804,2.510383585379202,14.301630554194645,39.85340298143717
Truck_1,128.22325648222358,2,0,0.0,6.101784523016249,10.875104681079108,0,0.0,3.5094436980542127,8.593543635798966,29.079876537948536
Truck_8,127.36304380736408,2,0,0.0,5.9605722068584726,10.600787336080515,0,0.0,3.387917136652362,11.422262828231254,31.371539507822604
Truck_3,137.15190771086486,2,0,0.0,3.319134583074856,11.11420601817727,0,0.0,3.630136301336506,8.725660945597866,26.7891378481865
Truck_5,131.73209276830434,2,0,0.0,5.569470645659749,13.376043946990421,0,0.0,1.8483598817119002,13.053053905494068,33.84692837985614
Truck_4,136.98633033631816,2,0,0.0,4.820205180096735,14.476561028599718,0,0.0,2.1160168183187125,8.342502832148568,29.755285859163735
Truck_9,141.9850395517727,2,0,0.0,2.919264352605694,16.085060026942926,0,0.0,3.0346805236843295,9.377151835690995,31.416156738923945
Truck_2,140.5035969236901,2,0,0.0,5.891332311351846,15.125847509041364,0,1.0996480831934434,2.1462421869214836,8.663210020181793,32.92628011068993
Truck_0,142.86590001174645,2,0,0.0,5.093912557320209,11.869087809328732,0,0.0,2.7915244488813755,12.284091534046013,32.03861634957633
Truck_7,150.23720935239845,2,0,0.0,3.006704630012848,11.768403925438378,0,0.0,3.3041255400021328,14.47113395932854,32.5503680547819
Truck_6,145.56315300097677,2,0,0.0,4.652209617715727,18.070209946168433,0,0.0,3.6162700851790532,11.382193945973256,37.72088359503647
Truck_8,158.73458331518668,2,0,0.0,6.110906053626394,12.380092604075742,0,0.0,1.8591828499869223,9.23027927168252,29.580460779371577
Truck_1,157.3031330201721,2,0,0.0,5.131332391710487,13.434993603702253,0,0.0,3.1426094789551655,12.672491922011062,34.38142739637897
Truck_3,163.94104555905136,2,0,0.0,5.131590553014007,19.386282720413334,0,0.375591228517294,2.5500456660682573,8.064880793784567,35.50839096179746
Truck_4,166.7416161954819,2,0,0.0,5.745302398048722,12.15684738507099,0,0.0,2.0835114960718215,13.982501848888404,33.96816312807994
Truck_5,165.57902114816048,2,0,0.0,4.1318046283561785,17.04371716537588,0,0.0,2.0799671191034577,12.110669427531207,35.366158340366724
Truck_2,173.42987703438004,2,0,0.0,3.9264993179751855,10.300653119428233,0,0.0,2.9521384627236387,13.284743346365275,30.464034246492332
Truck_9,173.40119629069665,2,0,0.0,4.867897503101091,13.424984670872561,0,0.0,3.101968154403636,11.043500508994441,32.43835083737173
Truck_0,174.90451636132278,2,0,0.0,3.4486561673606957,17.57263969730198,0,0.0,3.50470006980521,10.902184570398106,35.42818050486599
Truck_6,183.28403659601324,3,0,0.0,4.581846946945859,10.244482441246618,0,1.3201463115849492,3.732910090789801,9.504518519671308,29.383904310238535
Truck_7,182.78757740718035,3,0,0.0,3.5324903358331596,11.04772593439182,0,0.0,3.569855061946413,12.867517391398422,31.017588723569816
Truck_8,188.31504409455826,3,0,0.0,4.9204730606707585,10.282517283410357,0,0.0,2.259308039683532,12.952320571887299,30.414618955651946
Truck_1,191.68456041655108,3,0,0.0,4.82811610861998,10.471321217297628,0,0.0,1.9480199239638978,9.917446793313417,27.164904043194923
Truck_5,200.9451794885272,3,0,0.0,5.557801548333686,11.167184054639876,0,0.0,3.7222692501331096,8.036089241468687,28.483344094575358
Truck_4,200.70977932356183,3,0,0.0,5.0323282824758735,18.26421274911533,0,0.0,3.067565103403922,9.282326603559937,35.64643273855506
Truck_3,199.44943652084882,3,0,0.0,3.7837977271620673,17.110037518812447,0,0.0,2.216775480062836,14.068623820602483,37.17923454663983
Truck_2,203.89391128087237,3,0,0.0,5.406605298740118,11.164206996268007,0,0.9277107657533747,1.8660854067095158,13.947946395857684,33.3125548633287
Truck_9,205.83954712806838,3,0,0.0,4.149676692173898,17.264859235711583,0,0.0,3.6406858929478574,14.580156658684501,39.63537847951784
Truck_6,212.66794090625177,3,0,0.0,6.047688778678321,10.859731077534093,0,0.0,2.0002142085291155,14.75699791302597,33.6646319777675
Truck_0,210.33269686618877,3,0,0.0,5.131222400507909,15.405034100832012,0,0.025815581373024088,2.9820797730798176,14.285601601372747,37.82975345716551
Truck_7,213.80516613075017,3,0,0.0,5.673936352730379,13.29740927164454,0,0.0,3.0010800440155094,14.466839386829207,36.439265055219636
Truck_1,218.849464459746,3,0,0.0,4.7813203814425265,19.38854380755393,0,0.0,1.8671792187923586,11.425665037892543,37.46270844568136
Truck_8,218.7296630502102,3,0,0.0,5.307147580927904,15.957190661686525,0,0.0,3.801262021937049,13.36970323336189,38.43530349791337
Truck_5,229.42852358310256,3,0,0.0,5.472106976533297,12.370651143496616,0,0.0,3.4132494845743793,13.780362456528962,35.036370061133255
Truck_3,236.62867106748865,3,0,0.0,3.797534317514504,14.816700206846178,0,0.0,2.632286592631914,10.052111207561722,31.29863232455432
Truck_2,237.20646614420107,3,0,0.0,6.2284348103301,12.162069293358599,0,0.0,1.2860978147522246,11.342770151923105,31.019372070364028
Truck_4,236.3562120621169,3,0,0.0,4.397453020491611,18.46084004905441,0,0.0,3.257104922744645,13.624026603330833,39.7394245956215
Truck_6,246.33257288401927,4,0,0.0,4.271829924047779,16.426570551101577,0,0.0,3.7683108234252245,10.804318397660325,35.271029696234905
Truck_9,245.47492560758621,4,0,0.0,3.556317053554011,15.847133949660389,0,0.0,2.5072722110186305,14.785967697252602,36.69669091148563
Truck_0,248.16245032335428,4,0,0.0,4.0200656423260455,16.683448940291925,0,0.0,3.727490960986188,12.50210118599955,36.93310672960371
Truck_1,256.31217290542736,4,0,0.0,6.123659617499868,11.057418161038584,0,0.0,2.2333099325474564,13.414037881542129,32.82842559262804
Truck_8,257.1649665481236,4,0,0.0,4.876884569160211,14.707620519484578,0,0.0,3.401975762480049,9.552164151945817,32.538645003070656
Truck_7,250.2444311859698,4,0,0.0,4.535647377694033,18.67664813793965,0,0.0,3.292190264564738,13.475116006625797,39.97960178682422
Truck_5,264.4648936442358,4,0,0.0,2.4576149849691546,19.52341483894969,0,0.0,2.4135210144057737,9.433598386137646,33.828149224462265
Truck_2,268.2258382145651,4,0,0.0,2.7077793358118925,15.484831114701478,0,0.0,2.921934782897722,9.175595686462145,30.290140919873238
Truck_4,276.0956366577384,4,0,0.0,3.71731977354068,12.199138166080104,0,0.0,3.7499120175532994,8.839968808120318,28.5063387652944
Truck_3,267.927303392043,4,0,0.0,5.768788251521983,19.958437070551042,0,0.0,1.6207762676867787,11.142988853222732,38.490990442982536
Truck_6,281.6036025802542,4,0,0.0,4.842589567955599,13.501809713571731,0,0.0,3.0370414983692626,13.318804132173057,34.70024491206965
Truck_9,282.17161651907185,4,0,0.0,5.5233395403178065,13.105938320062023,0,0.0,3.6298846989438402,13.05485231052063,35.3140148698443
Truck_1,289.1405984980554,4,0,0.0,5.421959003263112,15.239446327712756,0,0.0,3.7783187139062875,8.65016711797233,33.089891162854485
Truck_0,285.095557052958,4,0,0.0,4.991037200967014,18.266955157274936,0,0.0,3.7463651904689073,11.40535365610441,38.40971120481527
Truck_7,290.224032972794,4,0,0.0,4.2819519041108265,15.81130549663942,0,1.7826242281245754,3.7984108473972356,11.749094214463753,37.42338669073581
Truck_2,298.51597913443834,4,0,0.0,5.710701713885044,15.432028746630351,0,0.0,1.9722028896867982,8.88717069255955,32.002104042761744
Truck_5,298.2930428686981,4,0,0.0,3.8506712550651514,19.174934529628217,0,0.0,2.169127214456182,9.651100499472136,34.84583349862169
Truck_4,304.6019754230328,5,0,0.0,5.2114496934866565,12.56540628907294,0,0.0,3.4587243137264636,8.625986801434124,29.861567097720183
Truck_3,306.4182938350255,5,0,0.0,5.961305914753325,19.565162025990958,0,0.0,3.4916425481608258,11.974903215432278,40.993013704337386
Truck_6,316.3038474923238,5,0,0.0,5.100898061592147,16.28785220298664,0,0.0,3.4593143928810264,8.954682474673461,33.80274713213328
Truck_9,317.48563138891615,5,0,0.0,5.113619701362211,17.148034188683994,0,0.0,1.4641914471663995,11.899616313919125,35.62546165113173
Truck_1,322.2304896609099,5,0,0.0,3.5474075990092615,15.783608881626378,0,0.0,3.4829084510126336,10.053130983087385,32.86705591473566
Truck_0,323.50526825777325,5,0,0.0,5.693619319162792,13.650339615898133,0,0.0,3.1961295397240406,10.213194231660793,32.75328270644576
Truck_4,334.463542520753,5,0,0.0,4.8927954778997105,11.586611806152632,0,0.0,2.196658787552053,8.233685631270134,26.90975170287453
Truck_7,327.64741966352983,5,0,0.0,5.372156321920102,13.615214577860456,0,0.0,1.89938698012935,13.522940151069122,34.40969803097903
Truck_5,333.13887636731977,5,0,0.0,4.707780205281608,14.451648403274021,0,0.0,2.2406012759521445,10.357136400339925,31.7571662848477
Truck_2,330.5180831772001,5,0,0.0,4.746541963693971,19.25067850208859,0,0.0,3.048306242071874,13.775100837281514,40.82062754513595
Truck_8,289.70361155119423,4,0,0.0,3.423702247026256,14.746235638553458,0,0.0,2.2753956795990007,9.909793759250363,89.79569341707969
Truck_3,347.4113075393629,5,0,0.0,5.866438533289283,14.149271342161683,0,0.0,3.770965177179562,14.327479034690725,38.11415408732125
Truck_9,353.1110930400479,5,0,0.0,6.210936437362989,15.61685266487791,0,0.0,2.282668912641782,11.922583314154906,36.03304132903759
Truck_1,355.09754557564554,5,0,0.0,3.802470481799503,17.936165454309503,0,0.3853695431760116,1.8677356917877432,10.886626438528253,34.878367609601014
Truck_4,361.3732942236275,6,0,0.0,5.68730526613831,10.021588470253675,1,0.5485801851685892,3.6921530810328704,10.586092468850268,30.535719471443713
Truck_6,350.1065946244571,5,0,0.0,5.760051938771483,18.56825453785376,0,0.0,3.1958670441057393,14.372940950319617,41.8971144710506
Truck_0,356.258550964219,5,0,0.0,5.143793490164683,16.3368383001021,0,1.3501039922325049,2.749341041620596,10.626860796951973,36.20693762107186
Truck_5,364.89604265216747,6,0,0.0,4.348155051600088,13.008788701022297,0,0.0,1.526469628284758,12.818305521663888,31.70171890257103
Truck_7,362.05711769450886,6,0,0.0,5.414687169630895,18.88251054878708,0,0.0,2.6850508760986713,11.66370461514498,38.64595320966163
Truck_2,371.33871072233603,6,0,0.0,4.268190144001153,15.935849329097834,0,0.0,3.067190743092908,12.919142811934535,36.19037302812643
Truck_8,379.4993049682739,6,0,0.0,5.315491831936242,12.806258485629826,0,0.0,2.7190004181722998,13.042590002916313,33.88334073865468
Truck_1,389.97591318524655,6,0,0.0,5.873120153306161,10.364516303190157,0,0.0,3.5583233606700446,8.26144899504618,28.057408812212543
Truck_3,385.52546162668415,6,0,0.0,2.907177260712217,18.134511938483513,0,0.0,3.522364717776952,12.310691305357636,36.87474522233032
Truck_6,392.0037090955077,6,0,0.0,5.40033060166013,11.899167564446032,0,0.46866574079905376,3.2600360593008304,10.423431494030126,31.45163146023617
Truck_9,389.14413436908546,6,0,0.0,2.1233090170784408,19.90990795228481,0,0.0,2.7747478809912423,11.343257618253574,36.15122246860807
Truck_7,400.7030709041705,6,0,0.0,6.12923211873391,12.026957340703348,0,0.0,1.3366781479604128,8.283650193438518,27.77651780083619
Truck_0,392.46548858529087,6,0,0.0,6.098279101716912,12.893572622479326,0,1.5745687522266394,1.9259014367971758,14.650876705284816,37.14319861850487
Truck_4,391.9090136950712,6,0,0.0,4.954789183899891,15.926842297371763,1,1.1614540430970806,3.4048798328724956,14.507808063814991,39.95577342105622
Truck_5,396.5977615547385,6,0,0.0,4.068693603116969,15.728329733353917,0,0.0,2.5113787896231656,13.120639630139522,35.42904175623357
Truck_2,407.52908375046246,6,0,0.0,4.058056622067397,12.832401081715943,0,0.0,2.638740732346605,14.070998352044114,33.60019678817406
Truck_8,413.3826457069286,6,0,0.0,4.899817341562596,17.353965398407183,0,0.0,1.434111043525263,11.988359052196472,35.676252835691514
Truck_1,418.0333219974591,6,0,0.0,3.0680972786903453,14.659387028951016,0,0.0,2.9637773168235526,10.92506585016315,31.616327474628065
Truck_3,422.40020684901447,7,0,0.0,5.700979851680813,10.879395612994585,0,0.0,3.0660544894984696,9.97644127755865,29.622871231732518
Truck_6,423.4553405557439,7,0,0.0,4.458906097285762,10.108542184278463,0,0.0,2.666248820266503,14.141292719738999,31.374989821569727
Truck_9,425.29535683769353,7,0,0.0,5.0285759542748565,15.622984326564222,0,0.0,2.804845443614454,8.525987427554924,31.982393152008456
Truck_7,428.4795887050067,7,0,0.0,6.228326600299681,10.643422287486885,0,0.0,1.7455629100876422,13.510633052926948,32.12794485080116
Truck_0,429.60868720379574,7,0,0.0,4.479944001219735,15.305970915567684,0,0.0,3.4257831307758693,12.919646191231038,36.13134423879433
Truck_5,432.02680331097207,7,0,0.0,5.247841135612646,18.697874100874003,0,0.0,2.630081497839967,10.381802846456253,36.95759958078287
Truck_4,431.86478711612745,7,0,0.0,5.731864313463291,18.055860182650292,0,0.0,3.6544229740678134,12.875945982781843,40.31809345296324
Truck_2,441.1292805386365,7,0,0.0,6.154399452202881,11.940831363701193,0,0.0,1.9177686287873712,13.454878062001,33.467877506692446
Truck_3,452.023078080747,7,0,0.0,3.60184391593549,12.664389417509142,0,0.0,3.5472384642961288,13.21940023992255,33.03287203766331
Truck_1,449.64964947208716,7,0,0.0,5.666058942346183,18.46391748908087,0,0.0,1.8583605543855697,10.565802706441673,36.554139692254296
Truck_8,449.0588985426201,7,0,0.0,5.537916665913201,18.215704971141633,0,0.0,3.3159622261368327,12.931420399023466,40.00100426221513
Truck_7,460.60753355580783,7,0,0.0,4.01287104462574,14.025599791214177,0,0.0,3.414303972067273,8.050056818736891,29.50283162664408
Truck_6,454.8303303773136,7,0,0.0,6.187209206947898,18.075344765688612,0,0.0,3.1686673346549696,12.097213495701737,39.52843480299322
Truck_5,468.98440289175494,7,0,0.0,5.762638811617705,10.795190839348834,0,0.0,2.1125934493045406,9.738893314928589,28.40931641519967
Truck_9,457.277749989702,7,0,0.0,4.738428957612484,19.858821553012262,0,0.18530786338828875,3.276688232145318,12.943915364525822,41.003161970684175
Truck_4,472.1828805690907,7,0,0.0,3.8161220841269596,10.908996176830954,0,0.0,1.7618396625188666,10.952641501658604,27.439599425135384
Truck_0,465.74003144259007,7,0,0.0,5.534627667458665,16.219995843536537,0,0.1601710384407511,2.813231072076121,11.05700916435569,35.785034785867765
Truck_2,474.59715804532897,7,0,0.0,4.676272398870367,13.7552058484888,0,0.0,2.5787981525172086,9.045106035844924,30.0553824357213
Truck_3,485.0559501184103,8,0,0.0,5.772422209775357,11.422992084179441,0,0.0,3.756744383240118,11.386305737670057,32.33846441486497
Truck_1,486.20378916434146,8,0,0.0,6.180446033767225,10.51913088838927,0,0.0,2.5324425362446163,13.83570468649873,33.06772414489984
Truck_7,490.1103651824519,8,0,0.0,4.9699034793544,12.295301140497486,0,0.0,3.6261584379401484,9.000299560107408,29.891662617899442
Truck_9,498.28091196038616,8,0,0.0,3.2899293720300875,10.244263086570129,0,0.0,2.3743303854384976,9.473634244114805,25.38215708815352
Truck_8,489.05990280483525,8,0,0.0,6.0606732846742375,14.977509949100863,0,0.0,2.6767387371068594,13.964851183872838,37.6797731547548
Truck_6,494.3587651803068,8,0,0.0,5.925192044702214,14.619322351803191,0,0.0,2.764017163687299,14.36182868433616,37.670360244528865
Truck_0,501.52506622845783,8,0,0.0,5.734399303060798,16.361046034517983,0,0.0,1.8560933065015206,8.563047120953911,32.51458576503421
Truck_4,499.62247999422607,8,0,0.0,6.120325916967374,14.117751666729475,0,0.0,1.8593344631267428,14.907481921081285,37.00489396790488
Truck_5,497.3937193069546,8,0,0.0,4.422621774246409,18.91594564727768,0,0.0,2.6620644785396053,13.467930112079898,39.46856201214359
Truck_2,504.65254048105027,8,0,0.0,3.802899982372196,15.894235298375463,0,0.0,3.5074498158412553,13.980717524730494,37.18530262131941
Truck_3,517.3944145332753,8,0,0.0,4.806874749369058,11.895200883529583,0,0.0,1.9862620987274795,8.352715368757117,27.041053100383238
Truck_1,519.2715133092413,8,0,0.0,2.396930960198233,15.261731245026454,0,0.0,2.1626750497462126,10.437516206572127,30.258853461543026
Truck_7,520.0020278003514,8,0,0.0,6.1559491414840295,12.299555674442217,0,0.0,1.7422083269829045,14.101178894242253,34.298892037151404
Truck_9,523.6630690485397,8,0,0.0,5.9263569566701335,14.203811381866899,0,0.0,2.917236698067086,10.570845198168286,33.618250234772404
Truck_6,532.0291254248357,8,0,0.0,3.3799591700856126,13.040163695271303,0,0.0,3.7098411015124384,9.984255886041751,30.114219852911106
Truck_8,526.73967595959,8,0,0.0,6.027432088859541,16.023330874229373,0,0.0,3.747200136810875,10.656521059371357,36.454484159271146
Truck_0,534.039651993492,8,0,0.0,5.385824969325768,14.89241027855121,0,0.0,3.5421944213295546,12.202421810018336,36.02285147922487
Truck_5,536.8622813190982,8,0,0.0,4.156582857088324,14.21554853051532,0,0.0,3.813982677618924,12.859456033568335,35.045570098790904
Truck_4,536.627373962131,8,0,0.0,6.0184242738019975,18.22777020848241,0,0.0,3.26671362479442,8.776103745834462,36.28901185291329
Truck_3,544.4354676336585,9,0,0.0,5.561797531686693,12.278945724840128,0,0.0,3.7553627276664656,10.554106407190034,32.15021239138332
Truck_2,541.8378431023697,9,0,0.0,4.1027580123646885,17.645525586733356,0,0.5541553677420552,3.3816292030774093,13.735387369587556,39.419455539505066
Truck_1,549.5303667707843,9,0,0.0,5.422177014012618,12.847209415546331,0,0.0,3.52923345697468,14.854956925530018,36.65357681206365
Truck_9,557.2813192833121,9,0,0.0,4.696924314367948,12.30178934111052,0,0.0,2.0635236153837013,12.36323472769027,31.42547199855244
Truck_7,554.3009198375028,9,0,0.0,4.119508463910961,12.957269148369733,0,0.0,3.104573464790292,14.387595028425153,34.56894610549614
Truck_6,562.1433452777468,9,0,0.0,2.999598093255031,16.196269111684387,0,0.0,2.6956409744960865,12.235828470879255,34.12733665031476
Truck_5,571.9078514178891,9,0,0.0,5.319258206888094,10.326849140577679,0,0.0,3.274659991617227,8.95785600963984,27.87862334872284
Truck_8,563.1941601188612,9,0,0.0,2.5781832324064453,17.951088450447855,0,0.0,2.937611921830694,14.566193777979947,38.03307738266494
Truck_0,570.0625034727169,9,0,0.0,5.527536078846765,12.21460001863386,0,0.0,1.9103154202935002,13.9840685489728,33.636520066746925
Truck_4,572.9163858150442,9,0,0.0,3.1744698730309437,18.27853286025777,0,0.0,2.4579918586754275,9.699370826428321,33.61036541839246
Truck_1,586.183943582848,9,0,0.0,2.9709413177663464,10.566315720930447,0,0.0,3.1820054217840834,9.165471137357713,25.88473359783859
Truck_3,576.5856800250418,9,0,0.0,4.714342062816058,19.392511894905397,0,0.0,2.431386312492009,9.45840964073227,35.996649910945735
Truck_2,581.2572986418747,9,0,0.0,5.505379714850392,16.780803852440272,0,0.0,3.227964431089049,10.34445265981492,35.85860065819463
Truck_7,588.8698659429989,9,0,0.0,2.987915952937783,13.280816050326848,0,0.0,3.6251108967599066,10.385933554592611,30.27977645461715
Truck_9,588.7067912818645,9,0,0.0,3.0704042552631563,18.447642127555696,0,0.0,3.664128460243205,11.875278515795799,37.057453358857856
Truck_6,596.2706819280615,9,0,0.0,4.747232300187079,12.274748110970336,0,0.0,3.5618707990670373,14.757653749978886,35.34150496020334
Truck_4,606.5267512334367,10,0,0.0,5.265821607098246,11.246880864000673,0,0.0,2.8295266965679957,9.511581760513536,28.85381092818045
Truck_0,603.6990235394638,10,0,0.0,3.0079952118522897,17.463441124526298,1,1.8994691054548412,2.401814904833259,8.793274980490196,33.565995327156884
Truck_5,599.786474766612,9,0,0.0,5.496203342507783,18.036829684853274,0,0.0,2.750421187324264,11.968452937957068,38.25190715264239
Truck_8,601.2272375015261,10,0,0.0,3.616732533384834,19.100387423105758,0,1.924622943086888,3.5066542692344456,9.02206250566337,37.170459674475296
Truck_3,612.5823299359876,10,0,0.0,5.981328194761431,16.361084730551056,0,0.0,3.17831670789883,8.450040547044978,33.970770180256295
Truck_1,612.0686771806866,10,0,0.0,4.571258086298258,19.60748795825907,0,1.8556363439549841,1.6129438061786914,10.139510943149958,37.78683713784096
Truck_7,619.149642397616,10,0,0.0,6.200231561607438,10.194958741706841,0,0.0,2.9588894170670983,13.213716876568583,32.56779659694996
Truck_2,617.1158993000694,10,0,0.0,4.443300755082419,19.239134957836995,0,0.0,3.410473009735483,12.016791601820955,39.10970032447585
Truck_9,625.7642446407224,10,0,0.0,5.561850637319594,12.97603934754352,0,0.0,3.8217363976700653,9.325360261147694,31.684986643680872
Truck_6,631.6121868882649,10,0,0.0,5.7803298733022075,16.787872570180753,0,0.0,3.6108115305306683,10.217669379509744,36.39668335352337
Truck_0,637.2650188666207,10,0,0.0,6.1222006326589735,10.04131630058805,0,0.0,3.3593153090128,11.476643467668055,30.99947570992788
Truck_4,635.3805621616171,10,0,0.0,5.9236655994144485,13.796852380167934,0,1.6867709676810136,2.834598795249235,11.176164684867558,35.41805242738019
Truck_8,638.3976971760014,10,0,0.0,4.615941457961185,17.505976537426932,0,0.0,3.110461789113401,10.52808653497982,35.76046631948134
Truck_5,638.0383819192543,10,0,0.0,4.711021533853682,18.903261008406616,0,0.0,3.0687979222129798,9.560558022763416,36.243638487236694
Truck_3,646.5531001162439,10,0,0.0,5.6908047699554345,11.966692896885434,0,0.0,3.086678872126754,11.483612633237726,32.22778917220535
Truck_1,649.8555143185275,10,0,0.0,3.1424197112119145,18.364874947515318,0,0.0,1.7732308377248955,8.085294226247811,31.36581972269994
Truck_7,651.717438994566,10,0,0.0,3.1945341901747497,10.792001620040764,0,0.0,3.7109585837231407,14.331264792895013,32.02875918683367
Truck_9,657.4492312844033,10,0,0.0,5.17542002377445,12.584038360417708,0,0.0,3.149620684094657,9.633256273616325,30.54233534190314
Truck_2,656.2255996245452,10,0,0.0,4.627734671334679,14.60402213053078,0,0.0,3.331009810045316,11.746535833502435,34.30930244541321
Truck_0,668.2644945765486,11,0,0.0,4.496079019579611,10.323302941117618,0,0.0,3.315584226034389,8.916119216063976,27.051085402795593
Truck_6,668.0088702417883,11,0,0.0,6.054261681405251,11.370172095953762,0,0.0,1.6761405333787707,13.794017512179153,32.89459182291694
Truck_5,674.282020406491,11,0,0.0,3.95221124457089,11.199342415561546,0,0.0,3.59619645938983,9.132625060697137,27.880375180219403
Truck_8,674.1581634954828,11,0,0.0,5.521345337871367,11.216554453313506,0,0.0,2.6639260488138916,8.793516954863549,28.195342794862313
Truck_4,670.7986145889973,11,0,0.0,5.503193345625164,19.12800657392654,0,0.0,2.9921727021202287,10.934917210516346,38.55828983218828
Truck_7,683.7461981813997,11,0,0.0,4.971107098210382,12.197388184845181,0,0.0,3.169086216570463,9.510121497945875,29.8477029975719
Truck_1,681.2213340412275,11,0,0.0,5.820156507688807,12.974494190809423,0,0.0,3.6203373112621193,12.362123937926185,34.777111947686535
Truck_3,678.7808892884492,11,0,0.0,4.867387644525479,17.711438504471744,0,2.2766066135413894,2.874150604735746,10.440140053949563,38.16972342122392
Truck_1,0.0,0,0,0.0,6.09451657370394,13.911451046390171,0,0.0,1.5486380899478185,9.24716452768158,30.80177023772351
Truck_0,0.0,0,0,0.0,5.127735157892101,13.77632588077125,0,0.0,3.2567300021244208,12.167742830714936,34.32853387150271
Truck_3,0.0,0,0,0.0,6.018513352194095,15.477798053587026,0,0.058294304260808616,1.9601047141795966,11.488277856886405,35.00298828110793
Truck_2,0.0,0,0,0.0,4.489680851959756,18.782456524742933,0,0.2425730475188388,2.2997742392992606,9.812182538128752,35.62666720164954
Truck_6,0.0,0,2,6.018513352194095,3.329468295976529,14.995868842899078,1,1.6998580397628764,2.8512816953260476,8.82718047824656,37.72217070440519
Truck_8,0.0,0,4,8.56333871234851,3.8234077320614155,14.078638179271952,0,2.3347408796454054,2.9009129224207157,8.214231216223052,39.91526964197105
Truck_4,0.0,0,0,4.489680851959756,5.7767013443884725,12.969238800019458,0,0.0,2.8080875344648923,14.053290137897374,40.09699866872995
Truck_5,0.0,0,1,5.127735157892101,3.43560355445641,14.884639491210958,1,2.366506459961318,2.9856408398064964,12.024951543800551,40.825077047127834
Truck_7,0.0,0,3,6.09451657370394,5.521722908804806,17.298025234368904,0,0.0,3.0920123144075085,12.57937436312936,44.58565139441452
Truck_9,0.0,0,5,9.347981648170624,5.7813320083877375,17.461629620521293,0,0.0,1.8721097968737155,14.053065140015399,48.51611821396877
Truck_1,30.80177023772351,0,0,0.0,5.460815790624622,14.642229255405965,0,0.0,3.6662467175606963,12.04134570609505,35.810637469686334
Truck_0,34.32853387150271,0,0,0.0,5.5842920397344145,13.930880139539944,0,0.0,1.6529212854394046,12.287661450632847,33.45575491534661
Truck_3,35.00298828110793,0,0,0.0,3.393281211119394,18.98689429869608,0,0.0,2.9527392739788283,12.110193803510121,37.44310858730442
Truck_6,37.72217070440519,0,0,0.0,2.7073634823579553,16.78826979325796,0,0.0,3.794503138188418,11.568999977729462,34.859136391533795
Truck_8,39.91526964197105,0,0,0.0,4.762321541901144,14.381865143035064,1,1.9528507913022608,2.3805832779422573,11.225192096285689,34.702812850466415
Truck_2,35.62666720164954,0,0,0.0,3.8642897295325085,18.228088246309845,0,2.6168578874103403,2.5042892449031697,13.746171048518292,40.959696156674156
Truck_7,44.58565139441452,0,0,0.0,4.523860327622089,13.751411307457538,1,2.913783407700649,2.3497592742294984,8.836950629861335,32.37576494687111
Truck_4,40.09699866872995,0,0,0.0,6.1326350687634275,16.234331139123064,1,0.9289255195353334,3.6178780604314014,10.612905634194831,37.52667542204806
Truck_5,40.825077047127834,0,0,0.0,5.538010217946365,13.965685003045962,2,2.5114200416852412,2.9345141273893915,13.381928635218529,38.33155802528549
Truck_9,48.51611821396877,0,0,0.0,6.057910460257901,14.465088534440028,0,0.0,2.964594066622155,10.697350795041046,34.18494385636113
Truck_0,67.78428878684932,1,0,0.0,4.547658216211246,14.35577889451794,0,0.0,3.009746722296171,10.729574758411772,32.64275859143713
Truck_1,66.61240770740984,1,0,0.0,5.7632423473719,12.07843375623132,0,0.0,3.220364442929707,13.672067559343617,34.734108105876544
Truck_8,74.61808249243747,1,0,0.0,6.0232353313963785,11.930759921361954,0,0.0,2.537141429366102,12.672213336038283,33.16335001816272
Truck_3,72.44609686841235,1,0,0.0,4.450635667148674,16.457916795414903,0,1.4050794238387567,3.400097063513016,10.633460738470575,36.347189688385924
Truck_7,76.96141634128563,1,0,0.0,4.299695539887395,10.778992731436745,0,0.0,2.719624142204921,14.332683022383165,32.130995435912226
Truck_9,82.7010620703299,1,0,0.0,4.92232366158359,11.856146822316333,0,0.0,1.5518828571438519,10.197701517482415,28.52805485852619
Truck_4,77.62367409077801,1,0,0.0,5.9535231453208155,15.459745660839417,0,0.0,3.4103965082731236,9.277659731879226,34.10132504631258
Truck_6,72.58130709593898,1,0,0.0,4.069136787295875,17.947541307723156,1,0.511233983603887,3.3622349727485954,14.99218427396589,40.882331325337404
Truck_2,76.5863633583237,1,0,0.0,5.64308091191846,18.57478136345945,0,0.22718977767206638,3.8049140579542353,12.479492103030012,40.729458214034224
Truck_5,79.15663507241332,1,0,1.4846827514205216,4.735102247201837,17.75663647550985,0,0.0,3.7855104097181282,13.160351540378514,40.92228342422885
Truck_0,100.42704737828645,1,0,0.0,4.033999459465974,10.377326351461747,0,0.0,3.2689209604061773,8.100472009942052,25.78071878127595
Truck_1,101.34651581328639,1,0,0.0,3.754911827169522,14.67755264207156,0,0.0,2.7584320753997815,14.44792078855258,35.638817333193444
Truck_7,109.09241177719785,1,0,0.0,5.369116814855431,17.718371583697305,0,0.0,1.4369780763685185,10.637732793888887,35.16219926881014
Truck_5,120.07891849664217,2,0,0.0,2.8315235848126292,10.308172992270855,0,0.3982631783934494,3.0522803743954228,8.264955128617544,24.8551952584899
Truck_8,107.78143251060018,1,0,0.0,5.2696271653999105,18.07647629727994,0,0.0,2.6240645131156555,11.962986528873586,37.93315450466909
Truck_4,111.72499913709059,1,0,0.0,3.904203003177514,19.39356314294524,0,0.0,2.8162565138663354,9.754474423111077,35.868497083100166
Truck_6,113.46363842127639,1,0,0.0,5.843417471109433,15.90635743565494,0,1.4557452984737722,2.5568042164622113,9.065223756366294,34.82754817806665
Truck_9,111.22911692885609,1,0,0.0,5.437586536499353,19.163657130482378,1,2.008661201241864,3.11508895654606,8.820261005932537,38.54525483070219
Truck_2,117.31582157235792,1,0,0.0,5.964324406986293,15.38213193028895,0,0.5636849333435805,3.540830957848641,10.11724256698858,35.56821479545604
Truck_0,126.2077661595624,2,0,0.0,3.6725240978904026,10.827355765148724,0,0.2464647310242185,3.5524276270157884,12.205493012550448,30.50426523362958
Truck_1,136.98533314647983,2,0,0.0,6.115087187948632,15.088052592657505,0,0.0,2.776138328091406,9.813778983546342,33.793057092243885
Truck_8,145.71458701526927,2,0,0.0,3.1597438918163903,11.790345128863066,0,0.0,3.785720980387339,9.826851427625513,28.56266142869231
Truck_4,147.59349622019076,2,0,0.0,4.53401558933794,10.822679706798766,0,0.0,2.598531739038208,10.489674474394832,28.444901509569746
Truck_5,144.93411375513207,2,0,0.0,4.066699035538562,15.932406363083146,0,0.0,3.505315803534387,10.054654820100609,33.559076022256704
Truck_2,152.88403636781396,2,0,0.0,5.518467235370167,10.190271306253038,0,0.0,2.764479310535762,8.401282710404672,26.87450056256364
Truck_7,144.254611046008,2,0,0.0,5.2902356535571755,15.88332550289337,0,0.12055105290713186,2.637829770078156,12.886145163392058,36.81808714282789
Truck_6,148.29118659934304,2,0,0.5831443077426286,4.631057713808616,15.001588488138964,0,0.0,3.5702976393423285,11.01700090165886,34.8030890506914
Truck_9,149.77437175955828,2,0,0.0,3.588478930540589,16.847972656986258,0,1.1464308728878052,2.3148895406122563,10.61793319460412,34.51570519563103
Truck_0,156.71203139319198,2,0,0.0,5.250490500876509,18.790128944291894,0,0.0,2.870586362553496,14.9465253953353,41.8577312030572
Truck_8,174.27724844396158,2,0,0.0,3.2133268353485107,13.356962174514535,0,0.0,2.450135190817491,10.975327202144513,29.99575140282505
Truck_3,108.79328655679828,1,0,0.0,5.30117068939316,16.866652307926785,0,0.0,1.8687274383678698,8.860749369336702,97.56040914185036
Truck_1,170.77839023872372,2,0,0.0,5.07635271811904,17.431884857292516,0,0.0,2.1993118684994784,12.976872047457846,37.68442149136888
Truck_7,181.0726981888359,3,0,0.0,5.809753202955221,10.725914181023,0,0.0,3.179262835229821,11.475297250972176,31.19022747018022
Truck_6,183.09427565003443,3,0,0.0,4.495328378792038,11.17296144119365,0,0.0,3.7454115030885475,12.229805748233815,31.64350707130805
Truck_9,184.2900769551893,3,0,0.0,3.2223972906875247,14.125573769459209,0,0.869928957772629,2.9101129132494066,11.202857407198394,32.33087033836716
Truck_4,176.0383977297605,2,0,0.0,5.354757094621164,17.676549708169716,0,1.717923875492545,3.238377193994637,13.513240386372388,41.50084825865045
Truck_5,178.49318977738878,2,0,0.0,5.4921860692692235,18.880663485877477,0,1.1599662695030872,3.5730455492573583,12.978765346842152,42.0846267207493
Truck_2,179.7585369303776,2,0,0.0,5.509952513857712,19.778935136515088,0,0.3706653056076732,3.0780235984891533,13.288161947029494,42.02573850149912
Truck_0,198.56976259624918,3,0,0.0,6.210466288432116,16.898367756623685,0,0.0,2.928027221399617,14.206250386453917,40.243111652909334
Truck_8,204.27299984678663,3,0,0.0,5.057571385137152,15.696543111406072,0,0.0,3.7409393150702783,10.184609606441654,34.679663418055156
Truck_3,206.35369569864864,3,0,0.0,5.986178797873492,12.105788996642247,0,0.0,3.2987617929591693,11.227318887417937,32.618048474892845
Truck_1,208.4628117300926,3,0,0.0,4.171987926949669,12.506778573586331,0,2.602847055494948,3.294917057908492,9.604176804363874,32.180707418303314
Truck_6,214.73778272134248,3,0,0.0,4.697737520180453,12.128098203961855,0,0.0,3.1629511533362233,12.472176840848022,32.46096371832655
Truck_7,212.2629256590161,3,0,0.0,5.376556968050636,19.012198229564063,0,0.0,1.6677188020768767,12.852684865840985,38.90915886553256
Truck_4,217.53924598841095,3,0,0.0,6.19967339363069,16.267368212710608,0,0.0,3.6418757910641375,8.801677138112353,34.91059453551779
Truck_2,221.78427543187672,3,0,0.0,4.89825819326191,12.413709535358066,0,0.0,1.8721818313476888,13.052666869432358,32.23681642940002
Truck_5,220.57781649813808,3,0,0.0,5.224331385840429,16.67742251512945,0,1.1685929867084326,1.42579629737088,10.043083811783703,34.539226996832895
Truck_9,216.62094729355647,3,0,0.0,5.26391425489328,19.189324228355048,0,0.0,3.415796929671302,12.466814402093803,40.33584981501343
Truck_3,238.97174417354148,3,0,0.0,3.192069263225818,12.63733186295633,0,0.0,2.5419860054173853,11.675574002078918,30.04696113367845
Truck_1,240.6435191483959,4,0,0.0,6.233618246528806,13.371880636780759,0,0.0,3.2445948309712094,10.30626430054383,33.156358014824605
Truck_8,238.9526632648418,3,0,0.0,4.872479481077477,16.977702460633736,0,0.0,2.5162418940372504,13.983252360400115,38.34967619614858
Truck_0,238.8128742491585,3,0,0.0,6.120780971114925,18.859573246334804,0,0.0,3.449452342235759,14.564961726165166,42.994768285850654
Truck_9,256.9567971085699,4,0,0.0,5.203413093534323,12.857413625277331,0,0.0,2.025764919745029,8.161896047532196,28.24848768608888
Truck_6,247.19874643966904,4,0,0.0,5.851968592654117,15.182885122180068,0,0.0,3.0551404430476623,14.646524389710066,38.73651854759191
Truck_2,254.02109186127674,4,0,0.0,4.192500286367789,15.27853739375331,0,0.0,3.6782498796534924,11.292808711093869,34.44209627086846
Truck_4,252.44984052392874,4,0,0.0,2.9198705868178365,19.713526842948937,0,1.960150793431069,3.5097604256208115,9.359769962271969,37.46307861109062
Truck_7,251.17208452454867,4,0,0.0,5.8178050035721185,18.523870516727413,1,1.656619376203139,3.7128537777676343,11.595466308231664,41.30661498250197
Truck_5,255.11704349497097,4,0,0.0,4.042834683336196,17.749744111887992,2,3.643526882552237,2.8007638726815003,13.168508699858421,41.405378250316346
Truck_3,269.01870530721993,4,0,0.0,5.899657839870656,12.187150987953487,0,0.0,2.6135907731829207,8.818979587304057,29.51937918831112
Truck_1,273.7998771632205,4,0,0.0,5.3229034316671004,11.715456661614269,0,0.0,2.8385098333016003,9.136229211468503,29.013099138051473
Truck_8,277.30233946099037,4,0,0.0,4.641294122534077,19.624015126239897,0,0.0,3.1663441252762823,9.289136457473433,36.72078983152369
Truck_0,281.80764253500917,4,0,0.0,5.999450172068748,13.389600507194473,0,0.0,2.473412005787054,14.085229939504814,35.94769262455509
Truck_7,292.47869950705064,4,0,0.0,4.802403423773228,10.341004558712882,0,0.5734346351869704,2.300407370213293,8.445810416633833,26.463060404520206
Truck_2,288.4631881321452,4,0,0.0,5.509107453073966,13.189721405027058,0,0.0,3.19484356724314,8.79263727191153,30.686309697255695
Truck_6,285.93526498726095,4,0,0.0,4.237889826013657,14.260331750619002,0,0.30050627114701456,3.4615492896830915,11.594915596753651,33.855192734216416
Truck_9,285.2052847946588,4,0,0.0,5.877693307509503,11.306356181161675,0,1.280770936729482,3.411094088956986,14.045223693983758,35.921138208341404
Truck_4,289.91291913501937,4,0,0.0,4.107907488498711,17.002685691662293,0,0.0,3.4198472643075775,8.979187393930545,33.509627838399126
Truck_5,296.5224217452873,4,0,0.0,5.503135836024853,11.21184811127921,0,0.0,2.630140304007682,13.834175070627111,33.179299321938856
Truck_3,298.53808449553105,4,0,0.0,5.613305280205509,16.007977307821136,0,0.0,2.4962624085809466,11.903894521262714,36.021439517870306
Truck_1,302.812976301272,5,0,0.0,5.7887267584106326,11.373005808517178,0,0.0,3.2212920396317486,12.313904312863428,32.69692891942299
Truck_8,314.02312929251406,5,0,0.0,4.6198124518278405,14.324060415898145,0,0.0,2.01656284963002,11.0150887090644,31.975524426420407
Truck_7,318.94175991157084,5,0,0.0,3.6335269193676254,10.154395663891933,0,0.0,3.2191814974383988,12.520460304351275,29.52756438504923
Truck_6,319.79045772147737,5,0,0.0,5.655935204190996,11.73471270128897,0,0.0,1.7798200491386638,11.555598436176467,30.726066390795097
Truck_2,319.1494978294009,5,0,0.0,3.8042687276756055,15.287913581453665,0,0.0,3.1574826101375493,9.932183771450866,32.181848690717686
Truck_0,317.75533515956425,5,0,0.0,5.068643463646765,16.30873623591225,0,0.0,2.8219764539936136,11.98684007319116,36.18619622674379
Truck_9,321.1264230030002,5,0,1.4488638279382826,5.91639086979626,11.726712221835726,0,1.180772826097268,1.7099898611725735,13.05370376169202,35.03643336853213
Truck_4,323.4225469734185,5,0,0.0,4.038772056343362,17.725799616163044,0,0.0,2.7673224324352645,9.777445491788114,34.309339596729785
Truck_5,329.7017210672262,5,0,0.0,5.682825242840977,15.390496907175645,0,0.0,3.1756667570173818,10.128716361021361,34.377705268055365
Truck_3,334.55952401340136,5,0,0.0,3.7641198156392193,13.963586169798702,0,0.0,3.697627005124332,8.47068617284998,29.896019163412234
Truck_1,335.509905220695,5,0,0.0,4.583107401246423,19.979263462772735,0,0.0,3.1172549924601753,12.989708117660882,40.669333974140216
Truck_6,350.51652411227246,5,0,0.0,2.8618426396219547,10.944993296740904,0,0.0,3.178502280071598,12.776236674157644,29.7615748905921
Truck_8,345.99865371893446,5,0,0.0,5.053079469421846,17.610129389298947,0,0.0,2.772485966238321,9.389501411192725,34.82519623615184
Truck_7,348.4693242966201,5,0,0.0,3.6253733801065664,14.860288975136768,0,0.0,1.3686206983487068,13.048352670951829,32.90263572454387
Truck_9,356.1628563715323,5,0,0.0,3.482475164797904,10.312435322367946,0,0.0,3.3591464286535597,11.037820131319336,28.191877047138746
Truck_0,353.94153138630804,5,0,0.0,4.801374865652463,15.018113287693723,0,0.0,1.965335588041114,11.612833744759655,33.397657486146954
Truck_2,351.3313465201186,5,0,0.0,6.161347706833396,15.454957406735673,0,0.0,2.267920223233091,14.480722030329503,38.36494736713166
Truck_4,357.7318865701483,5,0,0.0,2.597935180154991,18.661902031026557,0,0.0,2.5930542822174516,8.696354089793545,32.549245583192544
Truck_3,364.4555431768136,6,0,0.0,5.197398983608366,14.493252644806603,0,0.0,3.760400949631503,8.183268981736603,31.634321559783075
Truck_5,364.07942633528154,6,0,0.0,4.793072051215745,19.69901197683572,0,0.0,2.379611689793421,14.25384403900722,41.125539756852106
Truck_1,376.1792391948352,6,0,0.0,3.6212204150538696,19.82579447130388,0,0.0,1.5096804026277937,9.36925090323922,34.32594619222476
Truck_7,381.37196002116394,6,0,0.0,6.161790682976118,12.745451200837522,0,0.0,3.2177150000637766,10.957464407898158,33.082421291775574
Truck_6,380.27809900286456,6,0,0.0,5.822790899254869,16.259509029142066,1,2.1331690553324734,1.7777605856132936,9.923192894664794,35.916422464007496
Truck_8,380.8238499550863,6,0,0.0,5.497995952275176,14.3316806688606,0,0.48240790759865604,3.35763350277324,13.13729807628664,36.80701610779431
Truck_9,384.35473341867106,6,0,0.0,5.197518410679152,11.269928653708575,1,2.6747364219825727,2.1866242040254633,12.680686959441232,34.009494649836995
Truck_4,390.2811321533408,6,0,0.0,4.9993532286050595,15.76355298902763,0,0.0,2.7677569353064086,12.42962456895458,35.96028772189368
Truck_0,387.339188872455,6,0,0.0,5.7347486915617765,14.782120995663718,0,0.0,3.8043184400144128,14.653636337902526,38.97482446514243
Truck_2,389.69629388725025,6,0,0.0,3.8617695811082626,18.90567159113948,0,0.0,2.8426299817178915,13.092588694389178,38.70265984835481
Truck_3,396.08986473659667,6,0,0.0,6.110983092456024,18.177919771971006,0,0.0,3.5071583642213113,12.31353327079421,40.10959449944255
Truck_1,410.50518538705995,6,0,0.0,6.155266123821491,10.687987553420555,0,0.0,2.2082234494774298,8.51654864320085,27.568025769920325
Truck_5,405.20496609213365,6,0,0.0,4.769754078841856,10.956337317705959,0,0.0,2.5862730293800382,14.956774820565329,33.26913924649318
Truck_7,414.4543813129395,6,0,0.0,2.8184235711241854,16.801359668358543,0,0.0,1.4687979961775568,11.159672324849623,32.24825356050991
Truck_8,417.6308660628806,6,0,0.0,5.8770249042827345,10.790590723904984,0,0.0,2.141014762384202,11.550606384982984,30.359236775554905
Truck_6,416.19452146687206,6,0,0.0,2.6266310721838977,16.273208675070975,0,0.448601334472869,3.8210686153310007,11.443347945128039,34.61285764218678
Truck_9,418.36422806850806,6,0,0.0,5.382888039795716,12.683455469206194,0,0.008924875942568633,3.1811883221375865,13.904027886924553,35.16048459400662
Truck_0,426.31401333759743,7,0,0.0,5.444017845463236,11.741842852872821,0,0.0,2.5267615303880575,9.158397637314238,28.871019866038353
Truck_2,428.39895373560506,7,0,0.0,5.675608344528598,10.966275517107647,0,0.0,3.7616532627681636,10.038083943835204,30.441621068239613
Truck_4,426.2414198752345,7,0,0.0,4.544264402835779,18.67728474256245,0,0.0,2.087148489042818,11.483250212708867,36.79194784714991
Truck_3,436.1994592360392,7,0,0.0,5.524946529042666,11.218828918672841,0,0.0,2.6790614203821406,14.540170715855425,33.96300758395307
Truck_5,438.4741053386268,7,0,0.0,5.502600092291345,14.684671876095308,0,0.0,3.3846935277673538,13.67774681069335,37.24971230684736
Truck_1,438.0732111569803,7,0,0.0,5.864980993118309,16.197912941951984,0,0.0,2.688106332901725,14.303478703200199,39.054478971172216
Truck_7,446.7026348734494,7,0,0.0,3.5514278632818446,15.865706615372233,0,0.0,2.904522959198289,8.134919011043962,30.456576448896328
Truck_8,447.9901028384355,7,0,0.0,6.186653405410368,13.313945276141567,0,0.0,2.157220637875014,9.341529092101212,30.99934841152816
Truck_9,453.5247126625147,7,0,0.0,5.33145694036341,11.265919525678953,0,0.0,1.362834529910117,13.817414201446184,31.777625197398663
Truck_6,450.80737910905884,7,0,0.0,3.1006876408759467,15.352472212465443,0,0.0,3.09827187035188,14.209376830000451,35.76080855369372
Truck_0,455.1850332036358,7,0,0.0,5.411996626240409,13.974749041732878,0,0.0,3.1454580422026766,9.06380049310718,31.596004203283144
Truck_4,463.0333677223844,7,0,0.0,5.428202150467371,17.313125813497663,0,0.0,2.0721751767753176,8.564699532284124,33.378202673024475
Truck_2,458.8405748038447,7,0,0.0,4.973104333443985,15.812390206584041,0,0.0,3.747090068266232,13.619124903830993,38.15170951212525
Truck_3,470.1624668199923,7,0,0.0,5.162916608107082,14.740490675444619,0,0.0,1.8404356302706333,10.84863053016494,32.592473443987274
Truck_8,478.9894512499637,7,0,0.0,3.680206201931014,10.61952415410343,0,0.0,2.7130931680006825,11.421959490044458,28.434783014079585
Truck_1,477.1276901281525,7,0,0.0,4.856133891905415,13.419382027150732,0,0.0,3.817936939689446,10.730564702069898,32.82401756081549
Truck_5,475.7238176454742,7,0,0.0,5.9173214102831935,17.253653707323508,0,0.3263502238172009,2.1583963586771233,9.157895443102404,34.81361714320343
Truck_7,477.15921132234575,7,0,0.0,5.496794414694193,14.569765746379176,0,0.0,3.1535778195864737,14.133673492310777,37.35381147297062
Truck_0,486.7810374069189,8,0,0.0,5.792813985734654,14.281096430028583,0,0.0,3.1639729865132153,9.409076800872526,32.64696020314898
Truck_6,486.56818766275256,8,0,0.0,5.996174306337309,15.482183902550219,0,0.0,3.8114639437161486,8.96683070005588,34.256652852659556
Truck_9,485.30233785991334,8,0,0.0,5.194448173749436,18.64404116615708,0,0.8780936093755258,3.3719261205559405,9.66013815031306,37.74864722015104
Truck_2,496.9922843159699,8,0,0.0,5.222541675485729,16.375642391693077,0,0.0,2.7886364196339173,9.801772409048567,34.18859289586129
Truck_4,496.4115703954089,8,0,0.0,4.388379667559434,18.325859437493875,0,0.0,3.391739073891472,11.292820235057434,37.398798414002215
Truck_8,507.42423426404326,8,0,0.0,3.4771645299227316,14.003826238433476,0,0.0,2.722690891952766,9.410026814306434,29.613708474615407
Truck_1,509.951707688968,8,0,0.0,3.7408265641547587,11.706688170541838,0,0.0,3.635567844336606,8.21150022448876,27.294582803521962
Truck_5,510.5374347886776,8,0,0.0,4.095057534370426,12.642856676526094,1,1.7594412684270537,1.559907759128123,14.098225496721739,34.155488735173435
Truck_3,502.75494026397956,8,0,0.0,5.338406962817032,18.05395130807119,0,1.4806173894844505,3.5311578884153505,14.901090758368014,43.30522430715604
Truck_7,514.5130227953164,8,0,0.0,4.682779863006203,17.472453838769752,0,0.0,3.7298368470620744,8.279923550395438,34.16499409923347
Truck_6,520.8248405154121,8,0,0.0,6.050528877620081,16.933903052388814,0,0.0,1.5957309043541272,12.506113103468806,37.08627593783183
Truck_9,523.0509850800644,8,0,0.0,5.309526873457685,16.580132340171303,0,0.46435905608177563,2.113511664997077,13.515261923524122,37.98279185823196
Truck_0,519.4279976100679,8,0,0.0,3.6972815645826813,19.601943934333008,0,0.0,3.6939806097398105,14.981675779331795,41.974881887987294
Truck_1,537.24629049249,8,0,0.0,5.862197896126872,12.450081951082211,0,0.0,2.5144569654947873,8.421067649126485,29.247804461830356
Truck_4,533.8103688094111,8,0,0.0,4.233151403911961,12.343581550833619,0,0.0,3.172416276549143,13.119172104942095,32.86832133623682
Truck_2,531.1808772118312,8,0,0.0,6.14680609702134,19.59723769012021,0,0.0,3.036508462574602,14.247622969895701,43.02817521961185
Truck_8,537.0379427386587,8,0,0.0,5.45766103357937,16.833904373014434,0,0.0,3.476845654931253,11.901380745273741,37.6697918067988
Truck_5,544.692923523851,9,0,0.0,4.083420900048054,14.062252444411115,0,0.0,1.9948550076799165,10.481903731239754,30.62243208337884
Truck_3,546.0601645711356,9,0,0.0,5.530843023316265,15.40338642748668,0,0.0,3.1499750774930817,11.89132085394806,35.975525382244086
Truck_7,548.6780168945498,9,0,0.0,4.843608391982116,15.974816635274124,0,0.0,1.4120386871541086,12.982768464800301,35.21323217921065
Truck_6,557.911116453244,9,0,0.0,4.9504710326837085,17.894210913426946,0,0.0,3.5331708601577247,9.263892349614252,35.64174515588263
Truck_0,561.4028794980552,9,0,0.0,4.579439700447097,17.628098802074987,0,0.6785512589350446,3.3664645713736263,8.090537665058605,34.34309199788936
Truck_9,561.0337769382963,9,0,0.0,5.700110866012892,19.60395613913215,0,0.10452406971512573,2.0092331380169526,8.582604034398969,36.00042824727609
Truck_1,566.4940949543203,9,0,0.0,4.989162541202063,11.405219525597204,0,0.0,3.5538909920369406,11.227538804496817,31.175811863333024
Truck_4,566.6786901456479,9,0,0.0,4.6217302811438685,17.16850173047453,0,0.0,2.815758086007122,10.596693447181224,35.202683544806746
Truck_8,574.7077345454575,9,0,0.0,5.117541915571678,12.945789426699776,0,0.0,2.671560324494635,12.341593683221959,33.07648534998805
Truck_5,575.3153556072299,9,0,0.0,6.080860204782766,11.659164097726148,0,0.0,1.5688978948617205,13.771718319522847,33.08064051689348
Truck_2,574.2090524314431,9,0,0.0,5.0664006792128475,17.258968115309017,0,0.0,2.103511800321826,11.707230377070005,36.136110971913695
Truck_3,582.0356899533797,9,0,0.0,4.384416741103905,17.366906685000345,0,0.0,3.2965529771845468,9.029339047556391,34.07721545084519
Truck_7,583.8912490737605,9,0,0.0,3.209067400644244,14.505620658046041,0,0.0,3.264122150367484,12.609062033416194,33.58787224247396
Truck_6,593.5528616091266,9,0,0.0,3.5708780417108983,12.89806412239193,0,0.0,2.1435302627611463,12.418846188347857,31.03131861521183
Truck_1,597.6699068176533,9,0,0.0,4.316033437413239,12.271607459994584,0,1.1644414131642407,3.039341564829101,8.88431635339316,29.675740228794325
Truck_0,595.7459714959446,9,0,0.0,5.9360669064110425,11.153471742984266,0,0.0,2.5864789828855237,12.860512731064887,32.53653036334572
Truck_9,597.0342051855724,9,0,0.0,3.9013076708562267,13.13546488964073,0,0.0,3.6929609414845572,11.585246368952994,32.31497987093451
Truck_4,601.8813736904547,10,0,0.0,6.029299338077749,17.24339338685411,0,0.0,3.7387919806446916,8.162692148992278,35.17417685456883
Truck_8,607.7842198954455,10,0,0.0,3.9775117457535316,13.506677870219278,0,0.0,2.3504289688293056,9.625691876637916,29.46031046144003
Truck_5,608.3959961241234,10,0,0.0,2.9048507136284343,11.668755018030424,0,0.0,1.9619070229653062,14.636745996983223,31.172258751607387
Truck_2,610.3451634033568,10,0,0.0,5.950558229792705,12.201165698827253,0,0.0,3.7695405705686653,11.091523160732208,33.01278765992083
Truck_6,624.5841802243384,10,0,0.0,2.7309592361311843,10.275095793801029,0,0.0,1.167702583316327,9.033442804429,23.20720041767754
Truck_3,616.1129054042249,10,0,0.0,4.639889165333102,13.604067355522375,0,0.0,3.21100369332612,13.510748971278645,34.96570918546024
Truck_7,617.4791213162345,10,0,0.0,4.185762358765373,16.914409800229237,0,0.0,3.0394706243624796,13.783595282243823,37.92323806560091
Truck_1,627.3456470464477,10,0,0.0,4.72347071238471,17.094126966480985,0,0.0,3.6037912447933422,9.200979072198152,34.62236799585719
Truck_0,628.2825018592903,10,0,0.0,3.6272273275262705,19.615249812288653,0,0.0,2.7289164885035007,10.703935049051779,36.6753286773702
Truck_8,637.2445303568855,10,0,0.0,5.337312856118501,15.03867801594356,0,0.0,2.190540242543534,8.495070091441562,31.061601206047158
Truck_9,629.3491850565069,10,0,0.0,5.670714176784031,19.888111730000787,0,0.0,2.677191092084172,12.887562066179612,41.1235790650486
Truck_5,639.5682548757308,10,0,0.0,2.2678311118257852,17.053501385114828,0,0.0,2.447257043884292,11.920027291328779,33.688616832153684
Truck_4,637.0555505450235,10,0,0.0,6.231734936471071,19.87300775836502,0,0.0,3.406698353692036,8.624253679110438,38.135694727638565
Truck_2,643.3579510632776,10,0,0.0,5.585876114063467,10.576927804425736,0,0.2903064897243439,3.6436607508417183,12.9200040760079,33.016775235063164
Truck_6,647.791380642016,10,0,0.0,3.4662844506596002,14.330472985089386,0,0.0,2.799479758743587,14.909806534327913,35.50604372882049
Truck_3,651.0786145896851,10,0,0.0,3.9696109151386736,18.930449308012385,0,0.0,3.046758656358861,9.191872106596065,35.138690986105985
Truck_7,655.4023593818354,10,0,0.0,5.2556901089960775,10.36665506238603,0,0.0,2.086858679103102,13.25212106762217,30.96132491810738
Truck_0,664.9578305366605,11,0,0.0,3.0638213718796123,14.231479463038909,0,0.0,2.782223972002953,8.119660085272926,28.1971848921944
Truck_1,661.9680150423048,11,0,0.0,4.777896599742803,18.091094933894624,0,0.0,3.804691677691153,9.58704335416428,36.26072656549286
Truck_8,668.3061315629327,11,0,0.0,2.9706613090703513,14.87688391941117,0,0.0,3.2056000106014153,11.510368886383503,32.56351412546644
Truck_9,670.4727641215555,11,0,0.0,5.933859130826249,10.35909055692946,0,1.875984444322171,3.1129676767419596,12.792812256871457,34.074714065691296
Truck_5,673.2568717078844,11,0,0.0,6.048208774612249,12.498280227888813,0,0.0,3.2893442096954004,10.489834331229758,32.32566754342622
Truck_4,675.1912452726621,11,0,0.0,5.315375654858485,11.545100253374471,0,0.0,2.924898923147339,10.721115015603345,30.50648984698364
Truck_2,676.3747262983408,11,0,0.0,3.434464168451882,13.395230992245729,0,1.7721986450039822,3.8147248186431852,11.714192340723457,34.130810965068235
Truck_6,683.2974243708364,11,0,0.0,4.339743935204979,17.567431005968274,0,0.0,3.48031292650694,10.068341915992505,35.4558297836727
Truck_2,0.0,0,0,0.0,5.421212445105213,13.801033200910183,0,0.0,3.514693009128454,11.28520494822482,34.02214360336867
Truck_3,0.0,0,0,0.0,6.094886402237872,13.64542932808354,0,0.0,3.620743170054208,14.186715908346795,37.547774808722416
Truck_6,0.0,0,2,5.421212445105213,3.898071053086233,11.86170532939876,3,5.731804818076384,2.4863296337119607,9.822578041568455,39.221701320947005
Truck_8,0.0,0,4,8.954603657400309,3.8673886722420416,11.109767443773633,3,6.080731762480603,2.898695562101935,8.15703343313156,41.06822053113008
Truck_0,0.0,0,0,0.0,4.586383176736296,15.39311273034201,0,2.757442748065543,3.72873798215344,14.703712000996223,41.16938863829351
Truck_4,0.0,0,0,4.586383176736296,5.259458647533689,11.119093788555485,1,2.39612328755015,3.551734745290968,14.683082222772548,41.59587586843914
Truck_1,0.0,0,0,0.0,5.112901405669562,15.947796686023572,2,5.4049785456041555,3.5468148985992975,12.010778100579998,42.023269636476584
Truck_5,0.0,0,1,5.112901405669562,3.841702251730747,15.138461579246968,4,8.626103782064547,1.499788836862436,9.90293954079624,44.1218973963705
Truck_9,0.0,0,5,9.319283498191446,3.6107390928933096,10.827509010344302,2,5.641591677949492,3.320045739333274,13.477632901354433,46.19680192006626
Truck_7,0.0,0,3,6.094886402237872,4.889888568723308,16.75945735155681,3,5.16695477548053,3.4425319538421704,11.429115268970527,47.78283432081122
Truck_2,34.02214360336867,0,0,0.0,5.056603775127179,10.143096367978359,0,0.0,2.939724564551838,11.913013237607302,30.05243794526468
Truck_3,37.547774808722416,0,0,0.0,5.495650096643395,16.035655771926535,0,0.0,2.365682032567065,9.616664120427465,33.51365202156446
Truck_8,41.06822053113008,0,0,0.0,2.6855816663987326,16.036118699140985,0,1.594657652854508,3.4217664258679577,9.164035379851342,32.902159824113525
Truck_0,41.16938863829351,0,0,0.0,4.35162928497116,13.238448368131408,0,0.0,2.625112258128226,13.732238414481728,33.94742832571252
Truck_1,42.023269636476584,0,1,1.7305325610522289,5.072091837906861,13.387749596121182,1,2.6523921181541468,1.778190464607917,11.933234877767575,36.55419145560991
Truck_6,39.221701320947005,0,0,0.0,5.66767461418317,16.760408248553304,0,0.0,3.2162515660275233,14.444267239190523,40.08860166795452
Truck_7,47.78283432081122,0,0,1.0430597146244551,4.7408851036661375,10.64965154088486,3,4.261772395045185,3.594785383468789,8.768697161719771,33.0588512994092
Truck_9,46.19680192006626,0,0,0.0,5.634129648846006,13.47458127382717,2,4.712515947867217,3.4331696315164066,9.381944326687076,36.636340828743876
Truck_4,41.59587586843914,0,0,1.4475490369266737,6.200418285087082,12.406228280171078,0,3.1562735047682935,3.671858099639593,14.898108004317137,41.78043521090986
Truck_5,44.1218973963705,0,0,0.7674785387596756,4.919763013073414,13.987298825802263,2,2.8477884403130673,3.37380257628773,14.305462284469769,40.20159367870592
Truck_2,64.07458154863335,1,0,0.0,4.416923934305601,10.187875420195681,0,0.0,2.204680692106379,11.136046561532979,27.94552660814064
Truck_3,71.06142683028688,1,0,0.0,2.428838158325675,18.307068591411337,0,0.0,2.7615913919230195,8.504107697422754,32.001605839082785
Truck_1,78.5774610920865,1,0,0.0,3.697676302626803,10.498882279690804,0,1.04769747092395,2.7881397713558442,9.448721676591177,27.481117501188578
Truck_8,73.9703803552436,1,0,0.0,6.140469244284802,12.413623065106279,0,0.0,1.2972444806933652,12.521157033620725,32.37249382370517
Truck_7,80.84168562022042,1,0,0.0,5.050653535916382,10.819926789074671,0,0.0,2.4945751506505616,11.000206896652315,29.36536237229393
Truck_0,75.11681696400603,1,0,0.0,4.827236362340187,19.023294409985027,0,0.0,3.4514940220779096,10.495749782990671,37.797774577393795
Truck_9,82.83314274881013,1,0,0.0,6.215708759296106,12.362443451995475,0,0.0,3.5316028676258497,10.542435668408984,32.652190747326415
Truck_4,83.376311079349,1,0,0.0,5.577429893435692,13.714078656186643,0,2.2750781987562334,2.5646600051369433,10.549671388111221,34.680918141626734
Truck_5,84.32349107507642,1,0,0.9289128018469341,3.562083810791833,12.816154102915476,0,0.7881999677784961,3.2461484637650244,14.023227146709743,35.36472629380751
Truck_6,79.31030298890153,1,0,0.0,5.942100888021827,18.044492418028767,1,2.3680939272220627,3.0833181553763893,11.373520792672522,40.81152618132157
Truck_2,92.02010815677399,1,0,0.0,5.972091949653489,17.660662151736048,0,0.0,3.64083616202133,8.475459277298299,35.749049540709166
Truck_3,103.06303266936966,1,0,0.0,2.6630179009829504,10.735732134453116,0,0.0,2.8587531652328835,14.36609674670828,30.62359994737723
Truck_7,110.20704799251435,1,0,0.0,5.835178739093436,11.511596107851261,0,0.0,3.5043478069895144,11.152733694143024,32.003856348077235
Truck_0,112.91459154139983,1,0,0.0,5.2566055344071145,12.678819679856403,0,0.0,2.5943816963061295,9.398228262727315,29.928035173296962
Truck_1,106.05857859327507,1,0,0.0,4.562386276067116,16.558485150112645,0,0.0,2.7686564704891907,13.851068313678866,37.74059621034782
Truck_8,106.34287417894878,1,0,0.0,5.682630637709423,18.86003167685449,0,0.1726341529358706,3.3507110836644074,10.968560828230096,39.03456837939429
Truck_4,118.05722922097573,1,0,0.0,6.220333570998449,10.714555446403878,0,0.0,3.32351111793065,8.903592096395869,29.161992231728846
Truck_9,115.48533349613655,1,0,0.0,5.197279012421049,16.44517261083719,0,0.0,2.2991782554888687,12.838714984261031,36.78034486300814
Truck_5,119.68821736888393,1,0,0.0,5.973504877225636,16.117277590285667,0,0.0,3.1392634286740417,10.64410152261712,35.874147418802465
Truck_6,120.1218291702231,2,0,0.0,6.200618640182213,18.82984527455592,0,0.0,3.6870091316532694,9.353398364407894,38.0708714107993
Truck_2,127.76915769748315,2,0,0.0,5.476417055147195,15.737509938676965,0,0.0,3.246925231526234,10.333597017160145,34.79444924251054
Truck_3,133.6866326167469,2,0,0.0,5.052498365078577,16.27737692463839,0,0.0,2.4504416764698362,9.011709130943217,32.79202609713002
Truck_4,147.21922145270457,2,0,0.0,4.65686268647778,12.664708351969097,0,0.0,3.6479805653294477,9.530801006414919,30.500352610191243
Truck_8,145.37744255834306,2,0,0.0,5.469392439834849,13.135882667185626,0,0.0,3.2931581512967227,10.50010013793431,32.39853339625151
Truck_7,142.21090434059158,2,0,0.0,4.526415635622811,19.330790386899906,1,2.1206626933665973,3.090091017785653,9.897248386368886,38.965208120043854
Truck_1,143.7991748036229,2,0,0.0,5.995995793690298,16.097569044998124,0,1.383136174348948,3.124240034217621,12.561290840903979,39.16223188815897
Truck_0,142.8426267146968,2,0,0.0,5.812598468167948,17.56780417053284,2,4.177086497480303,3.8147716606320614,9.353277193251387,40.72553799006454
Truck_9,152.2656783591447,2,0,0.0,5.818410631141347,10.292746760892868,1,2.9020283230876487,3.637074482198557,9.049558628816811,31.699818826137232
Truck_2,162.5636069399937,2,0,0.0,4.39833899918122,11.888685175069213,0,0.0,2.1937107125733064,11.556966691319786,30.037701578143526
Truck_5,155.5623647876864,2,0,0.0,5.1080792209139645,17.41789679852002,0,0.0,3.182318464143833,12.027269732092947,37.73556421567076
Truck_6,158.1927005810224,2,0,0.0,4.2626381891940355,17.675444953243954,0,0.9135581033570475,3.390009753074793,11.750656214853706,37.992307213723535
Truck_3,166.4786587138769,2,0,0.0,3.708969210595825,15.156094015321571,0,0.0,2.416337273956742,12.488800285528697,33.770200785402835
Truck_4,177.71957406289582,2,0,0.0,5.939132634388329,13.113934797747532,0,0.0,2.6695265468497666,12.125773612619327,33.848367591604955
Truck_1,182.96140669178186,3,0,0.0,6.007675613947129,12.718777219545217,0,1.5724552833850396,3.73405739454347,8.69784819900022,32.730813710421074
Truck_8,177.77597595459457,2,0,0.0,4.622669901435074,17.489795349652383,0,0.0,3.3718736029772174,12.659555014584214,38.14389386864889
Truck_0,183.56816470476133,3,0,0.0,4.289421131602609,12.84408414750851,0,0.0,3.404170742024263,12.844008318635105,33.38168433977049
Truck_7,181.17611246063544,3,0,0.0,6.1919613670712295,15.547222515934521,1,1.1905443822555242,3.403105324021169,10.827322056112479,37.16015564539492
Truck_9,183.96549718528192,3,0,0.0,4.979551171676462,19.320269473869416,0,0.0,1.9886677274058968,11.88078911881783,38.169277491769606
Truck_2,192.60130851813722,3,0,0.0,6.119520119057796,14.010964891903399,0,1.557627636775834,2.469111314688945,8.528643267271633,32.68586722969761
Truck_3,200.24885949927975,3,0,0.0,5.20808872450047,10.508437290111601,0,0.0,1.2086286129243433,10.835186870158168,27.760341497694583
Truck_6,196.18500779474593,3,0,0.0,5.651884643556258,10.382805316070943,0,0.0,3.0704661236426034,13.37312982059504,32.478285903864844
Truck_5,193.29792900335715,3,0,0.0,3.7126241528313813,13.716373156709324,0,0.0,3.5624948529763856,14.48606011433995,35.47755227685704
Truck_4,211.56794165450077,3,0,0.0,5.517912953870336,14.92192125223147,0,0.0,3.3985811758145132,14.257665956637453,38.09608133855377
Truck_8,215.91986982324346,3,0,0.0,4.964435018358188,11.4126941177515,0,0.0,3.7307045948579685,13.971601188660657,34.07943491962831
Truck_0,216.94984904453182,3,0,0.0,5.0869572495780915,16.57153944924994,0,0.0,3.2162226756076677,8.446914188304959,33.32163356274066
Truck_1,215.69222040220293,3,0,0.0,4.666384420319417,19.124907163212583,0,0.0,2.3668039056338444,13.972026203154911,40.130121692320756
Truck_9,222.13477467705152,3,0,0.0,5.440654311791292,12.151918105284096,1,2.1229687972418674,1.3376146560359814,14.602903164860066,35.6560590352133
Truck_7,218.33626810603036,3,0,0.0,4.5364640075303555,16.78638028764422,0,2.1654560177625797,2.4459227743806196,13.796736118005214,39.73095920532299
Truck_6,228.66329369861077,3,0,0.0,5.970208139303423,13.573458651440035,0,0.0,2.5217365631891084,11.627202572008116,33.69260592594068
Truck_2,225.28717574783482,3,0,0.0,6.1821752181378145,15.047680315206378,0,0.0,3.4322242850873295,14.883929836739242,39.546009655170764
Truck_5,228.7754812802142,3,0,0.0,4.186441567284334,16.429509389875676,0,0.557823328892141,3.2767892650871318,14.862398822606451,39.312962373745734
Truck_3,228.00920099697433,3,0,0.0,5.655477231784488,17.895989717563964,0,0.0,2.7261699781274444,14.853780868639404,41.1314177961153
Truck_4,249.66402299305454,4,0,0.0,5.8543104358464575,13.67048011366208,0,0.0,3.5157547296509506,8.685506459690373,31.72605173884986
Truck_8,249.99930474287177,4,0,0.0,5.951774489200602,12.808165597720603,0,0.0,3.2095748829221407,12.23871775572303,34.208232725566376
Truck_0,250.27148260727247,4,0,0.0,4.73345717172981,17.758107994259802,0,0.0,2.6537354796922727,9.586879000770466,34.73217964645235
Truck_6,262.35589962455145,4,0,0.0,5.678422235358482,10.306705908285267,0,0.0,3.5761964905858576,8.63081757396401,28.192142208193616
Truck_9,257.7908337122648,4,0,0.0,5.809246762188479,10.464961504260316,0,0.0,3.082309729170049,14.611213493571256,33.9677314891901
Truck_1,255.8223420945237,4,0,0.0,2.914430633121384,15.39505193075155,0,1.284958594557736,3.053949424689449,13.68330721173362,36.33169779485374
Truck_5,268.0884436539599,4,0,0.0,2.1274043282573416,12.25009018863858,0,0.0,1.337048916012975,13.531991093314787,29.246534526223684
Truck_7,258.06722731135335,4,0,0.0,5.320978476134883,18.567797843459687,0,0.0,3.33651069849185,13.057917416880798,40.28320443496722
Truck_2,264.8331854030056,4,0,0.0,5.895948178175786,15.901593034435052,0,0.0,2.8803761716395115,10.68236265626814,35.36028004051849
Truck_3,269.14061879308963,4,0,0.0,3.7608946067604734,18.766331376372477,0,0.0,2.4978827806317554,9.80828048824742,34.833389252012125
Truck_4,281.3900747319044,4,0,0.0,5.069044821891339,11.60886033672449,0,0.0,3.807415179092118,8.93371024052118,29.419030578229126
Truck_0,285.0036622537248,4,0,0.0,6.109520254041286,14.179274538332265,0,0.0,2.7060557156575555,11.450342870666304,34.44519337869741
Truck_9,291.7585652014549,4,0,0.0,4.9264508472834905,12.231773124640256,0,0.0,2.13806652159883,9.026836972276897,28.323127465799473
Truck_1,292.15403988937743,4,0,0.0,5.382184314846768,10.276341621302493,0,0.18594693622924297,2.9959136210003976,10.410995431969639,29.25138192534854
Truck_8,284.20753746843815,4,0,0.0,4.789613336742661,17.1992042174719,0,0.0,2.0398969199437147,13.328119715748244,37.35683418990652
Truck_6,290.54804183274507,4,0,0.0,4.8912658845538886,14.206019872483864,0,1.349098792973507,3.4168855084600978,11.454988516303729,35.318258574775086
Truck_7,298.35043174632057,4,0,0.0,3.412990897207351,15.64944256050984,0,0.0,2.7809993680132266,8.03374865675147,29.877181482481888
Truck_2,300.1934654435241,5,0,0.0,5.0137741048988005,10.13775771212238,0,0.0,2.627782084735145,13.077274141725411,30.856588043481736
Truck_5,297.3349781801836,4,0,0.0,5.371191435517119,14.744205652157007,0,0.5224040774226637,3.1317124439393638,14.36522825943814,38.13474186847429
Truck_3,303.97400804510175,5,0,0.0,5.099617136272457,13.351539734380253,0,0.0,3.5531534672065845,11.53538311402815,33.539693451887445
Truck_0,319.44885563242224,5,0,0.0,4.6110556784568075,12.130677906386211,0,0.0,1.1344600778617746,10.39977874126538,28.275972403970172
Truck_4,310.80910531013353,5,0,0.0,6.085287185620871,15.514914334726427,0,0.0,2.927593241408431,14.799543523208172,39.3273382849639
Truck_1,321.40542181472597,5,0,0.0,3.848904832800315,11.25918594850657,0,0.0,3.6412565058242876,14.50307769064716,33.25242497777833
Truck_6,325.86630040752016,5,0,0.0,3.7414871149849205,13.811343301198917,0,0.0,2.0107313672746727,9.790217035070839,29.35377881852935
Truck_9,320.0816926672544,5,0,0.0,4.833514655279657,19.792741215469164,0,0.0,3.574304695309195,9.846112115369863,38.04667268142788
Truck_8,321.56437165834467,5,0,0.0,5.154075921827996,18.60379951703061,0,0.10761509377539369,3.1680068373864856,12.437685433914908,39.47118280393539
Truck_7,328.22761322880245,5,0,0.0,4.559545150458405,13.142018431092936,0,2.3530764229586225,3.057609125610668,9.839731424459217,32.95198055457985
Truck_5,335.4697200486579,5,0,0.0,3.745060912972349,13.11653982752216,0,0.0,3.644172735563984,10.570314307791591,31.076087783850085
Truck_2,331.0500534870058,5,0,0.0,5.348614975226667,13.509891096572858,0,0.0,2.1162418136172505,14.556494978998956,35.53124286441573
Truck_3,337.5137014969892,5,0,0.0,4.7714519826807305,18.582940235264005,0,0.0,3.706643739503477,12.621799204787862,39.682835162236074
Truck_4,350.13644359509743,5,0,0.0,4.664855894809875,17.367970691436653,0,0.0,2.804309683257827,9.560486903730407,34.39762317323476
Truck_0,347.7248280363924,5,0,0.0,4.283369475362463,16.954441596646234,0,0.0,3.0227421048969063,12.89913635332556,37.15968953023116
Truck_1,354.6578467925043,5,0,0.0,2.9177047963355562,17.189665770438125,0,0.0,3.5374378630885417,8.259600375785283,31.904408805647506
Truck_6,355.2200792260495,5,0,0.0,5.484609411630743,19.718036400348808,0,0.0,2.4620778232350062,8.545453347384239,36.210176982598796
Truck_8,361.03555446228006,6,0,0.0,5.201713310057926,14.881567207255955,0,0.0,3.7147788679650944,9.641303372665845,33.43936275794482
Truck_9,358.1283653486823,5,0,0.0,2.3933978179340443,17.530334397877482,0,0.0,2.1000215275777805,14.776382240693522,36.80013598408283
Truck_7,361.1795937833823,6,0,0.0,5.05519955742227,18.920538583649147,0,0.0,2.280430835110735,8.242236534335746,34.4984055105179
Truck_2,366.58129635142154,6,0,0.0,4.267292049651132,11.774202892658138,0,0.26201156753324994,2.4576640416732403,14.124524074406168,32.88569462592193
Truck_5,366.545807832508,6,0,0.0,5.75275135786984,15.097485208061016,0,0.0,2.601921898907733,13.099032440034193,36.55119090487278
Truck_3,377.1965366592253,6,0,0.0,5.908431833519728,15.161353715610574,0,0.0,2.012759138089791,12.5072411643049,35.589785851524994
Truck_0,384.8845175666236,6,0,0.0,4.11975875944438,10.47866692036871,0,0.0,3.560504820250003,11.466451551350303,29.625382051413396
Truck_4,384.5340667683322,6,0,0.0,3.4155034582623784,12.027703517186978,0,0.3018076026638141,3.1766998296413362,14.39794749041937,33.31966189817388
Truck_6,391.4302562086483,6,0,0.0,5.505452168686645,10.346902557812143,0,0.0,3.2922676001433047,12.28612640248241,31.430748729124502
Truck_1,386.5622555981518,6,0,0.0,4.537337616529953,18.994761165832188,0,0.0,2.8849246742539663,14.164052170316381,40.58107562693249
Truck_8,394.4749172202249,6,0,0.0,3.8577580363167954,15.720782809202149,0,0.0,3.685630270645845,9.944853864681136,33.209024980845925
Truck_7,395.6779992939002,6,0,0.0,5.148630641245177,12.628233916666375,0,0.0,2.3963718175828035,12.674974180855656,32.84821055635001
Truck_2,399.46699097734347,6,0,0.0,3.98948034787486,15.115580726719372,0,0.0,2.3816901969232163,12.455362949087089,33.94211422060454
Truck_9,394.9285013327651,6,0,0.0,6.081346940473736,18.58345252059746,0,0.0,1.8960289423380914,12.299517560575623,38.86034596398491
Truck_3,412.78632251075027,6,0,0.0,4.150288406637628,14.209238838686076,0,0.0,1.816991179483864,8.549107547039966,28.725625971847535
Truck_5,403.0969987373808,6,0,0.0,5.708368326096831,18.933064812793987,0,0.0,3.4943536299640527,11.56372712603553,39.6995138948904
Truck_0,414.50989961803697,6,0,0.0,4.975358427686672,19.443190507480097,0,0.0,2.7822745898497487,12.978002651127781,40.1788261761443
Truck_4,417.8537286665061,6,0,0.0,3.281852259094137,19.8508534655042,0,0.0,3.3259002740162487,14.788028080471406,41.24663407908599
Truck_6,422.8610049377728,7,0,0.0,3.5847985994073497,19.859017949912527,0,0.0,3.7440970707996826,11.818165935220975,39.006079555340534
Truck_8,427.6839422010708,7,0,0.0,4.359267885889722,11.946880416425245,0,0.0,3.803391295323138,14.352353831670769,34.46189342930887
Truck_7,428.5262098502502,7,0,0.0,3.9142987357405445,14.030845765827394,0,1.322127446890761,3.3221498851364117,12.949078811387494,35.538500644982605
Truck_1,427.1433312250843,7,0,0.0,5.4331861596263025,19.955042252757664,0,0.0,3.77723803625895,8.331651939829953,37.49711838847287
Truck_9,433.78884729675,7,0,0.0,5.349996548796355,15.570538426812846,0,0.0,1.7411971566054376,11.572449599897254,34.23418173211189
Truck_2,433.409105197948,7,0,0.0,4.9457629224560264,17.497332445446318,0,0.4565971078768598,3.0792517159216004,10.977392679823538,36.95633687152434
Truck_3,441.5119484825978,7,0,0.0,5.162355810980728,19.56470697635808,0,0.0,2.7107659887046793,9.742362969773637,37.180191745817126
Truck_5,442.7965126322712,7,0,0.0,4.907865663757832,18.227794737421334,0,0.0,3.1086236104028444,12.68984544469322,38.93412945627523
Truck_0,454.68872579418127,7,0,0.0,4.40700161813686,13.426746963579035,0,0.0,3.5204798774886967,11.44818018997313,32.80240864917772
Truck_6,461.86708449311334,7,0,0.0,4.99696546037228,17.456237878796628,0,0.0,2.727593648533002,8.88020876477708,34.06100575247899
Truck_4,459.10036274559207,7,0,0.0,4.314162847097975,16.694621138668197,0,0.0,3.69685663577917,13.354124968695714,38.05976559024106
Truck_8,462.1458356303797,7,0,0.0,5.2281947493445955,18.17019231105502,0,1.5036587900359564,3.5621824678041776,11.093470398589659,39.55769871682941
Truck_7,464.0647104952328,7,0,0.0,3.5396798229676847,16.99052822359141,0,0.0,3.431831135289599,14.4450957150259,38.407134896874595
Truck_2,470.36544206947235,7,0,0.0,3.1234334444788487,17.086831192329498,1,0.8403984769643671,3.2958480154917424,9.73221717314135,34.07872830240581
Truck_9,468.0230290288619,7,0,0.0,6.093163469543015,12.342840456308693,1,1.5677167223678907,3.389355506163554,13.719971761436454,37.11304791581961
Truck_1,464.64044961355717,7,0,0.0,5.214901655922802,18.563519014082374,0,2.191193665057085,2.935125692453937,11.720239435048995,40.62497946256519
Truck_5,481.7306420885464,8,0,0.0,3.044855632939914,10.146453610728713,0,0.0,3.7478427809081154,12.109894629540577,29.04904665411732
Truck_3,478.6921402284149,7,0,0.0,5.292658525797265,17.41724027924721,0,0.0,2.57275648717291,10.217901819049814,35.5005571112672
Truck_0,487.491134443359,8,0,0.0,5.111070041583957,10.447396481520173,0,0.0,1.9050745405741054,10.861141332022157,28.324682395700393
Truck_4,497.1601283358331,8,0,0.0,3.7968297852774526,19.261650328394012,0,0.0,2.0172784675987714,11.553340890271329,36.629099471541565
Truck_8,501.7035343472091,8,0,0.0,4.4142403179723715,16.46745351350529,0,1.2288749231051952,2.826359639885254,8.855048592749426,33.79197698721754
Truck_7,502.4718453921074,8,0,0.0,3.290828395822132,14.461213568024732,0,0.0,3.590215745837668,12.062403727670471,33.404661437355
Truck_6,495.92809024559233,8,0,0.0,5.700086669853533,19.281175736129683,0,1.3265342655278118,2.886844836989326,13.932843718432423,43.12748522693278
Truck_2,504.44417037187816,8,0,0.0,2.632313796832534,16.96245374107849,0,1.0837938443035,3.717741224331121,10.657394090576872,35.05369669712252
Truck_1,505.26542907612236,8,0,0.4972447118071841,5.801418751687095,17.33135733447483,0,2.4212700022302442,3.180998428982207,8.676034032394568,37.90832326157613
Truck_9,505.1360769446815,8,0,0.0,4.398406921927062,19.117373240209588,0,0.0,3.3815347375441434,13.128988028804542,40.026302928485336
Truck_5,510.7796887426637,8,0,0.0,5.758636483890143,12.148966109722778,0,0.15318164214716035,2.4762468978979086,14.07740804489083,34.61443917854882
Truck_3,514.1926973396821,8,0,0.0,5.29116659019553,15.31405661379506,0,0.0,3.4409417498560515,14.146640387571097,38.19280534141774
Truck_0,515.8158168390594,8,0,0.0,5.3674406919244575,19.522331951980618,0,0.0,2.1815962099940407,11.418976540383028,38.490345394282144
Truck_4,533.7892278073747,8,0,0.0,4.963971710656892,11.735298710622374,0,0.0,3.294997262012089,14.12581837305595,34.120086056347304
Truck_6,539.0555754725251,8,0,0.0,3.65304897233716,15.56590868347189,0,0.0,3.253953725148108,10.447331054298388,32.920242435255545
Truck_7,535.8765068294624,8,0,0.0,4.238539873810737,19.181143117748206,1,2.5312850307902863,2.702838577536795,9.352010162993224,38.00581676287925
Truck_1,543.1737523376985,9,0,0.0,4.485775874155934,10.67997317607501,0,3.1889854655528325,2.1477230662060265,10.935029040679524,31.437486622669326
Truck_8,535.4955113344266,8,0,0.0,5.248058123367514,17.339795765637064,0,0.0,3.7441096283804427,14.607356429656988,40.93931994704201
Truck_2,539.4978670690007,8,0,0.0,4.860628534900229,19.212635352282632,0,0.10507896350475221,2.4460331897435026,10.368812966785299,36.993189007216415
Truck_9,545.1623798731669,9,0,0.0,5.785552408071908,12.662173007741103,1,0.9202081403685725,3.7043295490135506,12.420631723125325,35.49289482832046
Truck_5,545.3941279212125,9,0,0.0,5.241175541702319,19.50137276104101,0,0.0,2.982017330190388,11.385228256501364,39.10979388943508
Truck_0,554.3061622333415,9,0,0.0,4.342597317284117,14.217620288309945,0,0.0,1.7291372326952796,12.812415247463264,33.101770085752605
Truck_3,552.3855026810999,9,0,0.0,5.048938899739142,15.610924415437353,0,0.0733275578699022,3.5729928374605606,13.657090696085334,37.96327440659229
Truck_6,571.9758179077807,9,0,0.0,2.858930905388547,12.164798726363642,0,0.0,3.7155084851762012,14.28987291646581,33.0291110333942
Truck_1,574.6112389603678,9,0,0.0,4.898670154930869,11.512850096544412,0,1.834817015154158,3.41632151325166,9.257454266794753,30.92011304667585
Truck_4,567.909313863722,9,0,0.0,3.9349667649703406,17.39566944238652,0,0.0,3.6176261559184013,12.999390049739532,37.947652413014794
Truck_7,573.8823235923417,9,0,0.0,4.820641492858613,11.018055887111018,0,0.9940350523977486,3.219011570508542,12.788413893327515,32.840157896203436
Truck_8,576.4348312814686,9,0,0.0,5.713808829180266,12.957227234219886,0,1.1680303953801285,2.1294243599247693,10.773273157532913,32.74176397623796
Truck_9,580.6552747014873,9,0,0.0,4.888188022281724,13.959832802287451,0,0.0,1.7088576661229808,10.48633889317989,31.043217383872047
Truck_2,576.4910560762171,9,0,0.0,4.451532142151905,13.880630368442212,0,0.0,2.104181619978135,14.844881626650135,35.28122575722239
Truck_5,584.5039218106476,9,0,0.0,5.755232673253317,17.01239088564239,0,0.0,3.4211444196962475,10.213145897730215,36.40191387632217
Truck_3,590.3487770876922,9,0,0.0,5.263996355214317,18.59957913517792,0,0.0,3.000081564746665,8.879136741779575,35.74279379691848
Truck_1,605.5313520070437,10,0,0.0,2.6568573171282424,18.051274198194847,0,0.0,3.171177738264646,8.731027000162157,32.61033625374989
Truck_7,606.7224814885451,10,0,0.0,5.0947674645736925,12.542428894581803,0,0.0,1.2464625686614,13.703932156373867,32.58759108419076
Truck_6,605.0049289411749,10,0,0.0,5.3278703981471836,13.258519479517872,0,0.0,3.77878465392439,14.252296713535316,36.61747124512476
Truck_9,611.6984920853594,10,0,0.0,3.1282293696684746,13.530023584412106,1,2.3595317648995433,2.5280128848643244,9.417798692630527,30.963596296474975
Truck_2,611.7722818334395,10,0,0.0,3.8041891358236626,12.748199753587528,0,1.0859905377807308,1.6178171831228383,11.92127008148168,31.17746669179644
Truck_4,605.8569662767368,10,0,0.0,4.339747844182966,16.81949894379386,0,0.35389040805068817,3.346173331575187,14.982668342529678,39.84197887013238
Truck_8,609.1765952577066,10,0,0.0,3.6249987138032793,18.936278846037908,0,0.0,3.317573025743286,12.009499765605028,37.8883503511895
Truck_5,620.9058356869698,10,0,0.0,3.9898923284006287,13.983039519535168,0,0.0,3.1195573200302533,10.220155243401223,31.312644411367273
Truck_3,626.0915708846106,10,0,0.0,6.009425169769884,15.31728731833175,0,0.0,3.034277944762607,8.490490139865301,32.85148057272954
Truck_7,639.3100725727359,10,0,0.0,3.088990155335523,12.198638507857936,0,0.0,2.40482391191199,12.931171568664695,30.623624143770144
Truck_6,641.6224001862996,10,0,0.0,4.923786774945256,11.766369754793345,0,0.0,3.5469677470791794,8.261714594718569,28.49883887153635
Truck_9,642.6620883818343,10,0,0.0,4.711880261426131,11.485538654983998,0,0.0,3.75281027771598,9.334294900598593,29.284524094724702
Truck_1,638.1416882607936,10,0,0.0,6.163902913976244,15.880506064324777,0,1.6734272240228165,3.0357292347084694,10.0352344957779,36.78879993281021
Truck_0,587.4079323190941,9,0,0.0,4.235891595088333,19.692240188986602,0,0.0,3.129094227957353,9.992270787382381,91.926463608988
Truck_4,645.6989451468692,10,0,0.8218455768866306,4.634162796457645,14.531607327395022,0,0.0,2.892914870870186,11.154593366848076,34.03512393845756
Truck_8,647.0649456088961,10,0,0.0,5.728908765708184,10.247468818320044,0,0.0,2.4586447004700176,14.924414596855627,33.35943688135387
Truck_2,642.9497485252359,10,0,1.3558426495338836,6.013710889949039,17.24365985253155,0,1.0165138012282569,2.53254049474117,12.329569452608553,40.49183714059245
Truck_5,652.2184800983371,10,0,0.0,5.198740356218536,16.846779571615343,0,0.0,3.5797118691107244,9.537876881005559,35.16310867795016
Truck_3,658.9430514573402,10,0,0.0,5.995492381589088,12.376854078021552,0,0.0,3.759528031153195,12.416859934629542,34.54873442539338
Truck_7,669.933696716506,11,0,0.0,2.450839828981543,12.124896795666587,0,0.0,3.256990093277068,10.435357972163274,28.26808469008847
Truck_6,670.121239057836,11,0,0.0,3.459849684740334,11.030009015113706,0,0.0,3.6944160204418495,12.680416899776333,30.86469162007222
Truck_9,671.946612476559,11,0,0.0,3.943775371851416,17.78074360648236,0,0.0,3.4869348741951853,12.817167903805966,38.02862175633493
Truck_1,674.9304881936038,11,0,0.0,5.892523416508652,15.473101976123075,0,0.19356682148190885,1.82502666413734,12.061413225962383,35.44563210421336
Truck_0,679.3343959280821,11,0,0.0,4.651425777489635,10.599508003904134,0,0.0,1.904350698241501,14.254989965479808,31.41027444511508
Truck_8,680.42438249025,11,0,0.0,5.283569036763083,14.262326997028254,0,0.0,2.436281922329158,10.356126327098309,32.338304283218804
Truck_4,679.7340690853267,11,0,0.0,4.522747892173584,17.277021279897326,0,0.0,2.4795641212216424,12.69331440550468,36.97264769879723
Truck_2,683.4415856658284,11,0,0.0,5.266919939708259,14.638410656080282,0,0.0,3.5358163467085433,10.011878146445838,33.45302508894292
Truck_5,687.3815887762872,11,0,0.0,4.950270104919696,11.549000687584112,0,0.1325428098282373,3.373712005601533,10.233763158957458,30.239288766891036
Truck_1,0.0,0,0,0.0,5.198935287804559,10.133016415464212,0,0.0,3.4251190499128725,11.06625527461825,29.823326027799894
Truck_0,0.0,0,0,0.0,6.143742376877978,13.832820445877196,0,0.0,3.6720617333753296,8.857304260945835,32.50592881707634
Truck_3,0.0,0,0,0.0,5.845264750324574,16.974911122343613,0,0.0,3.738038735923542,9.54172270801175,36.09993731660348
Truck_4,0.0,0,0,5.198935287804559,2.3236464262680094,15.30296953082312,0,0.8230733112348148,2.3165972802231813,13.022061015711763,38.98728285206545
Truck_5,0.0,0,1,5.7899814702107975,5.1428650944514125,13.344986793355908,0,1.687388478335567,1.9867654386359348,11.424438912919086,39.376426187908706
Truck_7,0.0,0,3,6.143742376877978,5.330291310832036,19.06164193633554,0,0.0,2.9732910909221246,9.184399020511833,42.69336573547951
Truck_8,0.0,0,4,7.522581714072569,3.896032932560928,17.2901515321147,0,0.0,1.8024536912862423,13.43235510500351,43.94357497503795
Truck_2,0.0,0,0,0.0,5.7899814702107975,18.652832743959536,1,2.115400394421396,3.495255633929812,13.97861486925607,44.03208511177761
Truck_6,0.0,0,2,5.845264750324574,5.285279424032472,19.992878290178552,0,0.0,3.01080325713059,10.491603672956217,44.62582939462241
Truck_9,0.0,0,5,10.93284656466221,5.7926937512071675,14.78829305629926,0,1.9951333427990399,3.070837080035453,12.616950459933413,49.19675425493654
Truck_1,29.823326027799894,0,0,0.0,5.019378540534049,10.675236996876762,0,0.0,3.738038977478297,8.669949480862215,28.102603995751323
Truck_3,36.09993731660348,0,0,0.0,3.3463064168483,10.552223740155426,0,0.0,2.6859002272953205,11.88376216808841,28.468192552387457
Truck_5,39.376426187908706,0,0,0.0,3.5246416891666215,11.164825518350689,0,0.0,3.3208717141088613,9.684424264921546,27.694763186547718
Truck_0,32.50592881707634,0,0,0.0,4.699851318483901,19.753231007088978,0,0.4277539668856605,2.132856311284776,8.158460227395913,35.17215283113923
Truck_4,38.98728285206545,0,0,0.0,4.158262138769501,12.350304801441396,0,0.0,2.8555688520214417,10.89334718945863,30.25748298169097
Truck_8,43.94357497503795,0,0,0.0,4.784257891373379,16.36674538982033,0,0.0,2.7915151757936627,14.643330991522674,38.58584944851005
Truck_7,42.69336573547951,0,0,0.0,3.7175013286463283,18.724867581668548,0,0.0,3.7290680924177053,14.949472931317416,41.12090993405
Truck_9,49.19675425493654,0,0,0.0,5.628231096050733,16.630250382508848,0,0.0,3.324163162449892,9.395180717099677,34.97782535810915
Truck_6,44.62582939462241,0,0,0.0,6.008853743610835,18.828701141168935,0,0.0,3.2790994827085598,12.275032913225687,40.39168728071402
Truck_2,44.03208511177761,0,0,0.0,4.531117454684676,19.3165222651215,0,0.00636860044153309,3.436477464095219,14.09442905779683,41.38491484213976
Truck_1,57.92593002355122,0,0,0.0,3.3177584543226857,17.487852645525322,0,0.0,2.1501643558882364,14.443484003795362,37.399259459531606
Truck_3,64.56812986899094,1,0,0.0,5.6110619725186694,13.109290916425508,0,0.0,2.4601804832186076,12.129649901333082,33.310183273495866
Truck_0,67.67808164821557,1,0,0.0,4.404371036894176,17.377253735693074,0,0.0,2.272840344470964,11.410653958093576,35.46511907515179
Truck_4,69.24476583375642,1,0,0.0,4.039111438169769,17.779685126840306,0,0.0,3.5464924004818386,9.55557753609061,34.92086650158252
Truck_5,67.07118937445642,1,0,0.0,5.706232033964284,14.380921230090166,0,0.0,3.148658909358886,13.905425385290584,37.14123755870392
Truck_8,82.529424423548,1,0,0.0,5.115245431215143,16.6416751577936,0,0.0,2.9328822985948193,8.888564738880333,33.578367626483896
Truck_9,84.1745796130457,1,0,0.0,3.1421625026313222,11.371257338634692,0,0.0,3.7736800776406625,14.90405556018385,33.191155479090526
Truck_7,83.81427566952951,1,0,0.0,2.606097245102049,17.43970990699397,0,0.0,2.622059725306457,14.629960324145799,37.29782720154827
Truck_6,85.01751667533642,1,0,0.0,3.9531525209594633,18.09290107594788,0,0.0,3.4671767690924327,11.967062630147709,37.48029299614748
Truck_2,85.41699995391737,1,0,1.003372960714188,4.6457744963212235,19.977490019479134,0,0.0,3.040937525203475,11.375919298952311,40.04349430067033
Truck_0,103.14320072336736,1,0,0.0,5.762813426567547,10.201782828280699,0,0.0,3.79447689291149,9.82259864358501,29.581671791344746
Truck_3,97.8783131424868,1,0,0.0,6.087082833795748,15.180526616083938,0,0.0,2.9770244289849472,10.917235752951441,35.161869631816074
Truck_1,95.32518948308282,1,0,0.0,4.403470305578196,19.681113310496173,0,2.713173922194244,3.4010126463138874,9.585281779735354,39.784051964317854
Truck_5,104.21242693316034,1,0,0.0,4.027686401248161,16.349578432980593,0,0.0,1.5092923129572426,14.760404417533678,36.646961564719675
Truck_4,104.16563233533894,1,0,0.0,5.582190216134251,19.260802142148734,0,0.0,1.3203312614122638,12.694771771952674,38.85809539164792
Truck_8,116.10779205003189,1,0,0.0,5.199484160333739,10.350133087575713,0,0.0,2.3526751383367923,10.729714650598822,28.632007036845067
Truck_9,117.36573509213622,1,0,0.0,5.617949418542025,11.223058240288225,0,0.0,2.262552488872501,11.329770892678226,30.433331040380978
Truck_7,121.11210287107778,2,0,0.0,4.411776447348473,11.861422786255048,0,0.0,3.298567591752402,8.451147876097053,28.022914701452976
Truck_6,122.4978096714839,2,0,0.0,3.8550827667019405,19.783757755686622,0,0.0,2.1234091115120464,8.50506137455335,34.26731100845396
Truck_2,125.4604942545877,2,0,0.0,5.767888641331524,15.66084465583458,0,0.0,3.5016401285465406,13.424304539309219,38.354677965021864
Truck_0,132.7248725147121,2,0,0.0,5.839129823434405,14.582233272735238,0,0.0,3.379455796499599,13.629791969894853,37.430610862564095
Truck_1,135.10924144740068,2,0,0.0,4.161610674601235,17.973720597652402,0,0.0,3.2965501384624645,10.898171698709916,36.33005310942602
Truck_3,133.04018277430288,2,0,0.0,3.259788786942181,17.451121534842002,0,0.0,3.6948093147708505,14.136209472410911,38.541929108965945
Truck_8,144.73979908687696,2,0,0.0,5.124858277468434,10.02455817120017,0,0.0,3.8243065228425053,9.922645502884365,28.896368474395473
Truck_5,140.85938849788002,2,0,0.0,3.8934574860386704,19.29376284060905,0,0.0,2.5347096813060546,13.814192625556302,39.536122633510075
Truck_4,143.02372772698686,2,0,0.0,5.171355280514945,19.144954242386063,0,0.0,3.691921028962838,9.395585638755847,37.40381619061969
Truck_9,147.7990661325172,2,0,0.0,5.650600203077147,15.058184444304601,0,0.0,2.7833755140715084,10.902407769427413,34.39456793088067
Truck_7,149.13501757253076,2,0,0.0,5.911722055331211,16.293837691420435,0,0.0,3.3992135183252117,8.022821277624473,33.62759454270133
Truck_6,156.76512067993787,2,0,0.0,5.134264801369966,12.292739576487008,0,0.0,3.8254241902449166,12.32110809103176,33.57353665913365
Truck_2,163.81517221960956,2,0,0.0,5.441468719663391,13.095168047135445,0,0.0,3.0958866589270144,14.265649167892803,35.89817259361865
Truck_3,171.58211188326882,2,0,0.0,5.213783607200497,11.124325611089944,0,0.0,2.0224465335391812,12.1194561067432,30.480011858572823
Truck_0,170.1554833772762,2,0,0.0,5.504323188308092,14.454199190762722,0,0.0,2.0222431466260957,14.620795070814722,36.60156059651163
Truck_1,171.4392945568267,2,0,0.0,6.027900537456475,16.479234422749528,0,0.0,3.0035026560803146,11.248841574234064,36.75947919052038
Truck_8,173.63616756127243,2,0,0.0,3.0595048293617992,18.866117254889616,0,0.0,3.0456053364816853,13.321254486151673,38.292481906884774
Truck_4,180.42754391760656,3,0,0.0,5.926019253087446,10.479655990691668,0,0.11671301172734161,3.528299541243257,12.957691016255808,33.00837881300552
Truck_7,182.7626121152321,3,0,0.0,4.989793652426357,18.055192211799522,0,0.0,2.876789840023406,8.14714147189099,34.068917176140275
Truck_9,182.19363406339787,3,0,0.0,4.0133273404513545,12.802119947594065,0,0.0,3.678859050387274,14.90024610305548,35.39455244148817
Truck_5,180.3955111313901,3,0,0.0,5.316726075272868,19.22981205247504,0,0.0,2.945723224752413,11.838418830595401,39.33068018309572
Truck_6,190.33865733907152,3,0,0.0,3.864114883295656,15.97907327207622,0,0.0,2.8705493637331188,10.11250458976923,32.826242108874226
Truck_3,202.06212374184165,3,0,0.0,4.001193222409199,10.130922876003552,0,0.0,1.8426079618315043,8.866602250514063,24.84132631075832
Truck_2,199.71334481322822,3,0,0.0,5.442904519324401,10.698066358401633,0,0.0,3.2551541219262106,9.17138746456564,28.567512464217884
Truck_0,206.75704397378783,3,0,0.0,5.564037327621804,13.557461825418756,0,0.0,2.447497710992309,8.9120120172702,30.48100888130307
Truck_1,208.19877374734708,3,0,0.0,5.593724166356964,14.770086166170557,0,0.0,3.3185546327726456,8.459427683698749,32.141792648998916
Truck_8,211.9286494681572,3,0,0.0,5.972800017245902,14.528746456598356,0,0.0,3.207995869597738,9.609728805390233,33.31927114883223
Truck_9,217.58818650488604,3,0,0.0,3.663733528335655,16.081095326025576,0,0.0,2.98327237571948,11.417250364188277,34.14535159426899
Truck_7,216.83152929137236,3,0,0.0,3.9732400330541964,19.181256875303575,0,0.33026153523661606,3.5032906756378566,8.680941066234197,35.66899018546644
Truck_4,213.43592273061208,3,0,0.0,5.695056458828418,19.989385444218897,0,0.0,2.532076128550102,13.81322012154402,42.02973815314144
Truck_5,219.72619131448582,3,0,0.0,2.6725314921185657,18.630917312833276,0,0.6228006427718356,2.2056399884333473,14.491923237846322,38.62381267400335
Truck_2,228.2808572774461,3,0,0.0,3.9350989550657403,13.797326339263691,0,0.0,2.072528662897497,12.35073343889951,32.15568739612644
Truck_6,223.16489944794574,3,0,0.0,5.217883133266355,18.294654499391726,0,0.0,3.5622075659301515,13.632191251667223,40.706936450255455
Truck_3,226.90345005259996,3,0,0.0,4.014509962119348,19.241737241083854,0,0.0,2.129516306753601,13.681010789964603,39.066774299921406
Truck_0,237.2380528550909,3,0,0.0,5.785166657246776,14.104663128956474,0,0.0,1.5309268250990726,8.900505149531568,30.32126176083389
Truck_1,240.340566396346,4,0,0.0,4.51570652897442,18.670319233139594,0,0.0,2.4698086377786694,11.08166043540939,36.73749483530207
Truck_8,245.24792061698943,4,0,0.0,4.250527111996092,11.687359237869089,0,0.0,1.7243692860645865,14.991660908720348,32.653916544650116
Truck_7,252.5005194768388,4,0,0.0,5.3375202856453825,15.611508806658492,0,0.0,3.450631206770481,9.166603307046671,33.566263606121026
Truck_9,251.73353809915503,4,0,0.0,5.5925141739053,15.109679808021042,0,0.0,2.538278706741835,13.876288063190259,37.116760751858436
Truck_5,258.35000398848916,4,0,0.0,3.111641613689642,15.163866835709939,0,0.003381523889743221,2.5229651540387863,11.042290223479881,31.84414535080799
Truck_4,255.46566088375351,4,0,0.0,4.533489262669946,13.846446995680083,0,1.128413645719661,1.6548831739552838,14.004324805123872,35.167557883148845
Truck_2,260.43654467357254,4,0,0.0,5.81044755371704,17.057415574364768,0,0.0,3.2633470007201595,10.279754376400717,36.410964505202685
Truck_6,263.8718358982012,4,0,0.0,5.38692183741847,12.825192618770359,0,0.0,2.7534139288134725,13.839084414780416,34.80461279978272
Truck_0,267.5593146159248,4,0,0.0,4.124134951154758,17.514160838912687,0,0.0,3.6037355587282036,12.784933532089156,38.026964880884805
Truck_3,265.97022435252137,4,0,0.0,4.136839207487469,19.965349796787848,0,0.0,3.514428332210514,12.955734367754303,40.572351704240134
Truck_1,277.07806123164806,4,0,0.0,3.244184997953539,15.932078410454835,0,0.0,2.3516836279726476,13.777337200487466,35.30528423686849
Truck_9,288.85029885101346,4,0,0.0,3.758812318521052,10.96001613359897,0,0.0,2.547701082518927,8.880418292111983,26.14694782675093
Truck_5,290.19414933929716,4,0,0.0,4.7837824920278536,11.631401977762323,0,0.0,1.7804315371178632,9.885734121123676,28.081350128031715
Truck_8,277.90183716163955,4,0,0.0,3.4580612931263204,19.672648828528963,0,0.0,2.9044623254250723,14.477790403074323,40.51296285015468
Truck_7,286.06678308295983,4,0,0.0,6.165627445702512,12.147878241986064,0,0.0,3.23236586255166,14.444051853307826,35.98992340354806
Truck_2,296.8475091787752,4,0,0.0,4.142958436916899,10.318963177935416,0,0.0,3.4110285748546403,12.366972649349236,30.23992283905619
Truck_6,298.6764486979839,4,0,0.0,2.738560115646237,10.583747229295113,0,0.0,1.924367490841746,13.745991580229827,28.992666416012923
Truck_4,290.63321876690236,4,0,0.0,5.467908024398355,19.906350933742033,0,0.0,2.5371323334082945,13.076752517740829,40.98814380928951
Truck_0,305.5862794968096,5,0,0.0,4.902118171818586,16.614251867469363,0,0.0,2.2397864688849154,11.568619450846143,35.32477595901901
Truck_1,312.38334546851655,5,0,0.0,4.942043415481237,14.85687346023036,0,0.0,1.6326700259886024,8.01050451655135,29.44209141825155
Truck_3,306.5425760567615,5,0,0.0,4.776360768278096,19.764460457477412,0,0.0,3.2947041949592517,12.116810167546362,39.95233558826112
Truck_9,314.9972466777644,5,0,0.0,3.7434891822309737,13.753579019461654,0,1.3206174907597301,1.8488161882785903,11.112265495608199,31.778767376339147
Truck_8,318.4148000117942,5,0,0.0,5.342500950572628,14.39858448943562,0,0.0,2.610712288819286,10.382172249147573,32.73396997797511
Truck_5,318.27549946732887,5,0,0.0,4.561918587821651,15.568276373864308,0,0.0,2.2154898123164344,12.942429418133543,35.288114192135936
Truck_2,327.0874320178314,5,0,0.0,5.145009375020493,14.273046275673437,0,0.0,3.356459690026668,10.052977576509306,32.827492917229904
Truck_6,327.66911511399684,5,0,0.0,5.414553943314104,17.705148219289242,0,0.0,1.464193675301999,9.033834540951602,33.61773037885695
Truck_7,322.0567064865079,5,0,0.0,5.995999280158571,18.634141887278986,0,0.0,3.0549638879905956,13.784275974643094,41.46938103007125
Truck_4,331.62136257619187,5,0,0.0,4.514948414687467,11.302827989263562,0,2.3026725617931447,3.713921758690276,13.644581071710377,35.47895179614483
Truck_1,341.8254368867681,5,0,0.0,2.675672091847332,10.191372049405402,0,0.0,3.446309601195253,12.014836508953351,28.328190251401338
Truck_0,340.9110554558286,5,0,0.0,5.4035598793503254,18.970708948077743,0,0.0,2.4139721085988413,9.69231355011459,36.4805544861415
Truck_9,346.77601405410354,5,0,0.0,3.388579321855161,11.32722286530668,0,0.0,2.4238746345113213,13.551866951616091,30.691543773289254
Truck_3,346.4949116450226,5,0,0.0,3.723436490888389,10.189826306273517,0,0.0,3.193187792319236,14.946884896101835,32.05333548558298
Truck_8,351.14876998976933,5,0,0.0,4.510686020799028,16.55190257553545,0,0.0,3.1796316494134658,8.497157271106005,32.73937751685395
Truck_2,359.9149249350613,5,0,0.0,2.6963022602259343,11.421048299671611,0,0.0,2.7953762529551796,8.615994081212875,25.5287208940656
Truck_5,353.5636136594648,5,0,0.0,5.738299954678325,15.479105524263332,0,0.6099710971108152,3.2401103919583534,9.831771822050257,34.89925879006108
Truck_6,361.2868454928538,6,0,0.0,3.8056674994635387,17.33663324634773,0,0.0,2.7589737077677796,10.303598665615425,34.204873119194474
Truck_7,363.52608751657914,6,0,0.0,3.9711418489470134,14.926756394228846,0,0.0,2.616922263136587,13.527958335084747,35.042778841397194
Truck_4,367.1003143723367,6,0,0.0,4.89721949757552,16.35220016896608,0,0.0,3.138801619140338,12.265777922251516,36.65399920793345
Truck_1,370.15362713816944,6,0,0.0,5.825723659185087,13.458319991210885,0,0.0,3.2159864454105787,14.191957072090986,36.69198716789754
Truck_9,377.4675578273928,6,0,0.0,5.269535922421198,10.580777893698098,0,0.0,3.638678435035331,13.581201877382966,33.070194128537594
Truck_0,377.3916099419701,6,0,0.0,2.982896035437875,13.015910816868256,0,0.0,3.162633542895321,14.558199600720911,33.719639995922364
Truck_3,378.5482471306056,6,0,0.0,5.715720161268621,15.358583740161293,0,0.0,3.298367799982202,8.313565990973188,32.686237692385305
Truck_2,385.4436458291269,6,0,0.0,2.984572263842665,11.39905477686085,0,0.0,3.2629355637116078,9.211149213480951,26.857711817896075
Truck_8,383.8881475066233,6,0,0.0,6.019053142658834,13.436745233944976,0,0.0,3.7386377626900185,10.517717753487034,33.71215389278086
Truck_6,395.49171861204826,6,0,0.0,5.319248915995161,12.097633538934986,0,0.0,3.5361116830779338,8.666948345931416,29.619942483939496
Truck_5,388.4628724495259,6,0,0.0,4.821014521747372,16.43911838075286,0,0.0,3.440579626408919,14.787772050833041,39.48848457974219
Truck_7,398.56886635797633,6,0,0.0,3.4927594618508238,18.44844240984554,0,0.0,2.4203355554918744,10.804130640286758,35.165668067474996
Truck_4,403.75431358027015,6,0,0.0,3.764105881945966,17.46154756067591,0,0.0,2.4019093474875035,10.562589778694075,34.190152568803455
Truck_1,406.845614306067,6,0,0.0,6.214087903230336,14.674535933157813,0,0.0,2.1904430832569233,9.097012120678357,32.17607904032343
Truck_0,411.11124993789247,6,0,0.0,4.6092836419881,12.52951282077106,0,0.0,3.6975410225049927,9.129201581982556,29.96553906724671
Truck_2,412.301357647023,6,0,0.758344562274317,2.826920145007648,12.734938903961392,0,1.3031199674456957,2.9859762189157664,13.074568994051276,33.683868791656096
Truck_9,410.5377519559304,6,0,0.0,6.132781966314042,12.471905403363621,1,2.8051480975485674,3.3958236842214546,12.96292421192436,37.768583363372045
Truck_3,411.2344848229909,6,0,0.0,5.134846187798587,16.650489138217097,0,0.0,2.197359803606446,14.276374497483744,38.25906962710587
Truck_8,417.60030139940415,6,0,0.0,4.61845456425084,11.229247697276605,0,1.7691762916814469,3.3820237155816244,11.105432606114903,32.10433487490542
Truck_6,425.11166109598776,7,0,0.0,4.323029086588747,14.807030500448263,0,0.0,2.3983045113527623,10.1520474883705,31.680411586760272
Truck_5,427.9513570292681,7,0,0.0,5.750401341599343,16.31910697456317,0,0.0,2.8102739452993433,8.625607368873261,33.50538963033512
Truck_4,437.9444661490736,7,0,0.0,5.986855686559579,10.902544736406071,0,0.0,2.4343392895592046,9.20108625183667,28.524825964361526
Truck_7,433.73453442545133,7,0,0.0,5.242264829071132,14.457890637796424,0,0.0,2.6841537902710115,14.109517765538783,36.49382702267735
Truck_1,439.0216933463904,7,0,0.0,3.1961754865441208,17.396451457678154,0,0.0,2.7095400395014053,8.15182890588386,31.45399588960754
Truck_9,448.30633531930243,7,0,0.0,2.9257180814124126,11.345539573852307,0,0.0,2.142251587423175,8.974947519535647,25.38845676222354
Truck_2,445.9852264386791,7,0,0.0,6.062582518328384,15.532556158692955,0,0.0,3.104305109283416,9.73722444782743,34.436668234132185
Truck_0,441.0767890051392,7,0,0.0,6.0617149998997775,16.489249871367633,0,0.0,2.2852589391266633,14.56345981238303,39.399683622777104
Truck_3,449.4935544500968,7,0,0.0,5.715452340641377,14.505521664091589,0,0.0,2.741087872383787,8.506345755185066,31.46840763230182
Truck_6,456.792072682748,7,0,0.0,2.963370853254844,15.322159017559557,0,0.0,2.4996617246865185,9.43716553090269,30.222357126403608
Truck_5,461.4567466596032,7,0,0.0,5.121831664665308,11.856889522495578,0,0.0,2.4668642850109563,11.269652234591149,30.71523770676299
Truck_4,466.46929211343513,7,0,0.0,3.497283453463524,16.955800296045425,0,0.0,3.2974516097337983,8.605312992586164,32.35584835182891
Truck_7,470.2283614481287,7,0,0.0,6.193139158530812,12.666871564321582,0,0.0,3.34014080911993,11.827842044880299,34.02799357685262
Truck_1,470.47568923599795,7,0,0.0,3.5996715166081685,18.106121668959474,0,0.0,2.7119193711370713,11.085052892781164,35.50276544948588
Truck_9,473.694792081526,7,0,0.0,3.798122807429422,19.659648649101598,0,0.0,3.48241719635314,9.900977647632715,36.841166300516875
Truck_3,480.9619620823986,8,0,0.0,4.806196577491164,10.154597750499136,0,0.0,3.069014292559018,13.146687759583585,31.176496380132903
Truck_0,480.4764726279163,8,0,0.0,4.411673174738269,13.659332206341958,0,0.4442926939514109,3.2193037507979625,10.370321384631723,32.10492321046132
Truck_2,480.4218946728113,8,0,0.0,5.381629310391418,15.152173220879888,0,0.0,3.330656522907759,9.283792928411572,33.14825198259064
Truck_5,492.1719843663662,8,0,0.0,6.107492669822648,12.950694806023478,0,0.0,2.6362237615391564,11.83751275260795,33.53192398999323
Truck_6,487.01442980915164,8,0,0.0,3.8561719360996563,19.14536573870413,0,0.0,3.611497428562245,13.364320021373828,39.97735512473986
Truck_4,498.82514046526404,8,0,0.0,5.551895776900608,11.462454490037317,0,0.0,3.108748905308289,10.059029078581943,30.182128250828157
Truck_8,449.70463627430956,7,0,0.0,3.817627641740671,14.693846867880211,0,0.0,2.681030066529729,12.016678826224506,81.30423916790994
Truck_1,505.9784546854838,8,0,0.0,4.666296805539616,13.164429043619464,0,0.0,3.0221445648398912,8.351760977822323,29.204631391821295
Truck_0,512.5813958383776,8,0,0.0,5.586524520100511,10.405013612054745,0,0.0,3.072724368954482,9.160793168992768,28.225055670102506
Truck_7,504.2563550249813,8,0,0.0,5.086841542233174,18.523825025950032,0,0.0,3.3271005242572755,10.22020929822088,37.15797639066136
Truck_9,510.53595838204285,8,0,0.0,5.353674107473921,16.82832685210667,0,1.2279486259617443,3.514952058974586,10.278419803845964,37.203321448362885
Truck_3,512.1384584625315,8,0,0.0,4.582440121539776,12.822841465156898,0,1.6503820681936077,2.751785850163401,13.829040894652053,35.636490399705735
Truck_2,513.5701466554019,8,0,0.0,3.8128213157722257,12.457954859867186,1,1.804735508446015,3.131055528909087,13.424048619524456,34.63061583251897
Truck_6,526.9917849338915,8,0,0.0,6.016207057077054,14.142998281396558,0,0.0,3.5580748467945114,8.61132835701801,32.32860854228613
Truck_4,529.0072687160922,8,0,0.0,3.1088617298858026,17.072804504367582,0,0.0,1.8242520820963364,10.124365938386404,32.130284254736125
Truck_5,525.7039083563594,8,0,0.0,5.802075480449844,19.11607831882918,0,0.0870029635211722,3.5532674707999377,10.462513009120585,39.02093724272072
Truck_1,535.1830860773051,8,0,0.0,4.734643427892024,11.90945375106594,0,0.0,2.3776388457570192,12.548834181498933,31.570570206213915
Truck_8,531.0088754422195,8,0,0.0,3.997361637268682,17.98886127200865,0,1.209723750523267,3.555608431613223,12.597564584037514,39.349119675451334
Truck_0,540.8064515084801,9,0,0.0,5.83618143081992,11.59687695365949,0,0.0,2.710378998851752,13.879302601736072,34.02273998506723
Truck_3,547.7749488622372,9,0,0.0,5.833924974449133,12.469384341366663,0,0.0,3.1846280093867563,9.306348155322326,30.794285480524877
Truck_7,541.4143314156427,9,0,0.0,5.986536014274293,19.130444822247682,0,0.0,3.3829454193111133,12.102845202404296,40.602771458237385
Truck_9,547.7392798304057,9,0,0.0,6.225761682893449,19.234943455443158,0,0.0,2.53520444906826,9.387195003601278,37.383104591006145
Truck_2,548.2007624879209,9,0,0.0,4.846303180342943,18.60577082633813,0,0.0,1.810993099586085,12.693771930591879,37.95683903685904
Truck_5,564.7248455990801,9,0,0.0,4.900267916121834,14.64732152513875,0,0.0,2.67432976190878,9.101958346409674,31.323877549579038
Truck_6,559.3203934761776,9,0,0.0,5.558398114196734,16.70187318001797,0,0.0,1.3911098789711787,13.180004709077366,36.83138588226325
Truck_4,561.1375529708283,9,0,0.0,5.828751387641546,16.638454064218763,0,0.0,1.6520060807594064,13.530819177668377,37.65003071028809
Truck_1,566.753656283519,9,0,0.0,4.907880088780189,14.341418940776975,0,0.0,3.430002274260005,10.979847405377882,33.65914870919505
Truck_8,570.3579951176708,9,0,0.0,6.189948983238878,10.550591255796121,0,0.0,3.129386663013406,11.570400526348067,31.440327428396472
Truck_7,582.01710287388,9,0,0.0,4.5314593840037105,13.385277460254315,0,0.0,2.0105088624937935,9.021035702734935,28.948281409486754
Truck_9,585.1223844214119,9,0,0.0,3.2602302337152196,11.536959016847959,0,0.0,3.486958698671401,8.704443827600699,26.98859177683528
Truck_3,578.5692343427621,9,0,0.0,3.6829487157966696,18.302060944768073,0,1.39010457730501,1.6814122069956738,10.954116458123849,36.010642902989275
Truck_0,574.8291914935473,9,0,0.0,6.203232356553258,19.702687595968314,1,2.6714209245775464,3.0824223076880344,8.147243874606033,39.807007059393186
Truck_2,586.1576015247799,9,0,0.0,4.630840898429597,10.794779978345332,2,2.0425383860726924,3.277849147037955,10.821820122459826,31.567828532345402
Truck_5,596.0487231486592,9,0,0.0,3.257160704715716,16.143174471913767,0,0.0,2.5582446454499177,8.60878468891724,30.56736451099664
Truck_8,601.7983225460673,10,0,0.0,4.3077572667211825,15.115314977111439,0,0.0,1.5305482796899241,8.74206867432656,29.695689197849106
Truck_6,596.1517793584409,9,0,0.0,4.514883492319086,16.483052624240486,0,0.0,1.1380184966163824,13.906944890168347,36.0428995033443
Truck_1,600.4128049927141,10,0,0.0,5.888352977110912,12.390796638895608,0,0.0,3.638186129436235,11.202077427912855,33.11941317335561
Truck_4,598.7875836811164,9,0,0.0,6.064700009246849,19.005179298035046,0,0.0,3.5233798311326154,11.831281263019719,40.42454040143423
Truck_3,614.5798772457514,10,0,0.0,3.414739492335343,13.713177662859835,0,0.0,2.5221129559555493,9.707360023907768,29.357390135058495
Truck_7,610.9653842833668,10,0,0.0,4.770664823347033,16.612493235263628,0,0.0,2.824571206493488,8.797408133662543,33.00513739876669
Truck_9,612.1109761982472,10,0,0.0,5.71287728966945,11.199306830317255,0,0.0,2.7050373125046008,13.586577708300183,33.20379914079149
Truck_0,614.6361985529405,10,0,0.0,4.500507384648586,17.49459659166314,0,0.0,3.3080930648623053,11.098887323185977,36.40208436436001
Truck_5,626.6160876596558,10,0,0.0,2.492029847040044,11.133322444493729,0,0.0,2.630846364441595,9.79730126635377,26.053499922329138
Truck_2,617.7254300571253,10,0,0.0,6.203696294589122,16.040187540684542,0,0.0,2.6342343150007537,12.987037962255044,37.86515611252946
Truck_1,633.5322181660697,10,0,0.0,4.632232718724936,11.587616527932028,0,0.0,2.507613044668915,10.725533824224044,29.452996115549922
Truck_8,631.4940117439164,10,0,0.0,4.507626521493194,16.061904757029538,0,0.19613743495642666,3.5273883093417453,8.399460808384447,32.69251783120535
Truck_6,632.1946788617852,10,0,0.0,5.196754601717998,14.17376267915381,0,0.0,3.8237234547915477,14.214983185763913,37.40922392142727
Truck_4,639.2121240825506,10,0,0.0,5.68953410564211,12.572228543921142,0,0.0,3.2834604520876383,13.356047607895675,34.901270709546566
Truck_9,645.3147753390386,10,0,0.0,3.937179578883047,13.322892757813293,0,0.0,2.4704088708110703,9.548528231554656,29.279009439062065
Truck_7,643.9705216821335,10,0,0.0,6.100549185309205,13.194791892173384,0,0.0,2.328815804587407,9.67339415451977,31.297551036589766
Truck_3,643.9372673808099,10,0,0.0,6.086761296279178,16.87989502782648,0,0.0,2.493165063456445,11.198573502561658,36.65839489012376
Truck_0,651.0382829173005,10,0,0.0,4.637420969584241,15.391666011513507,0,0.0,1.6199341414051105,8.707460004782888,30.356481127285747
Truck_5,652.669587581985,10,0,0.0,5.574201975414553,14.944485380893298,0,0.0,2.478350036550978,11.83479766056655,34.83183505342538
Truck_1,662.9852142816196,11,0,0.0,5.938324709843641,13.276551499124253,0,2.0896633822700323,2.777188762204787,8.011790901482073,32.093519254924786
Truck_8,664.1865295751218,11,0,0.0,6.099390084691095,11.856816431099901,0,0.0,2.5423066680555166,12.072942643477404,32.571455827323916
Truck_2,655.5905861696548,10,0,0.0,5.523890965125929,19.85996465291032,0,0.0,3.3153120851665108,14.663605536518048,43.36277323972081
Truck_6,669.6039027832124,11,0,0.0,5.262419253055327,15.622785409301173,0,0.0,2.354754554554347,10.777177180159015,34.01713639706986
Truck_4,674.1133947920972,11,0,0.0,5.110009453255429,11.390421289521555,0,0.0,3.7505030903505485,11.541317583401792,31.792251416529325
Truck_7,675.2680727187233,11,0,0.0,6.219846133991723,14.404866607801523,0,0.0,3.016962753025041,8.222203160331901,31.863878655150188
Truck_9,674.5937847781007,11,0,0.0,5.6962215623382235,13.35775065812004,0,0.0,3.508741278264665,11.360881807458668,33.923595306181596
Truck_3,680.5956622709336,11,0,0.0,6.14398211576588,11.023251032655253,0,0.0,3.822101971504594,9.355365757218578,30.344700877144305
Truck_1,0.0,0,0,0.0,6.052370636609364,12.856094994089286,0,0.0,3.092916452133924,8.52739778426903,30.528779867101605
Truck_2,0.0,0,0,0.0,5.985219041206788,12.335214374719728,0,0.0,1.4023593483467351,11.279894834919325,31.002687599192576
Truck_3,0.0,0,0,0.0,6.015315198916382,15.274781745959483,0,0.7112851379567076,3.6547505924738743,9.93896036179282,35.59509303709927
Truck_0,0.0,0,0,0.0,4.345280759243094,16.361107143961732,0,0.0,3.584849664592568,12.03151295581523,36.322750523612626
Truck_9,0.0,0,5,9.53404668563432,2.793176368542465,10.274396567591772,1,3.0545130535378924,3.6758724298396324,8.672450660133606,38.00445576527969
Truck_8,0.0,0,4,7.6239680133081436,5.993830624279813,11.54452302273646,1,1.1300101579381483,3.4436765506592195,9.878211005042541,39.614219373964325
Truck_6,0.0,0,2,6.015315198916382,3.807884839107129,17.395536144488318,1,2.5172721864099543,2.600864130977559,8.426881354351238,40.76375385425058
Truck_5,0.0,0,1,5.985219041206788,3.548827644427531,12.823575225883875,0,1.9336156562792013,2.0010942504651688,14.598214623986397,40.89054644224896
Truck_4,0.0,0,0,4.345280759243094,3.2786872540650496,18.573841074654602,1,3.134196017183335,2.726153902015753,9.852414059833336,41.91057306699517
Truck_7,0.0,0,3,6.052370636609364,4.84285555107663,17.71814109493301,2,3.4447917245428314,1.728188079888561,10.531505730519306,44.3178528175697
Truck_1,30.528779867101605,0,0,0.0,5.132490272198972,15.063874825293546,0,0.0,2.4963040313460283,12.066543324158445,34.75921245299699
Truck_2,31.002687599192576,0,0,0.0,4.625039388065922,14.224523658368831,0,0.0,3.162549393166387,12.953566236854321,34.96567867645546
Truck_3,35.59509303709927,0,0,0.0,5.4683090416734,13.879259131569995,0,0.0,3.2300092691890967,9.74536531619357,32.32294275862606
Truck_0,36.322750523612626,0,0,0.0,3.3038065690976453,13.654931648979073,0,0.0,3.368057425983686,12.036115112885476,32.36291075694588
Truck_8,39.614219373964325,0,0,0.0,2.836993218515296,12.912057215089476,0,1.2862763601039333,1.8476006622483254,12.372021981880899,31.25494943783793
Truck_9,38.00445576527969,0,0,0.0,6.044994126008142,13.181843350994235,0,0.9413772372496965,2.53794011457191,11.934119215219425,34.64027404404341
Truck_6,40.76375385425058,0,0,0.0,5.1561087489480215,12.753567134580784,1,2.115216627202088,3.5967027668003055,8.728114262166002,32.3497095396972
Truck_5,40.89054644224896,0,0,0.17285563652370683,2.704935473399921,14.233322384355368,1,0.495486893393398,2.291499535060119,12.450004322246755,32.34810424497927
Truck_7,44.3178528175697,0,0,0.0,3.316894444984257,10.780284455938116,1,2.2955788756115965,3.6087315135894045,14.687593615660347,34.68908290578372
Truck_4,41.91057306699517,0,0,0.5406395254844512,6.212640829460035,19.019481768613836,0,0.0,2.736221156992002,8.820967469621877,37.3299507501722
Truck_2,65.96836627564804,1,0,0.0,5.304802145476884,10.638169746112226,0,0.0,3.8145494341380584,14.756554258146508,34.51407558387368
Truck_0,68.6856612805585,1,0,0.0,4.548726237797908,13.981248180563412,0,0.0,2.239089785555109,12.177211443245554,32.94627564716198
Truck_1,65.2879923200986,1,0,0.0,5.656393525977862,19.13893811372334,0,0.0,3.7502469235138562,8.429360983719576,36.974939546934635
Truck_8,70.86916881180225,1,0,0.07521703427420334,5.733116731631625,14.841186126211696,0,0.0,2.2140603194529263,12.048625926995214,34.912206138565665
Truck_3,67.91803579572533,1,0,0.0,5.350584622044892,19.78644884864356,0,0.6776797569589235,2.4983923377937174,11.469692032633034,39.782797598074126
Truck_6,73.11346339394778,1,0,0.12092412440863143,5.983462214604515,14.992731541267887,0,0.0,2.2224423034027865,11.76218794467026,35.08174812835408
Truck_5,73.23865068722823,1,0,0.02996973054199259,5.622178592338017,18.394045037589407,0,2.0216046378070303,3.0596056745583127,9.10405106227411,38.23145473510887
Truck_7,79.00693572335342,1,0,0.0,5.74064620273883,10.204387028683001,0,1.2791724063911687,3.0753073243382545,12.343895070182768,32.64340803233402
Truck_9,72.6447298093231,1,0,0.0,6.13331618107604,16.45556211736607,1,1.1994154698663948,3.171668174823921,12.49504004155959,39.45500198469202
Truck_4,79.24052381716737,1,0,0.0,5.134458951421593,16.070286346967947,0,0.0,2.7231784900338027,13.884680189409423,37.812603977832765
Truck_2,100.48244185952171,1,0,0.0,6.050278016136559,14.694605335902096,0,0.0,2.2582192525156586,14.637218154976281,37.640320759530596
Truck_0,101.63193692772049,1,0,0.0,5.278210960116738,14.526567640867441,0,0.0,3.5232631320464236,14.03356368054969,37.36160541358029
Truck_6,108.19521152230186,1,0,0.0,3.920527254546201,16.42332822730144,0,0.0,2.3766466577978065,8.290998952911025,31.011501092556472
Truck_8,105.78137495036792,1,0,0.0,4.1502722894893935,11.915591963240217,0,1.6383052609784983,1.848791926812254,14.844648042264552,34.397609482784915
Truck_1,102.26293186703323,1,0,0.0,5.426391405892659,17.87288348936181,0,0.0,3.176944496319692,12.35610768470724,38.8323270762814
Truck_7,111.65034375568744,1,0,0.0,5.968747904139988,15.547118188882138,0,0.0,2.858312882320604,9.770676665587189,34.14485564092992
Truck_9,112.09973179401511,1,0,0.016006982832948324,3.9746082614977354,17.295685405087326,0,0.8997748636265896,2.5371183367064987,9.593554724234536,34.316748573985635
Truck_3,107.70083339379946,1,0,0.0,5.893028843585995,17.028154256758768,0,0.0,3.6637908129154937,12.551636658254381,39.13661057151464
Truck_4,117.05312779500014,1,0,0.0,2.3295869125637125,18.347863902433375,0,0.0,2.985303443979575,9.651784528574893,33.314538787551555
Truck_5,111.4701054223371,1,0,0.0,5.83790510866514,16.094226160864864,1,2.622286039163072,3.124749328372843,13.062075614711176,40.741242251777095
Truck_2,138.1227626190523,2,0,0.0,3.7943042652725296,10.061236492840237,0,0.0,2.1477429904345797,13.481256772710879,29.484540521258225
Truck_8,140.17898443315283,2,0,0.0,5.81398654061698,10.314144931027414,0,0.0,1.890144665891711,9.63073523885754,27.649011376393645
Truck_1,141.09525894331463,2,0,0.8218079410102064,4.83978666404326,10.626709014786684,0,0.0,3.522559628965894,8.907169979026094,28.718033227832137
Truck_6,139.20671261485833,2,0,0.0,4.9325364452380995,14.992131189831497,0,0.0,2.5343519639226315,8.51344740031925,30.97246699931148
Truck_7,145.79519939661736,2,0,0.0,4.531513182623286,10.264212424425153,0,0.3151971884548743,1.6958067998891124,9.105891068399785,25.91262066379221
Truck_0,138.99354234130078,2,0,0.0,6.010209881851466,16.602791128514838,0,0.05918886218347552,3.51390697448295,13.719281854119743,39.90537870115247
Truck_9,146.41648036800075,2,0,0.0,5.8007487288306265,13.394334131069854,0,0.0,3.032309813561568,10.937154482725617,33.164547156187666
Truck_4,150.3676665825517,2,0,0.0,4.867416240494265,10.650777164381225,0,0.0,3.8138136828925724,13.628587162769918,32.96059425053798
Truck_3,146.8374439653141,2,0,0.0,5.235175630217469,17.94771861659339,0,0.0,2.026903966082614,13.852050857339094,39.06184907023257
Truck_5,152.2113476741142,2,0,0.0,4.17185097390734,15.257407018532376,0,0.0,3.7783142197018265,12.65632780473777,35.86390001687931
Truck_8,167.82799580954648,2,0,0.0,4.984980077263742,12.904675325407368,0,0.0,2.703336061785052,9.22266007891676,29.815651543372923
Truck_1,169.81329217114677,2,0,0.0,4.140519798086842,10.492096701457427,0,0.0,2.174871795029418,11.225701864666547,28.033190159240235
Truck_7,171.70782006040957,2,0,0.0,5.170295850637046,14.315004107479268,0,0.0,3.040925920554514,10.017983911896408,32.54420979056724
Truck_2,167.60730314031053,2,0,0.0,3.2480917909782363,18.55243956709637,0,0.0,3.0998113143993464,14.007719459630692,38.90806213210465
Truck_0,178.89892104245325,2,0,0.0,4.88254588680789,11.390131182964211,0,0.0,1.9169043711924587,9.49327379628835,27.68285523725291
Truck_6,170.1791796141698,2,0,0.0,4.719989144738605,18.13204488665187,0,0.0,2.5176218755576087,12.221750674302598,37.59140658125068
Truck_3,185.89929303554666,3,0,0.0,3.234704193702612,10.101852122326108,0,0.0,3.453599699799838,9.906974867442273,26.69713088327083
Truck_9,179.5810275241884,2,0,0.0,5.473358538392915,19.74022763164703,0,0.0,2.3537694153608015,9.23594561794539,36.80330120334614
Truck_4,183.32826083308967,3,0,0.0,4.158307866202875,13.970648483657044,0,0.0,1.708191084569819,13.498457412787445,33.33560484721718
Truck_5,188.0752476909935,3,0,0.0,5.083862882610958,17.454161418910843,0,0.0,3.8244365243807863,8.106202375012913,34.4686632009155
Truck_8,197.6436473529194,3,0,0.0,5.748006177251824,12.324553101303565,0,0.0,2.3688940608440134,12.86323674601806,33.30469008541746
Truck_1,197.846482330387,3,0,0.0,2.741344259422874,17.144659353576998,0,0.0,3.3849810220081338,13.390132817060447,36.66111745206845
Truck_2,206.51536527241518,3,0,0.0,4.691071288054218,11.919119874123993,0,0.0,1.637887857018768,9.962505136437272,28.21058415563425
Truck_6,207.7705861954205,3,0,0.0,4.796974394351423,11.420402678509362,0,0.7754810233308831,3.6339798640043455,9.329994125200955,29.956832085396968
Truck_0,206.58177627970616,3,0,0.0,4.2719474381243,11.219414923862871,0,0.0,3.197077184106149,12.472096824923227,31.160536371016548
Truck_7,204.2520298509768,3,0,0.0,5.439597920534339,15.851810380896865,0,0.0,3.6530784437438797,10.752031592426107,35.69651833760119
Truck_3,212.5964239188175,3,0,0.0,4.227013476914152,10.38909672924646,0,1.1848900306383996,2.0164013430315038,12.610991898580352,30.428393478410868
Truck_9,216.38432872753455,3,0,0.0,6.051017540331088,10.86989119494109,0,0.0,3.713040519119062,11.77777248226721,32.41172173665845
Truck_4,216.66386568030686,3,0,0.0,3.649852932304441,17.401252464376483,0,0.0,3.239842006542773,11.93650075298072,36.22744815620442
Truck_8,230.94833743833686,3,0,0.0,2.5697872500204255,12.992628773440288,0,0.0,2.8531738643063136,9.83280839277026,28.248398280537288
Truck_5,222.543910891909,3,0,0.0,6.202208151273936,16.246158180031358,0,0.0,2.615686800797988,14.906452922214896,39.97050605431818
Truck_2,234.72594942804943,3,0,0.0,4.6422848273555815,11.708250371770902,0,0.0,2.6420500481711997,10.640511862249781,29.633097109547464
Truck_1,234.50759978245546,3,0,0.0,4.700910053170418,16.66360473039998,0,0.0,1.9945967937239288,11.006994384881637,34.366105962175965
Truck_0,237.7423126507227,3,0,0.0,5.384617381202048,15.74979955469513,0,0.0,2.2862607752607005,8.470600320657184,31.891278031815062
Truck_7,239.948548188578,3,0,0.0,5.819450620426949,13.03578290881967,0,0.0,3.304407222528255,12.706950964391183,34.866591716166056
Truck_6,237.72741828081746,3,0,0.0,5.790023988078957,17.885628536918574,0,0.0,3.340516600930414,10.722161996642853,37.7383311225708
Truck_3,243.02481739722836,4,0,0.0,4.8382367796806705,15.41255654685915,0,0.0,2.8787349042441974,12.788225515333806,35.917753746117825
Truck_4,252.89131383651127,4,0,0.0,5.20924300190714,11.08860882803242,0,0.0,3.503005390805697,8.567991342310734,28.36884856305599
Truck_9,248.796050464193,4,0,0.0,6.127340924409026,14.086997903423054,0,0.0,2.643542530348668,12.489528315624682,35.34740967380543
Truck_5,262.5144169462272,4,0,0.0,5.192948360440255,11.207110227046599,0,0.0,2.715161493069388,11.869108862676399,30.98432894323264
Truck_0,269.6335906825378,4,0,0.0,4.181633802959993,12.840541055650988,0,0.0,1.3054537254266734,8.770183173775706,27.09781175781336
Truck_2,264.3590465375969,4,0,0.0,4.962920806585771,15.194170261256488,0,0.0,3.150354276841256,10.053048683550855,33.36049402823437
Truck_8,259.19673571887415,4,0,0.0,5.582926298923439,18.538618044238774,0,0.0,1.1593352479192163,14.609450789357652,39.89033038043908
Truck_1,268.8737057446314,4,0,0.0,4.167629234765457,19.392367423971677,0,0.0,1.9745936951189833,9.214782604850143,34.74937295870626
Truck_6,275.46574940338826,4,0,0.0,5.749495879852702,11.701371305375233,0,0.0,1.9210858835457998,10.669429595364022,30.041382664137757
Truck_7,274.81513990474406,4,0,0.0,4.05022524578925,19.572423510374847,0,0.0,2.9991706158516536,9.750702667773567,36.37252203978932
Truck_4,281.26016239956726,4,0,0.0,5.841039774008948,13.138567134379741,0,0.0,3.7245815221246517,8.895564400855505,31.599752831368846
Truck_3,278.9425711433462,4,0,0.0,4.214217816022199,19.66837994008995,0,0.0,3.065207223970276,12.169187291762967,39.11699227184539
Truck_9,284.14346013799843,4,0,0.0,3.5387633609493037,19.324503428816854,0,0.0,2.581797468380387,13.86814463404528,39.313208892191824
Truck_5,293.4987458894598,4,0,0.0,3.3072354954210255,14.626763284535173,0,0.0,3.6672879770565032,9.003581407048102,30.604868164060804
Truck_8,299.08706609931323,4,0,0.0,5.4888731526305605,12.065177990533527,0,0.0,3.1024314794117913,12.443950197927734,33.10043282050361
Truck_0,296.73140244035113,4,0,0.0,2.7025392418049705,19.19865739930833,0,0.0,1.541538876578045,13.779533026007414,37.22226854369876
Truck_1,303.6230787033377,5,0,0.0,6.002858612973398,13.01848289352074,0,0.0,3.1244176987578953,8.32311249373356,30.468871698985595
Truck_2,297.71954056583127,4,0,0.0,2.7309403854860648,19.211055935660113,0,0.0820118349116683,3.764704095026559,11.157574731016268,36.94628698210067
Truck_7,311.1876619445334,5,0,0.0,5.910450430961362,10.104554857699156,0,0.0,2.1544993253031066,8.71527345668585,26.884778070649475
Truck_6,305.507132067526,5,0,0.0,5.230462981943333,16.73254084739824,0,0.0,2.7883154910306303,13.632117313104914,38.38343663347712
Truck_4,312.8599152309361,5,0,0.0,4.699283156661409,14.745187687530915,0,0.0,3.6445589692554563,12.153277973100103,35.24230778654788
Truck_3,318.0595634151916,5,0,0.0,5.4540124908871235,15.244135171308244,0,0.0,3.5269893588410923,9.519405731206405,33.744542752242864
Truck_9,323.45666903019026,5,0,0.0,5.607838076139046,10.980497325738668,0,0.0,2.9911846070516503,10.131179841451853,29.710699850381218
Truck_5,324.10361405352063,5,0,0.0,5.349874436294556,14.895623377916081,0,0.0,3.0525599955441862,10.08042734206748,33.378485151822304
Truck_1,334.0919504023233,5,0,0.0,3.602855067076291,13.566435136811776,0,0.0,2.3480117602582595,9.624040856098134,29.14134282024446
Truck_8,332.18749891981685,5,0,0.0,4.622208000068838,15.488019659750535,0,0.0,1.6537277037056697,9.32322418583999,31.087179549365032
Truck_0,333.9536709840499,5,0,0.0,3.481204285880665,10.295906441148304,0,0.0,2.390901817819156,13.495493503488376,29.6635060483365
Truck_2,334.66582754793194,5,0,0.0,5.639522838769835,15.53574777004701,0,0.0,3.0974615894552926,13.792499843769065,38.0652320420412
Truck_7,338.07244001518285,5,0,0.0,5.6817214123362305,14.844428040642413,0,0.0,2.070699772095338,13.120389688257262,35.717238913331244
Truck_6,343.89056870100313,5,0,0.0,5.92233196178006,11.151807563207171,0,0.0,3.381872382392487,14.29862608919808,34.7546379965778
Truck_4,348.102223017484,5,0,0.0,5.998931270589594,12.778853218234019,0,0.0,2.9360702759320816,13.848213582566927,35.56206834732262
Truck_5,357.48209920534293,5,0,0.0,4.566049137062805,14.55837262687055,0,0.0,3.4997267594176833,8.510532582314283,31.134681105665322
Truck_9,353.1673688805715,5,0,0.0,6.139617549185402,18.942960775689812,0,0.8757733044707834,2.2176299198178526,10.631877868836568,38.80785941800042
Truck_3,351.80410616743444,5,0,0.0,5.800871147488351,19.259503473038933,0,0.0,2.2612397219557465,14.741569167033049,42.06318350951608
Truck_1,363.23329322256774,6,0,0.0,6.047700416050304,13.833735936766232,0,1.0467360269745427,3.7890675056683563,9.679832133198317,34.39707201865775
Truck_8,363.2746784691819,6,0,0.0,4.277323078053996,14.136549830957335,0,0.0,2.4729142241656064,13.815405129382555,34.70219226255949
Truck_0,363.6171770323864,6,0,0.0,5.97820667219645,11.390869047295496,0,0.0,3.429400838422623,13.925663388935902,34.72413994685047
Truck_6,378.64520669758093,6,0,0.0,4.2033137739022095,10.063483344577833,0,0.0,2.287678105028988,9.668735055688558,26.223210279197588
Truck_4,383.6642913648066,6,0,0.0,4.119814192095475,10.037890329109302,0,0.0,3.293885461555419,9.906049295536263,27.35763927829646
Truck_7,373.7896789285141,6,0,0.0,4.670595571736953,18.538735656803794,0,0.0,2.6715100757888877,13.670144108908119,39.550985413237754
Truck_2,372.73105958997314,6,0,0.0,5.670401258630875,19.505945283717608,0,1.7631141005221025,3.4111081309346787,13.555497981487292,43.90606675529256
Truck_5,388.61678031100826,6,0,0.0,3.4692736267016357,16.204959923585534,0,0.0,2.005622724761224,8.380843084693367,30.06069935974176
Truck_9,391.9752282985719,6,0,0.0,5.366070331479989,16.142782366458903,0,0.0,2.61548072634713,11.752721817456461,35.87705524174248
Truck_1,397.6303652412255,6,0,0.0,3.003268349559164,13.486258496593791,0,0.0,1.6791265645001658,12.404460660355369,30.57311407100849
Truck_3,393.8672896769505,6,0,0.0,4.137231010406026,18.26178900564014,0,0.0,3.25207590098006,13.382653741672698,39.03374965869892
Truck_0,398.34131697923686,6,0,0.0,5.08117503489251,16.445557413748077,0,0.0,3.0327829975307736,14.007399785499388,38.56691523167075
Truck_6,404.8684169767785,6,0,0.0,4.473186486794873,13.434663430274838,0,0.12456553155999472,1.8654116651845243,12.336836899978664,32.234664013792894
Truck_8,397.97687073174137,6,0,0.0,4.608208259901858,18.784602961339147,0,0.0,2.3913870808727324,13.441346046544538,39.225544348658275
Truck_7,413.34066434175185,6,0,0.0,4.866481438539381,11.007313515655198,0,0.0,3.6943661619148997,13.758038941996233,33.32620005810571
Truck_4,411.0219306431031,6,0,0.0,6.14323439489317,18.897171795774852,0,0.0,3.480866113644595,9.81079978919314,38.33207209350576
Truck_5,418.67747967075,6,0,0.0,4.790380200164748,18.82237635235498,0,0.0,3.1668623375229004,9.916079351418773,36.6956982414614
Truck_2,416.6371263452657,6,0,0.0,5.285896889030482,19.74430053948629,0,0.0,2.353197623383153,13.379572596114997,40.76296764801492
Truck_9,427.8522835403144,7,0,0.0,4.149132699436166,16.198915571734403,0,0.0,1.6658577291054826,8.542096318133872,30.556002318409924
Truck_1,428.203479312234,7,0,0.0,4.257169173985687,11.803497166631246,0,0.0,1.9742134818858972,14.435293552494556,32.47017337499739
Truck_3,432.90103933564944,7,0,0.0,5.803117918354474,18.912882297184638,0,0.0,3.0853330163116084,9.028588830294893,36.82992206214561
Truck_6,437.1030809905714,7,0,0.0,3.7130767906007236,16.85597840586098,0,1.517277108939595,3.2614197093710118,8.068410590158066,33.41616260493038
Truck_0,436.9082322109076,7,0,0.0,4.454924066188937,14.819000985902278,0,0.0,3.007256032973885,14.117339386888773,36.39852047195387
Truck_8,437.20241508039965,7,0,0.0,3.721168634325636,19.690888322318813,0,0.08790053045606783,3.6838215290056837,14.371279681370822,41.55505869747702
Truck_7,446.66686439985756,7,0,0.0,2.2960653540984026,16.482084179220124,0,0.0,2.6954543906568915,12.011138777297276,33.484742701272694
Truck_4,449.35400273660883,7,0,0.0,4.8067282642034,13.158728767686227,0,0.0,3.3899237858576043,13.109835216400427,34.46521603414766
Truck_5,455.3731779122114,7,0,0.0,4.423333791852713,14.577302014463271,0,0.0,1.7880914404606187,11.8609588888271,32.6496861356037
Truck_1,460.67365268723137,7,0,0.0,4.238500776748765,11.80499077570073,0,0.0,2.9706882318350836,9.722010053941005,28.736189838225584
Truck_2,457.4000939932806,7,0,0.0,4.468345435201684,11.2066755861145,0,0.0,3.628813999171541,14.170577153738236,33.47441217422596
Truck_9,458.4082858587243,7,0,0.0,6.21095840593847,18.209573008314862,0,0.0,2.863344182246408,12.551340718485335,39.835216314985075
Truck_6,470.5192435955018,7,0,0.0,4.922546997909819,11.78335208095956,0,0.0,2.607285917495574,9.243288900702396,28.55647389706735
Truck_0,473.3067526828615,7,0,0.0,2.813806278965501,12.12170645075679,0,0.0,3.6668079773937166,10.614265022201778,29.216585729317785
Truck_3,469.73096139779506,7,0,0.0,4.277358107088617,19.882837035600573,0,0.0,2.603010977827978,13.01737814350389,39.78058426402106
Truck_7,480.15160710113025,8,0,0.0,5.9153194702760175,15.93926550970724,0,0.2144849676881222,1.6488899496562226,10.965594252529002,34.683554149856604
Truck_4,483.8192187707565,8,0,0.0,5.24090619020825,11.601077563128285,0,0.0,1.5594745247086053,13.254448023805196,31.655906301850337
Truck_8,478.75747377787667,7,0,0.0,5.43465340810036,15.292957270500665,0,0.0,3.1300982822982064,14.68803537964908,38.54574434054831
Truck_5,488.0228640478151,8,0,0.0,5.848724177219822,11.6094193710058,0,0.0,2.966405451028038,9.251230702643909,29.675779701897568
Truck_1,489.40984252545695,8,0,0.0,4.923110223761853,16.521476416140786,0,0.0,2.958950287934215,8.500686146529802,32.904223074366655
Truck_2,490.8745061675066,8,0,0.0,3.571107896852425,19.501596270888854,0,0.0,3.2069312349052552,11.907545375070299,38.18718077771683
Truck_9,498.2435021737094,8,0,0.0,4.63299359385752,16.32919208707574,0,0.0,2.258176956195598,13.706912488128978,36.927275125257836
Truck_0,502.52333841217927,8,0,0.0,4.394755666296419,12.883896677063888,0,0.0,3.5116402258365724,12.351685699688005,33.141978268884884
Truck_3,509.5115456618161,8,0,0.0,4.79108784905776,14.88042533634166,0,0.0,1.918377417427223,9.728730448394913,31.318621051221555
Truck_4,515.4751250726068,8,0,0.0,5.5506407387973695,11.694626436607678,0,0.0,1.9093478893590827,10.562342998788836,29.716958063552966
Truck_5,517.6986437497127,8,0,0.0,3.9911980728985554,14.428639015551767,0,0.0,2.2356567710221498,8.474919045997467,29.13041290546994
Truck_7,514.8351612509869,8,0,0.0,4.1052153586748545,19.305924729392927,0,0.0,2.8114115886073705,8.530512399436475,34.75306407611163
Truck_8,517.303218118425,8,0,0.0,3.7688252916582314,17.452436453208406,0,0.0,3.629783837473383,9.521108085491846,34.37215366783187
Truck_1,522.3140655998236,8,0,0.0,4.228520322331406,16.331977816585436,0,0.0,3.8072882528310856,10.509616539532544,34.87740293128047
Truck_9,535.1707772989672,8,0,0.0,3.108840958619453,12.589867584489753,0,0.0,2.1451990526185227,12.589918159167155,30.433825754894883
Truck_2,529.0616869452234,8,0,0.0,5.697649721782568,19.846198465681596,0,0.0,3.6239210048696577,9.220380408834899,38.38814960116872
Truck_0,535.6653166810642,8,0,0.0,2.428964187155316,12.274443449487421,0,0.0,3.128324584176653,14.844366141942487,32.67609836276188
Truck_3,540.8301667130377,9,0,0.0,5.558064098514933,10.602671980535092,0,0.0,3.282404812250661,13.739298762039311,33.18243965334
Truck_5,546.8290566551826,9,0,0.0,4.610166803333755,13.580613971020853,0,0.0,2.491963705221906,8.032261963654264,28.715006443230777
Truck_4,545.1920831361598,9,0,0.0,3.157209760882324,16.219627116626498,0,0.0,2.5009438202650927,10.85776224150743,32.735542939281345
Truck_6,499.07571749256914,8,0,0.0,5.982758623821269,11.518810198736332,0,0.0,3.7214679631631498,14.994533368015482,79.94907431045903
Truck_7,549.5882253270985,9,0,0.0,5.636613423799531,12.572135834293249,0,0.0,3.811241722962791,13.157415118219546,35.17740609927512
Truck_8,551.6753717862568,9,0,0.0,6.199840814569598,19.066144236526156,0,0.0,3.068717142190053,9.75825332615375,38.092955519439556
Truck_1,557.1914685311041,9,0,0.0,5.823001742922656,17.98574782493074,0,0.0,3.3529106695538076,11.586180156123532,38.74784039353074
Truck_2,567.4498365463921,9,0,0.0,5.738826514581547,10.4230927026249,0,0.0,3.0192303333275277,9.566874682239131,28.748024232773105
Truck_3,574.0126063663777,9,0,0.0,4.782314873156338,11.947495297047908,0,0.0,2.538305198332523,8.716390542262161,27.98450591079893
Truck_0,568.341415043826,9,0,0.0,5.630432694100136,16.841166123716107,0,0.0,3.7821142647590023,9.623730637393123,35.87744371996837
Truck_9,565.6046030538621,9,0,0.0,6.079081769747745,19.58603419152371,0,2.0110027197808904,3.674912255348886,12.204192964615459,43.55522390101669
Truck_6,579.0247918030282,9,0,0.0,4.415755194281928,17.407373026086702,0,0.0,2.251744298933886,10.567814377410969,34.642686896713485
Truck_5,575.5440630984134,9,0,0.0,6.1087112314671685,15.965359264775202,0,0.0,2.3224660632502037,14.250646027029006,38.64718258652158
Truck_4,577.9276260754411,9,0,0.0,6.107454430800203,15.160180059648951,0,0.0,2.331678510680831,13.350173884059132,36.94948688518912
Truck_7,584.7656314263736,9,0,0.0,5.136906074345006,16.344266493922532,0,0.0,1.9290117958069004,10.89834969296544,34.30853405703988
Truck_1,595.9393089246348,9,0,0.0,4.1868727490325455,12.69657946447478,0,0.0,1.3921473624786813,8.920179580071249,27.195779156057256
Truck_2,596.1978607791652,9,0,0.0,4.5443815010913795,10.942333042908672,0,0.0,2.695628147242587,11.697964552646113,29.88030724388875
Truck_3,601.9971122771766,10,0,0.0,4.94615150897846,18.73650253070116,0,0.0,3.363656312378339,12.270510415180183,39.31682076723814
Truck_9,609.1598269548788,10,0,0.0,2.463150482770857,15.148350613768912,0,0.0,2.6313907079760384,14.629518743967651,34.87241054848346
Truck_4,614.8771129606303,10,0,0.0,5.908605113080853,11.17319740391656,0,0.6292355987196743,1.3602539404542995,10.722086148555263,29.79337820472665
Truck_0,604.2188587637944,10,0,0.0,6.02907267671344,16.79741522878237,0,1.9980759599443445,3.5447284471127887,13.976249305511033,42.345541618063976
Truck_6,613.6674786997417,10,0,0.0,3.6480893660713036,12.699861529814939,0,0.0,3.051435091393273,13.635640409485632,33.03502639676515
Truck_2,626.078168023054,10,0,0.0,4.512918897436634,11.57931608532067,0,0.0,1.9490657135163474,8.761245080738263,26.802545777011915
Truck_5,614.191245684935,10,0,0.0,5.614445238293229,19.378881018206584,0,0.0,3.2333006249612026,13.130232317452851,41.35685919891387
Truck_8,589.7683273056964,9,0,0.0,4.001800251787131,13.093657847777308,0,0.0,3.739486555681765,9.774717387624378,66.18321684564057
Truck_7,619.0741654834135,10,0,0.0,5.696554807173015,19.487197295900387,0,0.0,2.775092984913158,10.28921046309938,38.24805555108594
Truck_1,623.1350880806921,10,0,0.0,4.910825490849902,16.700163385198834,0,1.4307498069717894,2.108989622739159,13.915645498088793,39.06637380384848
Truck_3,641.3139330444147,10,0,0.0,5.710218918361875,11.086059241992189,0,0.0,3.826875369204913,11.823600920829335,32.44675445038831
Truck_4,644.6704911653569,10,0,0.0,6.006229465622482,14.265161197687007,0,0.0,2.054705986806539,9.678670315348654,32.00476696546468
Truck_9,644.0322375033622,10,0,0.0,3.6716433428243818,15.07527127504352,0,0.0,3.7248122252749454,13.632160210524717,36.10388705366756
Truck_0,646.5644003818584,10,0,0.0,5.4889685352274,15.221429486872808,0,0.0,3.0094556322280823,12.117789197230081,35.83764285155837
Truck_6,646.7025050965068,10,0,0.3216468662698162,6.041678643551791,14.602743446446084,0,0.0,3.6168548920879857,12.183361750987501,36.76628559934318
Truck_5,655.5481048838489,10,0,0.0,4.22946052858299,10.053875965583757,0,0.4528126581710694,2.9940080067812005,11.186973319901085,28.917130479020102
Truck_2,652.8807138000659,10,0,0.0,3.6562286265628927,15.391027639800313,0,0.0,3.1735217173757064,11.556177819346772,33.776955803085684
Truck_8,655.951544151337,10,0,0.0,4.542899823564085,13.54655798585361,0,0.0,3.531645831710307,10.835452928445989,32.45655656957399
Truck_7,657.3222210344994,10,0,0.0,5.274066907960901,12.927385385653224,0,0.0,2.3964237186993387,10.986643779294354,31.584519791607818
Truck_1,662.2014618845405,11,0,0.0,4.276676215434463,15.214457929483501,0,0.0,3.65437820600539,12.613431747342133,35.75894409826549
Truck_4,676.6752581308216,11,0,0.0,3.661277246387044,13.547369782708074,0,0.0,2.0395795038963342,12.487794936479077,31.73602146947053
Truck_3,673.760687494803,11,0,0.0,4.929050631984069,16.657055478922075,0,0.0,2.9934308100392855,14.881970748681056,39.461507669626485
Truck_9,680.1361245570298,11,0,0.0,5.983003902869768,13.14256876796378,0,0.0,3.396667216801802,12.470091490611253,34.992331378246604
Truck_6,683.46879069585,11,0,0.0,5.997748961896036,16.34399694555532,0,0.0,3.7359066695728416,8.785710366456101,34.8633629434803
Truck_5,684.465235362869,11,0,0.0,3.7640065046515474,15.210428158477953,0,0.0,3.6030971486292174,12.17652554696042,34.75405735871914
Truck_1,0.0,0,0,0.0,5.753802734642998,12.741913739208492,0,0.0,1.699122644202788,9.914762526473126,30.109601644527405
Truck_2,0.0,0,0,0.0,5.992536696532761,12.161072597728612,0,0.0,1.7948546322531662,14.729878718099325,34.67834264461386
Truck_0,0.0,0,0,0.0,5.838426011178855,12.823072283434703,0,1.28696563190098,3.403487165532052,12.148398534342036,35.500349626388626
Truck_3,0.0,0,0,0.0,6.181924063851489,17.77051026580308,0,0.0,1.8436392876018957,13.66162434324755,39.457697960504014
Truck_7,0.0,0,3,6.181924063851489,3.317657944460076,16.476678103639884,0,0.0,2.175008051648394,12.30609159000166,40.4573597536015
Truck_6,0.0,0,2,5.992536696532761,5.696212257300075,14.367080789612068,0,2.0037646127937627,2.2864460135672644,10.723637282395995,41.069677652201925
Truck_4,0.0,0,0,5.753802734642998,5.631551004039417,14.442709324075249,0,0.0,2.2315312934810017,14.64109984357324,42.700694199811906
Truck_5,0.0,0,1,5.838426011178855,4.7826919251824656,15.732129609805847,1,1.7980206174326732,3.0912799406670715,11.775400319807321,43.017948424074234
Truck_9,0.0,0,5,10.62111793636132,5.194821868519567,16.353434269956406,0,0.0,3.5739148371243346,8.037024973938557,43.780313885900185
Truck_8,0.0,0,4,9.499582008311565,6.158497024739114,18.464069082752392,0,0.0,2.21407771926868,8.853276679334698,45.18950251440645
Truck_3,39.457697960504014,0,0,0.0,4.515880837998715,12.090862277699607,0,0.0,2.888984917431735,9.87591264606283,29.371640679192886
Truck_1,30.109601644527405,0,0,0.0,4.778009518440253,17.38534074691526,0,0.0,2.980399562224278,13.638551787922694,38.78230161550249
Truck_2,34.67834264461386,0,0,0.0,4.30294896756503,17.866197964700042,0,0.0,2.6993289650533043,13.955209002235819,38.823684899554195
Truck_9,43.780313885900185,0,1,2.4961033208902847,4.289823980329743,10.84309687666402,0,0.0,2.139685562868756,12.394645824767075,32.16335556551988
Truck_0,35.500349626388626,0,0,0.0,6.028601786709231,16.251634395714305,0,1.1728401848219079,3.0105018196469757,14.277499485749189,40.74107767264161
Truck_6,41.069677652201925,0,0,0.0,5.6605666368362435,15.295639312491275,0,0.0,1.5766361210534399,13.564625675349731,36.09746774573069
Truck_4,42.700694199811906,0,0,0.0,4.701057724404556,16.759647172379296,0,0.0,2.2815764072998377,11.656507973396415,35.398789277480105
Truck_7,40.4573597536015,0,0,0.0,5.819057453188968,18.01128157839983,0,2.155276718705295,3.495786950296278,9.602260787806898,39.08366348839727
Truck_5,43.017948424074234,0,0,0.9556303744284946,5.681297193121836,19.835861304065844,0,0.0,3.0723313113396955,9.281310535578982,38.82643071853485
Truck_8,45.18950251440645,0,1,1.5407417746317194,5.83646410694913,10.729805693406185,0,0.2525095372595061,3.667350412709702,14.935460331835912,36.962331856792154
Truck_1,68.89190326002989,1,0,0.0,3.5054997265023218,11.672067714716363,0,0.0,2.348446056505793,11.25720695387568,28.783220451600158
Truck_3,68.8293386396969,1,0,0.0,5.470373782029341,11.70904107561644,0,0.0,3.0531420020988946,13.353605354788755,33.58616221453343
Truck_4,78.09948347729201,1,0,1.0975913537979096,5.906918827233795,12.635752483723408,0,0.0,3.019553258903457,8.191789667501524,30.851605591160094
Truck_9,75.94366945142006,1,0,0.0,5.074089275073078,19.74787634959148,0,0.0,2.7740691865271856,8.021316217278212,35.617351028469955
Truck_2,73.50202754416806,1,0,0.0,5.695047286921863,15.599021317213342,0,0.0,2.657561027286931,14.766216691931447,38.717846323353584
Truck_6,77.16714539793261,1,0,0.0,5.9081235390293045,11.111201649327711,0,0.0,3.4384064797783935,14.73323672512467,35.19096839326008
Truck_7,79.54102324199877,1,0,1.4767354844943696,3.985455259419595,16.224115946971594,0,1.0475284795074629,3.159503978748532,8.33338169849165,34.2267208476332
Truck_0,76.24142729903024,1,0,0.0,5.188497004837799,17.84127295613169,0,0.0,3.0036611523920698,11.961717803514688,37.995148916876246
Truck_5,81.84437914260909,1,0,0.0,5.931267526990226,19.739058888453457,0,0.0,3.5506809516415245,8.96617096786062,38.18717833494583
Truck_8,82.1518343711986,1,0,0.9234345657633156,4.772741891188289,17.674257084336332,0,0.0,2.8228993063785737,14.323202675292677,40.51653552295919
Truck_1,97.67512371163005,1,0,0.0,5.7262308808818005,17.952455574753444,0,0.0,3.6568298200863723,11.234240891924415,38.56975716764603
Truck_3,102.41550085423033,1,0,0.0,6.002009700383212,14.566695965328762,0,0.0,3.7745938007431477,10.259013124445573,34.602312590900695
Truck_4,108.9510890684521,1,0,0.0,5.709803568432619,14.229720175649035,0,0.0,2.819476676967014,8.129558792531839,30.888559213580507
Truck_6,112.3581137911927,1,0,0.0,5.996982075666125,11.45781006284247,0,0.0,2.128307193930681,10.726269105965144,30.30936843840442
Truck_9,111.56102047989002,1,0,0.0,3.04881541929214,15.98169277180564,1,1.3496844526441691,2.696543912014647,8.267111517880124,31.34384807363672
Truck_2,112.21987386752164,1,0,0.0,3.7734208102300926,16.788502956868214,0,1.8559594010266665,2.515316453776194,8.793410822089498,33.726610443990666
Truck_7,113.76774408963198,1,0,0.8420918095501833,2.6164025237377473,13.311931818473951,0,1.1719192481069172,3.6244159344008153,10.633883122419292,32.200644456688906
Truck_5,120.03155747755491,2,0,0.0,4.209264678205969,12.230151654831715,0,0.0,3.585327359516185,10.419412378766424,30.444156071320293
Truck_0,114.23657621590648,1,1,0.4243164209782435,5.837575977168726,17.042509802447597,0,0.0,2.2321309538012883,11.105007980162469,36.641541134558324
Truck_8,122.66836989415779,2,0,0.0,3.887739313883557,11.554348096313575,0,1.6626520659474124,1.9769703729165826,14.825247923130263,33.90695777219139
Truck_1,136.24488087927608,2,0,0.0,5.025520187558442,10.175558797665104,0,0.0,1.3630938880729389,8.249749480203121,24.813922353499606
Truck_3,137.01781344513103,2,0,0.0,4.680159814866812,12.852121962638392,0,0.0,3.2204186688471452,9.119554261424241,29.87225470777659
Truck_4,139.8396482820326,2,0,0.0,5.809323540356701,10.973037718030383,0,0.0,3.6757705437296693,8.00087701852658,28.459008820643334
Truck_2,145.9464843115123,2,0,0.0,3.9135429177755725,11.360236305498148,0,0.0,1.9191119273614277,11.83057976768103,29.02347091831618
Truck_9,142.90486855352674,2,0,0.0,4.929817446067602,18.03968546874904,0,0.0,2.26190441331417,9.564846088457614,34.79625341658843
Truck_7,145.96838854632088,2,0,0.0,4.194782848283921,12.158067150788497,0,0.0,3.1100999437871337,13.729661877004645,33.1926118198642
Truck_6,142.6674822295971,2,0,0.0,4.046949050043111,19.085637821787316,0,0.0,3.3439584147989763,11.487633500233727,37.96417878686313
Truck_5,150.4757135488752,2,0,0.0,5.526987596430217,14.761798578038821,0,0.0,3.095649334281177,11.983828952552386,35.3682644613026
Truck_0,150.8781173504648,2,0,0.0,6.02678489760828,14.340541877486487,0,0.0,3.2482525444142425,14.61950538021,38.23508469971901
Truck_1,161.0588032327757,2,0,0.0,4.899146800050659,12.169490398364616,0,0.0,3.252532290721774,10.070010385111914,30.391179874248962
Truck_3,166.89006815290762,2,0,0.0,3.6435585860907906,10.05364722782079,0,0.0,2.731785216039441,8.513726079890859,24.94271710984188
Truck_8,156.57532766634918,2,0,0.0,2.9487091435882746,17.19438694339351,0,0.0,3.010150745051675,12.25034575397288,35.40359258600634
Truck_4,168.29865710267595,2,0,0.0,4.824616681790985,14.246073444184589,0,0.0,2.4112555068197707,10.129963178417597,31.611908811212942
Truck_7,179.16100036618508,2,0,0.0,5.256646495749436,10.924713472863374,0,0.0,3.225580153552329,10.71369509747052,30.12063521963566
Truck_9,177.70112197011517,2,0,0.0,4.678200216829794,11.001868243632032,0,0.0,3.5241122606609565,14.166525116831309,33.37070583795409
Truck_6,180.63166101646024,3,0,0.0,6.031403656234886,12.128635538477994,0,0.0,1.7187452055311212,13.271349293706265,33.150133693950266
Truck_0,189.11320205018382,3,0,0.0,3.9989945539512064,10.501341368744363,0,0.0,2.903957535636266,8.707962085189422,26.112255543521258
Truck_2,174.96995522982849,2,0,0.0,5.179771688984118,19.436681780975675,0,0.0,2.8427878809129368,13.822807279040802,41.28204862991353
Truck_5,185.8439780101778,3,0,0.0,5.681780890403616,14.863400516814181,0,0.0,2.2541834059577184,13.093734276813791,35.893099089989306
Truck_1,191.44998310702465,3,0,0.0,5.568037610616784,11.602051008499132,0,0.0,3.489302291383808,13.93281810879742,34.592209019297144
Truck_3,191.8327852627495,3,0,0.0,4.6310069882271705,16.3693120362787,0,0.0,3.413570924604045,10.142403487006021,34.556293436115936
Truck_4,199.9105659138889,3,0,0.0,5.092743298221308,13.50677966819282,0,0.0,2.869281064679626,8.489008940602986,29.95781297169674
Truck_8,191.97892025235552,3,0,0.0,5.878344517594996,17.069229343588603,0,0.0,3.5269490782051207,12.972926651394545,39.447449590783265
Truck_9,211.07182780806926,3,0,0.0,3.1719945194470256,13.131002324255519,0,0.0,3.6604685387534914,8.769856399722528,28.733321782178564
Truck_6,213.7817947104105,3,0,0.0,6.1610343608167,14.009983484688064,0,0.0,1.3220568462892288,9.07224473517482,30.565319426968813
Truck_7,209.28163558582074,3,0,0.0,4.43740081830029,19.336150193819606,0,0.0,2.926159925244491,12.695298815795553,39.39500975315994
Truck_2,216.25200385974202,3,0,0.0,5.171645295656219,15.5517499783289,0,0.0,2.5038241857555192,11.86385465518714,35.09107411492778
Truck_0,215.22545759370507,3,0,0.0,6.0150021208359306,16.043589119608185,0,0.0,3.1208036746142795,12.6946996258267,37.874094540885096
Truck_1,226.0421921263218,3,0,0.0,5.119864200403072,12.084529302935863,0,0.0,2.426422053970583,8.116940428934129,27.747755986243646
Truck_4,229.86837888558563,3,0,0.0,5.497814968168541,10.362059052089364,0,0.0,2.502692178809781,8.438482252638352,26.801048451706038
Truck_5,221.7370771001671,3,0,0.0,5.39690363517937,17.411040823769042,0,0.0,3.7634322155915925,12.061996763324203,38.63337343786421
Truck_8,231.4263698431388,3,0,0.0,5.661325663839278,18.544775640509755,0,0.0,2.945718394571543,8.011438058794056,35.16325775771463
Truck_9,239.80514959024782,3,0,0.0,4.309254703352394,14.941923725943639,0,0.0,3.6731422323094307,9.34840549033379,32.27272615193925
Truck_6,244.34711413737932,4,0,0.0,2.183938507836473,14.219374016214402,0,0.0,2.8736787493396605,13.56465025852691,32.841641531917446
Truck_2,251.3430779746698,4,0,0.0,4.276229766701874,13.426781123496568,0,0.0,3.114793247571697,9.105316561977475,29.923120699747614
Truck_7,248.67664533898068,4,0,0.0,5.173398356918568,12.999813441517205,0,0.0,3.0848587139832944,13.300209839699221,34.55828035211829
Truck_4,256.66942733729167,4,0,0.0,5.479029522765359,11.749632237280082,0,0.0,2.191400890820546,12.143331164735287,31.563393815601273
Truck_1,253.78994811256544,4,0,0.0,5.622144142115957,13.50412091913995,0,0.0,2.9740495821636728,12.759336641432583,34.85965128485216
Truck_0,253.09955213459017,4,0,0.0,5.176135733652927,18.270344052813527,0,0.0,3.772171311935665,10.204039707380332,37.42269080578245
Truck_5,260.3704505380313,4,0,0.0,2.6938779537712207,17.375567137219093,0,0.0,3.283633808988043,11.264382500321688,34.617461400300044
Truck_8,266.5896276008534,4,0,0.0,5.722910188764047,18.639559643120208,0,0.0,1.4510843433820355,10.812726291007095,36.626280466273386
Truck_9,272.0778757421871,4,0,0.0,5.237886073119739,19.267817539545717,0,0.0,1.9616043851831932,11.54352023394705,38.0108282317957
Truck_6,277.18875566929677,4,0,0.0,5.530396047288718,16.11847555669692,0,0.0,3.3815120880463496,12.395893781738948,37.42627747377094
Truck_2,281.2661986744174,4,0,0.0,3.816999861947977,16.091853210682018,0,0.0,3.3256397853052704,13.871419521499206,37.10591237943447
Truck_7,283.23492569109897,4,0,0.0,4.914023356740188,17.560085104235384,0,0.0,3.29537617498454,10.759752073954814,36.529236709914926
Truck_4,288.23282115289294,4,0,0.0,6.146422816890379,15.325043103195298,0,0.0,3.090279583123788,9.894559328927812,34.45630483213728
Truck_1,288.6495993974176,4,0,0.0,3.7291146010919647,17.43472714944494,0,0.0,3.7060527828814998,9.240957949357721,34.110852482776124
Truck_5,294.98791193833137,4,0,0.0,5.920235880263249,18.849734443515217,0,0.0,2.063048333330471,9.14294879473033,35.97596745183927
Truck_0,290.5222429403726,4,0,0.0,6.209621339731427,19.882710721139176,0,0.0,3.7759115054338963,11.389036050379502,41.257279616684
Truck_8,303.2159080671268,5,0,0.0,5.734315833927383,14.133123632755712,0,0.0,2.828383165999071,8.792071682590574,31.48789431527274
Truck_3,226.38907869886543,3,0,0.0,4.673335288498151,16.32887995855873,0,0.0,2.272136942201371,8.732251593032117,110.02282364417317
Truck_9,310.0887039739828,5,0,0.0,3.2703373879602964,12.137884877281408,0,0.4148044605844916,1.8548794674345572,10.997270445564652,28.675176638825405
Truck_6,314.6150331430677,5,0,0.0,5.527953498969339,18.86661939704436,0,0.0,1.6690344088867164,10.762343699095652,36.82595100399607
Truck_1,322.7604518801937,5,0,0.0,4.367492711306113,11.187882776625884,0,0.0,3.3297980704130623,10.139279956730832,29.02445351507589
Truck_4,322.6891259850302,5,0,0.0,4.293037592834764,13.896113949727635,0,0.7673479109461709,2.0472377430696724,10.7453929535842,31.749130150162443
Truck_2,318.3721110538519,5,0,0.0,3.8686122319259084,18.370580410404273,0,0.06733675178605836,3.1237793588560407,12.189153252015046,37.61946200498733
Truck_7,319.7641624010139,5,0,0.0,5.930873792408988,16.021870154830083,0,1.9759568333554967,3.306393683866247,13.401188167376688,40.6362826318375
Truck_5,330.96387939017063,5,0,0.0,5.166915308411717,14.065906292253942,0,0.0,1.9430453713810607,12.232624299523309,33.40849127157003
Truck_8,334.70380238239954,5,0,0.0,6.165656247399397,14.5313284129993,0,0.0,2.3311497196453956,9.065253093546858,32.09338747359095
Truck_0,331.7795225570566,5,0,0.0,6.0585262067394865,15.832055826599685,0,0.0,3.022471428601989,11.818978015205971,36.73203147714713
Truck_3,336.4119023430386,5,0,0.0,4.499675375230879,17.266825781711646,0,0.0,2.7637784644342673,10.992606989153842,35.522886610530634
Truck_9,338.7638806128082,5,0,0.0,6.2064279110054485,14.627640791488602,0,0.0,2.4343364102957707,14.048067240385024,37.316472353174845
Truck_4,354.43825613519266,5,0,0.0,5.33064185419056,11.221806209056354,0,0.450003374829123,3.719013441030995,8.58831386019142,29.30977873929845
Truck_1,351.7849053952696,5,0,0.0,5.234812984095072,11.629178930612966,0,0.0,2.7918102632910404,14.477620110382531,34.13342228838161
Truck_2,355.9915730588392,5,0,0.0,4.014255368807994,10.184179973058178,0,0.0,3.658281119514527,12.202314448611162,30.05903090999186
Truck_6,351.4409841470638,5,0,0.0,4.565510333179702,18.6223877924038,0,0.0,3.7577249555148455,12.737406216367674,39.68302929746602
Truck_7,360.4004450328514,6,0,0.0,5.384774970525314,16.806989555721543,0,0.0,2.373289238934433,8.647386953276623,33.21244071845791
Truck_8,366.7971898559905,6,0,0.0,6.0770767664131995,12.885876451476804,0,0.0,1.3677234258404383,8.349405664684525,28.680082308414967
Truck_5,364.37237066174066,6,0,0.0,4.2222007569344555,14.962697291361167,0,0.0,3.3815532289306134,10.284668260872422,32.85111953809866
Truck_0,368.51155403420375,6,0,0.0,4.548924829388795,17.138849689888445,0,0.0,3.248497597027665,8.341127052015963,33.27739916832087
Truck_9,376.080352965983,6,0,0.0,5.275937940505003,11.31336706234049,0,0.0,3.395958421031139,9.075237363088888,29.06050078696552
Truck_3,371.93478895356924,6,0,0.0,5.688348443541429,18.253560362512644,0,0.0,1.1656411333149777,14.500791528774016,39.60834146814307
Truck_1,385.9183276836512,6,0,0.0,5.5638485272596085,13.07349009505782,0,0.0,3.0812671960138687,10.732855184921164,32.45146100325246
Truck_4,383.7480348744911,6,0,0.0,5.447354335378122,17.686099285326122,0,0.7554450067871699,3.538872026353488,8.147585139940361,35.57535579378526
Truck_6,391.1240134445298,6,0,0.0,3.9142303086926518,10.361524328149756,0,0.0,2.512312216354303,11.55260449573774,28.34067134893445
Truck_2,386.05060396883107,6,0,0.0,4.728544171799854,19.42166977528143,0,0.0,2.2889125072433103,11.686933316132354,38.12605977045695
Truck_7,393.6128857513093,6,0,0.0,6.079985106767708,16.287596667005005,0,0.0,2.9146440453736773,9.46985793968139,34.75208375882778
Truck_0,401.7889532025246,6,0,0.0,4.104659505721827,10.611792098195679,0,0.0,3.7593472123725746,8.669000136705677,27.144798952995757
Truck_8,395.47727216440546,6,0,0.0,4.923632921848537,19.259541455804708,0,0.0,3.328042064667443,9.525745100704057,37.036961543024745
Truck_9,405.14085375294854,6,0,0.0,4.965285834691372,10.374167116162596,0,0.0,3.512925347514397,10.751674688531182,29.604052986899546
Truck_5,397.2234901998393,6,0,0.0,5.531209222268899,18.099131291561378,0,2.1346578930565556,3.2449403780694297,10.563891974223623,39.573830759179884
Truck_3,411.5431304217123,6,0,0.0,5.881795050736287,17.068751830644374,0,0.0,2.689356247285957,8.321998385589723,33.96190151425634
Truck_1,418.3697886869037,6,0,0.0,4.219452634137838,10.983786707803972,0,0.0,3.328438723426018,11.426200980287206,29.957879045655034
Truck_6,419.46468479346424,6,0,0.0,4.180381626467295,14.46444955820715,0,0.0,2.406435735584182,9.89316100515299,30.944427925411617
Truck_4,419.3233906682764,6,0,0.0,3.259981900731816,15.146926907559703,0,0.0,2.332056095285168,11.223993448337524,31.96295835191421
Truck_2,424.176663739288,7,0,0.0,3.801805927003784,14.26563459216294,0,0.0,2.836828750758798,11.736674090141946,32.64094336006747
Truck_7,428.3649695101371,7,0,0.0,3.9551248921918614,17.289682185797687,0,0.0,2.8842475678131336,8.334004143384561,32.463058789187244
Truck_0,428.9337521555204,7,0,0.0,4.924077281168536,12.332292775006636,0,0.0,2.430894362677236,13.799988482206402,33.48725290105881
Truck_8,432.5142337074302,7,0,0.0,4.902865293972354,15.009880823959179,0,0.0,3.411971105250302,10.254100666372551,33.57881788955439
Truck_9,434.7449067398481,7,0,0.0,5.739453865980636,13.152955605842237,0,0.0,2.839082758130985,11.060315573829769,32.79180780378363
Truck_5,436.7973209590192,7,0,0.0,6.238821730928464,17.06098835071947,0,0.0,3.03454122238486,13.113268591262624,39.44761989529542
Truck_1,448.3276677325587,7,0,0.0,5.676029645377469,12.875055064096273,0,0.0,2.269951589565892,10.336492708674996,31.15752900771463
Truck_3,445.50503193596865,7,0,0.0,4.584185229782008,18.52032456862986,0,0.5349629979544375,2.48532042631399,10.936587394488697,37.06138061716899
Truck_6,450.40911271887586,7,0,0.0,4.251570592533085,11.414357997112518,0,0.0,3.069463423813488,14.644351455171375,33.379743468630465
Truck_4,451.2863490201906,7,0,0.0,5.140101512094304,17.3049164528162,0,0.0,2.209945362013457,8.833281217619913,33.488244544543875
Truck_2,456.8176070993555,7,0,0.0,5.5193465864155655,16.780151198738736,0,0.0,2.004709322958604,12.010201007932494,36.3144081160454
Truck_8,466.0930515969846,7,0,0.0,6.208985301410394,11.499026244760273,0,0.0,1.5810428414958437,9.954236776561345,29.243291164227855
Truck_7,460.82802829932433,7,0,0.0,4.767076233466355,15.73929766538339,0,0.0,2.5340270551421327,12.904002221423525,35.9444031754154
Truck_0,462.4210050565792,7,0,0.0,4.932452232423202,17.39258832752415,0,0.0,3.7314537254544007,11.20294860627098,37.259442891672734
Truck_5,476.2449408543146,7,0,0.0,2.5480494411152677,13.254520323326744,0,0.0,3.78529402260574,8.183797536437282,27.771661323485034
Truck_1,479.48519674027335,7,0,0.0,3.4448081633209426,11.138861550948548,0,0.0,3.4810692826852687,8.208671900376942,26.2734108973317
Truck_9,467.5367145436317,7,0,0.0,4.825632402526537,18.029016643209104,0,0.0,2.287990579250561,13.276495619289847,38.41913524427605
Truck_3,482.56641255313764,8,0,0.0,5.08030395256668,10.794997757784927,0,0.0,3.7891660032785808,12.781534622734512,32.4460023363647
Truck_4,484.77459356473446,8,0,0.0,4.776403862101631,17.17915350844345,0,0.0,3.5634254925286655,11.987339467555273,37.50632233062902
Truck_2,493.1320152154009,8,0,0.0,5.998321646167938,14.78184615123746,0,0.0,2.9174929603219653,8.342598837662763,32.040259595390125
Truck_0,499.6804479482519,8,0,0.0,4.910112470013928,10.304117552450009,0,0.0,3.6465319346423257,11.605178763550384,30.465940720656647
Truck_8,495.33634276121245,8,0,0.0,5.805566228611269,17.621232538036224,0,0.0,3.6824918202987647,10.093816042145704,37.20310662909196
Truck_9,505.95584978790777,8,0,0.0,2.552370812115555,12.889570920077006,1,2.0181946027066715,1.718001420496762,8.274715680318195,27.45285343571419
Truck_7,496.77243147473973,8,0,0.0,5.752688876508614,17.73635131795129,0,0.0,3.154514453607362,12.720343210957367,39.36389785902463
Truck_5,504.01660217779965,8,0,0.0,3.4033803718278364,13.969219408443394,0,1.0564313900878233,3.560985155483877,12.707208048820235,34.697224374663165
Truck_1,505.75860763760505,8,0,0.0,4.58093341993839,16.801284337391962,0,0.0,2.2159312272709712,10.43852576094946,34.03667474555078
Truck_3,515.0124148895023,8,0,0.0,2.677850476242611,11.075093803135474,0,0.0,2.3098991788549483,9.693398038567466,25.7562414968005
Truck_4,522.2809158953635,8,0,0.0,3.7504822726112934,17.588150703391875,0,0.0,2.935425712095139,13.470069557037277,37.744128245135585
Truck_2,525.172274810791,8,0,0.0,4.474501478520551,15.373664804823193,0,0.0,3.122076495595138,12.721489624860396,35.69173240379928
Truck_0,530.1463886689086,8,0,0.0,3.8361105978109435,14.933872209878928,0,0.0,2.2934597899341043,9.761336439932847,30.824779037556823
Truck_5,538.7138265524628,8,0,0.0,5.750302200574652,10.679168471276853,0,0.0,2.7696028160097512,9.121867606711703,28.32094109457296
Truck_9,533.408703223622,8,0,0.0,4.913636623039906,17.857008531729434,0,0.0,1.9424632094999197,13.090539592449886,37.803647956719146
Truck_1,539.7952823831558,8,0,0.0,5.283267606200411,13.763379024523715,0,0.0,3.402620042422768,9.834594472260505,32.2838611454074
Truck_8,532.5394493903044,8,0,0.0,5.254857055908019,19.818792058123563,0,0.299801535988081,2.3401502244369112,12.305097826339534,40.01869870079611
Truck_7,536.1363293337644,8,0,0.0,5.239005989873476,19.305960642101013,0,0.0,2.3660284287062723,12.005043593367645,38.91603865404841
Truck_3,540.7686563863028,9,0,0.0,5.062932514282352,19.66410721545776,0,0.0,3.350301524968586,11.16777877510583,39.24512002981453
Truck_4,560.0250441404991,9,0,0.0,4.171660972193877,14.164043208442422,0,0.0,1.8363097717290202,8.712211565443226,28.884225517808545
Truck_6,483.7888561875063,8,0,0.0,5.175817956545757,15.301654452707794,0,0.0,3.490213463025725,13.121133012026121,109.16529194179293
Truck_2,560.8640072145903,9,0,0.0,4.805645440561534,17.837244890976194,0,0.0,3.1099814762300184,8.836783693557663,34.58965550132541
Truck_0,560.9711677064654,9,0,0.0,4.310247359732102,18.90082683770413,0,0.0,3.3364265212920827,11.71056487074361,38.258065589471926
Truck_5,567.0347676470358,9,0,0.0,4.316375766967894,14.93097738388542,0,0.334758224468942,3.1533977902682864,10.980177314085154,33.715686479675696
Truck_9,571.2123511803411,9,0,0.0,5.056263668617589,11.249520792255908,0,0.0005327839791107181,3.35077039976818,10.051631145166425,29.708718789787213
Truck_1,572.0791435285632,9,0,0.0,4.21412958294718,16.11580940945862,0,0.0,1.6493282333636898,8.623773995937881,30.60304122170737
Truck_7,575.0523679878128,9,0,0.0,6.223665638543594,12.491440265022561,0,0.0,3.497782431106316,8.681446069759204,30.894334404431675
Truck_3,580.0137764161174,9,0,0.0,5.093665552734251,12.245141060483434,0,0.0,3.066469131715735,8.337677980112517,28.742953725045936
Truck_8,572.5581480911005,9,0,0.0,6.177847753188644,17.961343689717296,0,0.0,2.953657824636366,10.657075155820166,37.74992442336247
Truck_4,588.9092696583076,9,0,0.0,4.86788687027456,12.278514671059156,0,0.0,2.228118158081884,14.596632835111336,33.97115253452694
Truck_6,592.9541481292993,9,0,0.0,3.77779011927953,12.62650440474647,0,0.0,2.8127499947148635,12.08756698302409,31.304611501764953
Truck_2,595.4536627159157,9,0,0.0,6.200768475470795,11.29935176090521,0,0.0,2.495792753264368,9.848251290893018,29.84416428053339
Truck_9,600.9210699701283,10,0,0.0,3.7693035483735002,10.886145977571005,0,0.0,2.2700257885956034,9.086264041080995,26.011739355621103
Truck_5,600.7504541267115,10,0,0.0,5.273024369480254,12.236395456481546,0,0.0,3.1469670864132695,9.65577464513899,30.31216155751406
Truck_0,599.2292332959373,9,0,0.0,6.0176439945651055,14.186821324745551,0,0.0,2.8196773978833107,11.924355938369104,34.94849865556307
Truck_7,605.9467023922444,10,0,0.0,3.398031151921032,13.486925448482225,0,0.0,3.3641152352777226,8.918660174486263,29.167732010167242
Truck_1,602.6821847502706,10,0,0.0,4.456758592492065,15.570785082965244,0,0.0,2.1090133695398663,14.62001025282325,36.756567297820425
Truck_3,608.7567301411633,10,0,0.0,4.49983347040893,15.27670680555616,0,0.0,3.2185425437949107,13.388182739774265,36.383265559534266
Truck_8,610.308072514463,10,0,0.0,3.674666877405457,16.938991092354286,0,0.0,1.7995645901440867,13.5546016448709,35.96782420477473
Truck_6,624.2587596310642,10,0,0.0,2.964989382923136,17.041344172681306,0,0.0,3.668437366628268,11.517197054456005,35.191967976688716
Truck_4,622.8804221928345,10,0,0.0,5.811158756804161,18.91474718159077,0,0.0,3.1481692811715902,8.708329272970104,36.582404492536625
Truck_5,631.0626156842255,10,0,0.0,2.6415770972292876,16.73150669483107,0,0.3187979361151747,2.490902813382718,8.272614224200765,30.455398765759014
Truck_2,625.2978269964491,10,0,0.0,5.039372261964559,18.348817339737707,0,0.0,3.540645821680755,10.633375202422371,37.56221062580539
Truck_0,634.1777319515004,10,0,0.0,4.713585974665648,15.224701825641091,0,0.0,3.532320153399951,9.089264825297391,32.55987277900408
Truck_9,626.9328093257494,10,0,0.0,5.046321516747071,19.329063903301517,0,0.9184676740341047,3.2861743642142756,12.717359330120871,41.29738678841784
Truck_7,635.1144344024117,10,0,0.0,6.1398599850288065,17.27905037520941,0,0.0,3.509760919622863,11.66399590370338,38.59266718356446
Truck_1,639.438752048091,10,0,0.0,4.423063306622566,16.809559773716614,0,0.0,3.4758541278373514,10.23989525028503,34.94837245846156
Truck_3,645.1399957006976,10,0,0.0,5.506131120427085,17.542764082362282,0,0.0,2.7763924346836575,12.752963847031197,38.57825148450422
Truck_8,646.2758967192377,10,0,0.0,5.757342286663288,15.775590092049356,0,0.0,3.2012935313352955,14.0953076428666,38.82953355291454
Truck_5,661.5180144499845,11,0,0.0,3.18572956072785,11.091045235815614,0,0.0,2.6626943765320448,8.545360378528699,25.484829551604207
Truck_4,659.4628266853712,10,0,0.0,3.4015319545881084,12.872995666871816,0,0.0,3.478952426088995,13.942731546899381,33.6962115944483
Truck_2,662.8600376222545,11,0,0.0,4.581766218441089,15.944643711393269,0,0.0,1.6047702998826026,10.616816703633049,32.74799693335001
Truck_0,666.7376047305045,11,0,0.0,2.853053889536227,10.547822947870372,0,0.0,3.7075640971416988,13.119394521203276,30.227835455751574
Truck_6,659.4507276077529,10,0,0.0,5.894240364332063,18.288438921628085,0,0.212638771339698,3.0627190936073703,13.809512783160471,41.26754993406769
Truck_9,668.2301961141673,11,0,0.0,4.648286780202056,16.863084513035233,0,0.0,2.887610175052714,8.85315875500919,33.25214022329919
Truck_7,673.7071015859761,11,0,0.0,3.301303656355117,18.91457402675735,0,0.0,2.6258682098888357,12.893557501932946,37.73530339493425
Truck_1,674.3871245065526,11,0,0.0,3.2139773432496668,17.476214646106655,0,0.0,3.797977055694105,12.958850471209757,37.447019516260184
Truck_5,687.0028440015888,11,0,0.0,4.199509271377451,10.033971785946278,0,0.0,2.8505375591132633,12.438063893882031,29.522082510319024
Truck_8,685.1054302721523,11,0,0.0,4.94328834724206,12.246201287246663,0,1.7919427113847632,2.1766715822975584,12.85303596261656,34.011139890787604
Truck_3,683.7182471852018,11,0,0.0,5.364979605102576,11.790620508287361,0,0.0,3.657422414054963,14.810516241335222,35.62353876878012
Truck_1,0.0,0,0,0.0,5.1936542923116535,11.299600560715074,0,0.0,2.869870260994489,10.161803094283197,29.524928208304413
Truck_3,0.0,0,0,0.0,2.2702843697112582,10.73545496714825,0,0.0,3.3454753225142753,14.474639662857172,30.825854322230956
Truck_2,0.0,0,0,0.0,3.7505838774977747,13.9235814869173,0,0.0,2.4531078483387283,11.663269315589105,31.790542528342908
Truck_5,0.0,0,1,3.7505838774977747,4.842652434842126,11.698591085060944,0,0.0,2.5769804644492247,10.719097891824237,33.587905753674306
Truck_7,0.0,0,3,5.1936542923116535,6.2212190014348385,12.536441779000128,0,0.6161941970652158,2.069775066971964,8.501591018843115,35.138875355626915
Truck_4,0.0,0,0,2.2702843697112582,3.1403032596013327,15.569495782856801,0,0.0,3.587425857642444,11.37799803550157,35.945507305313406
Truck_0,0.0,0,0,0.0,4.209949951163363,17.69234971723906,0,0.9665081934476447,3.1631019511991028,13.620028480822594,39.651938293871765
Truck_9,0.0,0,5,8.5932363123399,6.236013791533544,13.800385088552304,0,0.0,1.8639399288927514,11.222169209523514,41.715744330842014
Truck_8,0.0,0,4,5.410587629312591,3.9377227302365263,16.193895217060163,0,0.48970423643989136,2.587404079915661,14.550958839507302,43.170272732472135
Truck_6,0.0,0,2,4.209949951163363,4.621575632856494,19.962003915570406,0,0.0,2.1391230334579276,14.137380711437793,45.070033244485984
Truck_1,29.524928208304413,0,0,0.0,5.161143604586822,14.111298663216814,0,0.0,3.063407608213886,13.741467846994283,36.0773177230118
Truck_5,33.587905753674306,0,0,0.0,5.021789950008717,12.257591939698592,0,0.0,3.7804145682034545,12.883749760030355,33.94354621794112
Truck_3,30.825854322230956,0,0,0.0,5.441147185357597,19.758113456128164,0,0.0,2.9187137853811294,9.964254652788497,38.08222907965539
Truck_2,31.790542528342908,0,0,0.0,5.444967545256684,13.990161850233072,0,0.635106160489272,3.4596635096426027,14.851011330161505,38.38091039578313
Truck_4,35.945507305313406,0,0,0.32149420227514725,5.489317849278848,14.246218160195433,0,0.0,3.4813671665000854,13.116531414866209,36.65492879311572
Truck_9,41.715744330842014,0,0,0.0,3.651416304718083,16.12291690528781,0,0.6009032966274077,1.6906725078711204,9.25196552709702,31.31787454160144
Truck_7,35.138875355626915,0,0,0.0,5.133335814427717,16.204837404020417,0,2.466780175022798,3.1471520883774673,14.508848453515043,41.46095393536344
Truck_0,39.651938293871765,0,0,0.0,2.9593426309265,17.33913047161959,0,0.0,3.6282352556533297,13.587503806158395,37.514212164357815
Truck_8,43.170272732472135,0,0,0.0,3.556092170980655,18.709654816371923,0,0.0,2.979322223120576,10.753278627976428,35.99834783844958
Truck_6,45.070033244485984,0,0,0.0,5.583300350365619,18.915588549982942,0,0.0,2.405314117761719,11.307625688141371,38.21182870625165
Truck_5,67.53145197161543,1,0,0.0,4.235569367824027,15.036495485592852,0,0.0,2.1808358613881325,8.789409648188354,30.242310362993365
Truck_1,65.60224593131622,1,0,0.0,4.8964963222584,14.07340820596157,0,0.0,2.0415252842351066,13.843398246020314,34.85482805847539
Truck_0,77.16615045822958,1,0,0.0,4.24361273494597,11.995375203031912,0,0.0,1.3877855541479391,8.467321677289505,26.094095169415326
Truck_2,70.17145292412604,1,0,0.0,5.217780442881377,13.08340563872143,0,0.5117136806915852,3.0033231102660807,12.482763988997476,34.29898686155795
Truck_3,68.90808340188634,1,0,0.0,6.052943093202785,12.89632369399473,0,0.0,1.7853921534334347,14.964578666042868,35.69923760667382
Truck_4,72.60043609842913,1,0,0.0,5.158529323787079,17.451223013017398,0,0.0,3.4259099274180613,8.078173121308808,34.113835385531345
Truck_9,73.03361887244345,1,0,0.0,4.574936890354692,15.339640833939484,0,0.0,3.1427113250869922,12.917100554699687,35.974389604080855
Truck_6,83.28186195073764,1,0,0.0,2.6370396941650966,12.848249004832113,0,0.0,3.6219788282120504,9.260161763765907,28.367429290975167
Truck_7,76.59982929099036,1,0,0.0,4.517942446189494,17.812491853599695,0,2.646629371839893,2.0975302755930585,10.353322293084403,37.427916240306544
Truck_8,79.16862057092172,1,0,0.0,4.985277981272816,14.499161436124297,0,0.0,2.923832974300609,13.974067082157006,36.38233947385473
Truck_5,97.77376233460879,1,0,0.0,5.833537422070009,10.690296210705924,0,0.0,2.23442372398479,14.497801439091276,33.256058795852
Truck_0,103.2602456276449,1,0,0.0,2.9783848750833215,14.364622645630988,0,0.0,1.6054918127815085,11.221243401040596,30.169742734536413
Truck_3,104.60732100856016,1,0,0.0,5.947220785482301,11.985398630390023,0,0.0,3.7138435713955147,10.178150610533464,31.824613597801303
Truck_9,109.00800847652431,1,0,0.0,5.680654083779061,10.260910398621533,0,0.0,2.2008916250819652,10.20995659693827,28.35241270442083
Truck_1,100.45707398979161,1,0,0.0,3.040691454029229,17.646190440930056,0,0.0,3.356269600484765,13.73238540320284,37.77553689864689
Truck_2,104.470439785684,1,0,0.0,4.649797635910886,17.894564507433103,0,0.0,3.8098515152406094,9.924290910261476,36.278504568846074
Truck_4,106.71427148396047,1,0,0.0,5.506170514045252,16.998034046216702,0,0.0,2.19833541531753,14.414777856266682,39.117317831846165
Truck_8,115.55096004477645,1,0,0.0,4.181624974885224,12.05898251248719,0,0.0,3.513079799004913,13.844139632636285,33.59782691901361
Truck_6,111.6492912417128,1,0,0.0,4.526200213117846,19.201643899952387,0,0.0,2.674849574490139,12.387036174430818,38.78972986199119
Truck_7,114.0277455312969,1,0,0.0,5.38400198267712,19.035705027188058,0,0.0,3.786061378484362,13.461822176472168,41.66759056482171
Truck_9,137.36042118094514,2,0,0.0,4.572963425892112,12.170888012071913,0,0.0,3.2953956907530824,12.4959993459357,32.53524647465281
Truck_3,136.43193460636147,2,0,0.0,5.861195174196666,12.298669046806594,0,0.0,3.0922429886531972,14.352243292123177,35.604350501779635
Truck_5,131.0298211304608,2,0,0.0,5.4353653882759545,19.44803720210919,0,1.4864445888163118,3.741593535134541,12.288661659860367,42.400102374196365
Truck_1,138.2326108884385,2,0,0.0,6.1508284911006115,15.591093485401444,0,1.1667289798562308,3.514251109941057,9.006734867679342,35.429636933978685
Truck_2,140.74894435453007,2,0,0.0,5.766903811769339,15.54800638962331,0,0.0,2.781973172383715,9.067723972192283,33.16460734596865
Truck_0,133.42998836218132,2,0,0.0,4.066013176083203,19.50383272469341,1,0.6842075530599914,3.6865709562956397,14.306739753346847,42.24736416347909
Truck_4,145.83158931580664,2,0,0.0,5.7048540051904695,11.676755444591464,0,1.442314189149272,3.4672018249956125,14.222636100186548,36.513761564113366
Truck_8,149.14878696379006,2,0,0.0,5.718665047175222,19.48059992831145,0,0.0,2.827182884307234,11.690408079657914,39.71685593945182
Truck_6,150.439021103704,2,0,0.0,5.860364723533934,19.97462409338644,0,0.0,2.589017641226121,12.4010802036928,40.82508666183929
Truck_7,155.6953360961186,2,0,0.0,6.002335054617788,19.9923793983626,0,0.0,3.282120430387863,12.806419428715571,42.083254312083824
Truck_9,169.89566765559795,2,0,0.0,5.155519571512713,12.59579632878527,0,0.0,2.0436362281539573,9.14295052707243,28.93790265552437
Truck_1,173.66224782241719,2,0,0.0,3.111284038699665,11.67800762115516,0,0.0,3.352309404166391,13.027564958198099,31.169166022219315
Truck_3,172.0362851081411,2,0,0.0,3.097112929877966,16.30955771980925,0,0.0,2.079943264689433,13.365787110057852,34.8524010244345
Truck_5,173.42992350465715,2,0,0.0,4.141070987130149,16.938029007729398,0,0.0,2.213538988668887,11.873907053909079,35.16654603743751
Truck_2,173.91355170049872,2,0,1.1376355266119447,5.109368569689877,19.847301510801174,0,0.0,2.840320893988462,9.261339791204989,38.19596629229645
Truck_0,175.6773525256604,2,0,0.0,5.551962172066027,17.236971330806256,0,0.0,2.458994087299004,12.256604144319908,37.504531734491195
Truck_4,182.34535087992,3,0,0.0,5.132963733405461,15.17547339187405,0,0.0,3.394899255000979,9.198068545826175,32.901404926106665
Truck_8,188.86564290324188,3,0,0.0,5.234492490954381,11.447536108689235,0,0.0,2.9405124288010143,11.161569792101687,30.784110820546317
Truck_6,191.2641077655433,3,0,0.0,2.6855591559096865,13.685900169055458,0,0.0,1.915098864845163,14.936549619895914,33.22310780970622
Truck_7,197.77859040820243,3,0,0.0,4.549855768851927,14.782625986626527,0,0.0,2.1204871529520233,10.54387286601306,31.99684177444354
Truck_9,198.83357031112232,3,0,0.0,3.8749038710494688,16.462523569183787,0,0.0,2.630509392246637,13.558969615430243,36.526906447910136
Truck_1,204.8314138446365,3,0,0.0,5.000553938483904,14.216642575811278,0,0.0,3.815123263677634,10.056759180928623,33.08907895890144
Truck_3,206.8886861325756,3,0,0.0,4.818942897829004,10.307674650029213,0,0.0,3.4395471411611993,13.98418768650356,32.550352375522976
Truck_5,208.59646954209467,3,0,0.0,4.304559260055157,13.9041804658508,0,0.0,2.4831221801900654,11.175352342783896,31.867214248879918
Truck_2,212.10951799279516,3,0,0.0,3.8519041742395643,15.212014612840534,0,0.0,3.074184076300753,12.37617756271257,34.51428042609342
Truck_0,213.1818842601516,3,0,0.0,5.358663384619575,15.465138647280753,0,0.0,3.2584466015932776,11.782571647813796,35.8648202813074
Truck_4,215.24675580602667,3,0,0.0,5.237510493981404,18.457264541452247,0,0.0,3.0421563314974094,10.654378617115356,37.391309984046416
Truck_8,219.6497537237882,3,0,0.0,3.31402680169532,17.535602846258456,0,0.0,2.693389268311563,12.79928893106404,36.34230784732938
Truck_6,224.4872155752495,3,0,0.0,4.991030167453857,14.449764025799567,0,0.0,1.7949274185720867,12.848852806460485,34.084574418285996
Truck_7,229.77543218264597,3,0,0.0,5.914231844709747,18.923567433874723,0,0.0,2.8191200983690123,10.957226506186146,38.61414588313963
Truck_3,239.43903850809858,3,0,0.0,4.043415553833427,13.489182810517036,0,0.4607146871504142,3.3501781017600933,12.002913378832261,33.34640453209323
Truck_1,237.92049280353794,3,0,0.0,5.804547428164625,13.152424424249716,0,0.0,2.737297452829523,14.739912669243665,36.43418197448753
Truck_9,235.36047675903245,3,0,0.0,5.354002257025087,16.710579379757775,1,2.189703712966491,3.695792645992185,14.724710079731722,42.67478807547326
Truck_5,240.46368379097459,4,0,0.0,4.437894725827789,15.818440820278624,0,0.06251032427854852,3.7666403569011777,14.959998535259274,39.045484762545414
Truck_2,246.62379841888858,4,0,0.0,3.7427647454201463,16.527804968572013,0,0.0,1.4009051597220719,12.251893843207483,33.923368716921715
Truck_0,249.046704541459,4,0,0.0,5.552204917851583,15.894717719157512,0,0.0,3.457787810822481,9.944360615059793,34.84907106289137
Truck_8,255.99206157111757,4,0,0.0,4.631361971294552,12.289923519889328,0,0.0,2.2787443263731575,8.961177704454997,28.161207522012035
Truck_4,252.63806579007309,4,0,0.0,5.44430001163181,18.321838110286876,0,0.0,2.5722051314290297,12.016742505433285,38.355085758781
Truck_6,258.5717899935355,4,0,0.0,4.2825397272470695,16.393679892220348,0,0.0,3.5254702554976234,11.27611279692212,35.47780267188716
Truck_7,268.3895780657856,4,0,0.0,6.128938553401042,11.899551650868204,0,0.0,3.60026448400032,12.925475804494567,34.554230492764134
Truck_1,274.35467477802547,4,0,0.0,5.4768375380159,10.000279474756326,0,0.0,3.1740902222659884,10.330202343539668,28.981409578577882
Truck_3,272.7854430401918,4,0,0.0,4.149012019289501,13.194157631050018,0,0.0,3.0820100650528843,10.71391623373512,31.139095949127523
Truck_9,278.0352648345057,4,0,0.0,3.718722345893582,16.05978869145912,0,0.0,3.154180148779915,10.834666333789073,33.76735751992169
Truck_5,279.50916855352,4,0,0.0,6.1196409633145095,12.569497288742127,0,0.0,3.3109080512396645,12.65414489532867,34.65419119862497
Truck_2,280.5471671358103,4,0,0.0,5.871480068235996,13.617478548884094,0,0.9318302677079373,3.828247992484478,11.77157964003976,36.020616517352266
Truck_8,284.1532690931296,4,0,0.0,4.870393691189292,14.803220025425048,0,0.9693212033788541,2.5344807201430513,11.505007830774332,34.68242347091058
Truck_0,283.8957756043504,4,0,0.0,5.685914671951878,14.071221076942152,0,0.0,1.235751641771742,13.980604785856144,34.973492176521916
Truck_4,290.9931515488541,4,0,0.0,5.1359947585418695,14.699100658055897,0,0.0,2.080967891332591,13.043019733652102,34.95908304158246
Truck_6,294.04959266542267,4,0,0.0,5.435581606760593,19.318531653858145,0,0.0,2.288454972797979,10.317273330267824,37.35984156368454
Truck_1,303.33608435660335,5,0,0.0,5.802679484366081,11.383492290722984,0,0.0,3.0296462725321476,9.603251008754398,29.81906905637561
Truck_3,303.92453898931933,5,0,0.0,3.9596398452109156,12.86412885438267,0,0.34385320992646484,3.4173539120546934,9.167162026668791,29.752137848243535
Truck_7,302.94380855854973,5,0,0.0,5.5157376669058635,14.56235403475415,0,0.5300021440148157,2.463699083928873,8.195244939804923,31.267037869408625
Truck_5,314.16335975214497,5,0,0.0,5.2645687934835905,10.712502359283008,0,0.0,1.2314300776879463,9.012148304887603,26.220649535342147
Truck_9,311.8026223544274,5,0,0.0,3.1652442841676702,11.293057774481383,0,0.0,3.549402507637751,12.894393900056059,30.902098466342864
Truck_8,318.8356925640402,5,0,0.0,4.013205668671617,12.17329175962152,0,0.0,2.0079891034716297,10.252786429204207,28.447272960968974
Truck_2,316.56778365316256,5,0,0.0,4.907401271534354,19.081791227773408,0,0.0,1.2887654532162287,14.96414756909843,40.24210552162242
Truck_0,318.8692677808723,5,0,0.0,5.483924858746434,18.295173604758872,0,0.0,2.689717553722744,11.801843801653433,38.270659818881484
Truck_4,325.95223459043655,5,0,0.0,5.396455825341093,12.327003399578814,0,0.0,3.4801798336334855,12.868158298470064,34.071797357023456
Truck_6,331.4094342291072,5,0,0.0,4.175428604475428,10.875097520141537,0,0.0,3.5920571965403383,12.309961250259391,30.952544571416695
Truck_3,333.67667683756287,5,0,0.0,6.202836512967451,12.050244693436298,0,0.0,2.314621655782105,12.333205111093037,32.90090797327889
Truck_7,334.21084642795836,5,0,0.0,4.231810148834256,15.300367763861914,0,0.0,3.7765659896413695,9.480437056124401,32.78918095846194
Truck_1,333.15515341297896,5,0,0.0,4.843507495565291,17.087516179561078,0,0.0,3.659569583886821,8.846685130497747,34.43727838951094
Truck_5,340.3840092874871,5,0,0.0,4.586182548350166,17.72299115094296,0,0.0,3.635169320560408,12.662758023918514,38.60710104377205
Truck_8,347.28296552500916,5,0,0.0,3.9828971429956823,13.529089742194287,0,0.0,2.9120456484945976,13.872619756419738,34.296652290104305
Truck_9,342.70472082077026,5,0,0.0,2.287501358541988,19.859616740622016,0,1.476513387406385,3.6073575694746864,14.989576874609043,42.22056593065412
Truck_2,356.809889174785,5,0,0.0,6.136387659456545,16.58167933371368,0,0.0,3.261291034835949,8.994829849856785,34.97418787786296
Truck_6,362.3619788005239,6,0,0.0,5.341597311206442,10.030307295813202,0,0.0,2.511845044387883,13.132233322468949,31.015982973876476
Truck_4,360.02403194746,6,0,0.0,5.455329604894871,16.60480782533864,1,1.016927881913432,2.791040542536223,8.648975650112277,34.51708150479544
Truck_7,367.0000273864203,6,0,0.0,3.0172657061988843,10.061641316563453,0,0.16679404274879062,2.855368807675518,13.285902765384094,29.38697263857074
Truck_0,357.1399275997538,5,0,0.0,5.599118711858466,18.759713706282696,0,1.2904871848962216,2.894852263489952,14.842433732386326,43.38660559891366
Truck_3,366.57758481084176,6,0,0.0,5.115183816853062,15.955879258336552,0,0.0,2.9381616698747166,10.068630821612544,34.077855566676874
Truck_1,367.5924318024899,6,0,0.0,5.735606701885729,14.548155209139964,0,0.0,3.537591536524758,12.670060726449606,36.491414174000056
Truck_5,378.99111033125916,6,0,0.0,4.828098154858367,11.177148633630281,0,0.0,3.350366476526233,12.163898193483647,31.519511458498528
Truck_9,384.9252867514244,6,0,0.0,5.69915710637531,12.1104335216408,0,0.0,2.532949985222956,8.715927501040653,29.05846811427972
Truck_8,381.57961781511347,6,0,0.0,3.0238098857889213,19.950435454541548,0,0.0,2.992191569993736,9.166287321915547,35.13272423223975
Truck_2,391.78407705264794,6,0,0.0,5.074744397697202,17.503099075325338,0,0.0,3.3211341019146516,9.247544137868204,35.146521712805395
Truck_6,393.3779617744004,6,0,0.0,4.861818060016674,16.129142678369192,0,0.0,2.3756978827492503,12.638531845255784,36.0051904663909
Truck_3,400.65544037751863,6,0,0.0,4.884704271599276,12.761517931716241,0,0.0,2.5521056069823658,8.546832076630835,28.745159886928718
Truck_7,396.38700002499104,6,0,0.0,5.889392265997515,16.81907899442632,0,1.7582969024016393,3.2033018745577237,8.50328526518939,36.17335530257259
Truck_4,394.54111345225544,6,0,0.0,5.940216095813867,18.431899094045775,0,0.0,2.8469554568483773,11.26511608196813,38.48418672867615
Truck_0,400.52653319866744,6,0,0.0,4.867250312798205,15.754181250519594,0,0.6122193369782281,3.587185222549408,10.684078330392651,35.50491445323809
Truck_1,404.08384597648995,6,0,0.0,5.474623468679567,13.79690466440286,0,0.701695952801856,3.372666190085056,10.285500783679026,33.631391059648365
Truck_5,410.5106217897577,6,0,0.0,5.5444930996739,17.199678578032092,0,0.0,2.4171171868335364,11.35014452003793,36.51143338457746
Truck_8,416.7123420473532,6,0,0.0,5.6806090359672226,16.08116508498415,0,0.0,2.681113781345232,14.19534057941263,38.638228481709234
Truck_2,426.93059876545334,7,0,0.0,4.904767891417407,16.58088494209443,0,0.0,2.708729715965319,8.44356678612644,32.637949335603594
Truck_7,432.5603553275636,7,0,0.0,4.8464545254328755,12.226307265874084,0,1.4918641960599075,2.1636324597972134,8.653986613565905,29.382245060729986
Truck_6,429.3831522407913,7,0,0.0,5.614752733975195,14.16187248205972,0,0.0,3.6627444043006676,9.2447614693466,32.68413108968218
Truck_3,429.40060026444735,7,0,0.0,5.826663228633322,18.69059205341796,0,0.0,1.7591981023493304,12.105713913406419,38.38216729780703
Truck_4,433.0253001809316,7,0,0.0,5.0913663731385554,16.830610370345653,0,0.7297767244321562,2.244660211223106,13.269123601600825,38.165537280740296
Truck_1,437.7152370361383,7,0,0.0,4.474915514472627,10.903572376506759,0,0.0,3.6685424286345096,14.528337102098192,33.57536742171209
Truck_0,436.0314476519055,7,0,0.0,6.001841948430922,14.712779253589929,0,0.016198501825840594,2.6134202079723536,13.745665088414057,37.0899050002331
Truck_5,447.02205517433515,7,0,0.0,4.182011857228133,17.929635010807942,0,0.0,3.3536252551643884,9.620681681350504,35.08595380455097
Truck_8,455.35057052906245,7,0,0.0,5.5166009959767734,14.05520229564894,0,0.0,2.842397611172771,11.54059472985125,33.954795632649734
Truck_6,462.06728333047346,7,0,0.0,3.9495894571493295,14.016075932462513,0,0.0,1.9658594616453229,9.253326485371417,29.184851336628583
Truck_3,467.7827675622544,7,0,0.0,2.888174334930113,10.172209179013237,0,1.155657105532896,2.348569925092704,13.437396008434234,30.002006553003184
Truck_7,461.9426003882936,7,0,0.0,4.753756221466858,13.698047541004883,0,0.0,3.5736963643809645,14.431753029518575,36.45725315637128
Truck_2,459.56854810105693,7,0,0.0,5.781160790955312,17.21769517926208,0,1.4006964438719933,1.60602570241997,14.878261852704156,40.88383996921351
Truck_1,471.2906044578504,7,0,0.0,5.750815995709331,12.026634317605783,0,0.0,2.9480213773084643,11.434704533312015,32.16017622393559
Truck_4,471.1908374616719,7,0,0.0,5.977995796988864,14.939198877706701,0,0.0,2.213316559903035,9.576046056627149,32.70655729122575
Truck_0,473.1213526521386,7,0,0.0,6.219730434885605,14.710541796731775,0,0.0,3.747802428311161,8.29386585723006,32.9719405171586
Truck_5,482.1080089788861,8,0,0.0,6.193984893743448,10.951211600620866,0,0.0,2.8960986496706482,9.333785464730624,29.375080608765586
Truck_6,491.25213466710204,8,0,0.0,4.707731436003314,11.513048858502145,0,0.0,2.3219747632642793,9.40255705254782,27.94531211031756
Truck_9,413.9837548657041,6,0,0.0,4.089657912141774,14.684772559015812,0,0.0,2.9381317399141267,9.600196269574099,110.20853635195817
Truck_8,489.3053661617122,8,0,0.0,4.581063575350072,16.431046200046637,0,0.0,3.025366206722481,11.375508712808255,35.412984694927445
Truck_3,497.78477411525756,8,0,0.0,3.4316326560449397,13.970827364441618,0,0.0,3.4405093900888915,9.81330015398862,30.65626956456407
Truck_7,498.3998535446649,8,0,0.0,3.611697652832447,13.711355701928426,0,0.0,2.395796494858587,13.10967050383249,32.82852035345195
Truck_2,500.45238807027044,8,0,0.0,5.721026973237372,15.226672606416969,0,0.0,3.329521598479573,9.817922436112553,34.09514361424647
Truck_1,503.450780681786,8,0,0.0,4.21108203936808,16.83689297742967,0,0.0,1.7749262747958028,12.67918447334091,35.50208576493446
Truck_4,503.89739475289764,8,0,0.0,4.282469439004274,16.86188523882555,0,0.0,3.467777347610536,11.409590896289046,36.021722921729406
Truck_5,511.4830895876517,8,0,0.0,4.900226888003488,12.950385425402374,0,0.0,2.0996008188431006,8.854472447496278,28.80468557974524
Truck_0,506.0932931692972,8,0,0.0,5.343971905221338,18.516472504069043,0,0.0,3.4600951755949154,8.197076830659398,35.517616415544694
Truck_7,531.2283738981168,8,0,0.0,3.3582639636994145,10.84967115357722,0,1.8827751949992262,3.5642280922791088,10.361672190280387,30.016610594835356
Truck_8,524.7183508566396,8,0,0.0,4.8437938621319745,14.814073835701379,0,0.0,3.7039882918799094,14.081392876781479,37.44324886649474
Truck_6,519.1974467774196,8,0,0.0,5.938505103952707,18.619553339236063,0,0.0,3.5635789897843324,14.92513851353533,43.04677594650843
Truck_3,528.4410436798216,8,0,0.0,3.6470298837390374,19.23248387225192,0,0.0,2.95586138182216,9.897527884015517,35.73290302182863
Truck_2,534.5475316845169,8,0,0.0,5.076878047256628,13.502054679379285,0,0.0,2.238170555757165,11.173838328742931,31.99094161113601
Truck_9,524.1922912176623,8,0,0.0,4.5594241653464,17.529298188998496,1,1.7991932743457255,3.763028054008828,14.983164943319707,42.634108626019156
Truck_4,539.919117674627,8,0,0.0,4.517678387721617,11.610359472371556,0,0.0,2.9858506475678723,12.154493584849433,31.26838209251048
Truck_1,538.9528664467205,8,0,0.0,5.791556973237107,19.761618896649452,0,0.0,2.803597643952685,8.09847516746845,36.455248681307694
Truck_5,540.287775167397,9,0,0.0,5.800734649777951,12.370054106028306,0,0.0,3.109164806859667,14.178523954275306,35.45847751694123
Truck_0,541.6109095848419,9,0,0.0,4.675196186274093,18.05227090794949,0,0.0,3.164925616833443,12.558366094000803,38.45075880505783
Truck_7,561.2449844929522,9,0,0.0,5.625569156107872,14.978867165498173,0,0.0,1.501727512710545,13.496237654846254,35.602401489162844
Truck_8,562.1615997231344,9,0,0.0,5.6513219982831515,14.435164457174778,0,0.0,3.082980021034132,12.322978840696578,35.49244531718864
Truck_9,566.8263998436814,9,0,0.0,4.407929413769807,17.4500549620592,0,0.0,2.0746696079122557,8.940925120897418,32.87357910463868
Truck_2,566.5384732956529,9,0,0.0,4.565183083799184,13.33625805765223,0,0.8911517625220995,3.7482155063785285,10.981540135648629,33.52234854600067
Truck_3,564.1739467016503,9,0,0.0,2.3506659028350896,17.644201418407988,0,0.0,3.2383653534554924,14.82107669284062,38.05430936753919
Truck_4,571.1874997671375,9,0,0.0,5.422107660785173,14.584447296052986,0,0.0,2.77884066048955,9.955623579054418,32.741019196382126
Truck_1,575.4081151280282,9,0,0.0,5.796512275131931,10.93565269585929,0,0.0,2.3453188721596234,11.407618181915723,30.485102025066567
Truck_0,580.0616683898998,9,0,0.0,6.027766087564828,10.578060130059725,0,0.0,3.333585412181378,8.424252688523097,28.36366431832903
Truck_5,575.7462526843382,9,0,0.0,5.9572151742423785,16.816519160037842,0,0.0,2.169424724452938,12.714102145387074,37.65726120412023
Truck_7,596.847385982115,9,0,0.0,3.907354341503151,10.373922508995406,0,0.0,2.7337111047310145,12.728946326455457,29.74393428168503
Truck_8,597.654045040323,9,0,0.0,6.186745040006713,10.302103896725384,0,0.0,3.7982278996222476,9.150649499785686,29.43772633614003
Truck_4,603.9285189635197,10,0,0.0,3.791208789062921,12.65698416954308,0,0.0,1.9750468768338578,8.854321262555573,27.27756109799543
Truck_9,599.6999789483201,9,0,0.0,5.642926509363065,12.183514003604728,0,0.0,3.7734995206673148,13.971413206282818,35.571353239917926
Truck_2,600.0608218416536,10,0,0.0,2.836623475233978,18.067994202733644,0,0.33447946233400216,3.4807855993612975,10.788507977294103,35.508390716957024
Truck_3,602.2282560691895,10,0,0.0,4.1523705807768465,14.654898828322757,1,1.3162333206704488,3.1365012817128672,12.00612111186092,35.26612512334384
Truck_1,605.8932171530947,10,0,0.0,3.9791319713706343,19.005351677467957,0,0.0,3.0966679342174075,11.390505123747744,37.47165670680374
Truck_0,608.4253327082288,10,0,0.0,6.0843836221110905,15.9783550515848,0,0.0,3.2265167426584185,12.335412646272061,37.62466806262637
Truck_5,613.4035138884584,10,0,0.0,4.7072799183923735,15.402189552466211,0,0.0,2.103868364279492,11.13394102404186,33.34727885917994
Truck_8,627.091771376463,10,0,0.0,5.474414354377245,10.208493793855496,0,0.0,3.652462754778071,8.916611104554136,28.251982007564948
Truck_7,626.5913202638001,10,0,0.0,5.879193710228947,14.387098540838338,0,0.0,2.078633694438622,8.76225701535111,31.107182960857017
Truck_9,635.271332188238,10,0,0.0,3.122163363942491,10.058199528254136,0,0.0,1.7473407972075847,10.027874342014798,24.95557803141901
Truck_2,635.5692125586106,10,0,0.0,3.822820777005404,10.137528298469533,0,0.6694742435566923,2.4282066261541786,11.010182172476448,28.068212117662256
Truck_4,631.2060800615151,10,0,0.0,5.220138756146298,12.129693002396834,0,0.3803343892477642,3.666736695375448,11.152631985984272,32.549534829150616
Truck_6,562.244222723928,9,0,0.0,5.829493362728726,12.751588664535234,0,0.0,3.77552763782262,10.56006815570845,106.97900630213303
Truck_5,646.7507927476383,10,0,0.0,4.307544396967614,11.466896585507584,0,0.0,2.5405440677330944,9.612452542095184,27.927437592303477
Truck_3,637.4943811925333,10,0,0.0,6.123214725242747,19.32431923167735,0,0.0,2.526302021338779,12.930530722535764,40.90436670079464
Truck_0,646.0500007708551,10,0,0.0,5.495762316481091,14.97671906144899,0,0.0,3.4549905978274182,11.510246913121819,35.43771888887932
Truck_1,643.3648738598985,10,0,0.0,3.6163207394992014,18.675296652834618,0,0.0,2.539981831532941,13.997453957691164,38.829053181557924
Truck_8,655.343753384028,10,0,0.0,4.927084929242824,13.119320527575042,0,0.0,2.7032452547305184,9.714097700235357,30.46374841178374
Truck_2,663.6374246762729,11,0,0.0,4.741955971213088,11.287613103285821,0,0.0,2.4008340964982153,8.632180804842392,27.062583975839516
Truck_7,657.6985032246571,10,0,0.0,5.4922787843911465,13.373772703926534,0,0.0,2.9209865977262552,14.328867498009458,36.115905584053394
Truck_4,663.7556148906657,11,0,0.0,2.585517829184596,18.173987779673553,0,0.0,2.8520386246237877,8.150264901406217,31.761809134888153
Truck_9,660.226910219657,11,0,0.0,5.435562904001813,18.051955127715473,0,0.0,1.7177884942835817,10.6384516892781,35.84375821527897
Truck_6,669.2232290260611,11,0,0.0,5.96157255583762,12.341438472077357,0,0.0,3.6038970790087888,13.895754319917955,35.80266242684172
Truck_1,682.1939270414564,11,0,0.0,3.0201297052368545,12.209999901392962,0,0.0,2.407783534656005,8.714024166844979,26.3519373081308
Truck_0,681.4877196597345,11,0,0.0,5.0735155233120395,12.182701554758637,0,1.0879034449370693,2.253909758742907,13.977464543754081,34.575494825504734
Truck_5,674.6782303399418,11,0,0.0,4.240713583125057,19.67194954297463,0,0.0,2.855095562080578,14.78566389437458,41.553422582554845
Truck_8,685.8075017958117,11,0,0.0,4.8496542250588845,10.603798229841914,0,0.18503477740955532,2.0955697264778337,13.922330890443959,31.656387849232146
Truck_3,678.3987478933279,11,0,0.0,5.6884866617680245,19.24375405652347,0,0.0,2.9657307886511717,11.66029519584174,39.55826670278441
Truck_1,0.0,0,0,0.0,5.868409412346145,10.886521982732283,0,0.0,2.1293644022183855,14.025503305335612,32.90979910263243
Truck_7,0.0,0,3,5.906273503248785,4.45550560202563,11.69064124518129,0,0.6882954827094281,3.6823837614507973,8.074082890376378,34.49718248499231
Truck_0,0.0,0,0,0.0,5.906273503248785,12.059959254416098,0,0.0,2.9091803912658776,13.926222756039863,34.801635904970624
Truck_3,0.0,0,0,0.0,5.299102589877447,16.124002970578715,0,0.0,2.96212515949453,10.882820120311017,35.26805084026171
Truck_2,0.0,0,0,0.0,4.63877119253009,15.37230574908562,0,0.0,2.729638891549424,14.92482452726042,37.66554036042555
Truck_5,0.0,0,1,5.299102589877447,6.123954864107453,17.761983783086738,0,0.0,1.7532251545769526,11.850590218229677,42.788856609878266
Truck_4,0.0,0,0,4.63877119253009,4.948823606042545,19.721162076883438,0,0.0,3.337019720514757,10.501595862577538,43.14737245854837
Truck_8,0.0,0,4,9.587594798572635,4.102027263425997,17.18388289842646,0,0.06476143122349498,3.674053001834679,9.29621229033826,43.90853168382153
Truck_9,0.0,0,5,10.361779105274415,5.0895088036488705,18.90880423974047,0,0.2522272448195153,2.5110660565895415,9.415828524977236,46.539213975050046
Truck_6,0.0,0,2,5.868409412346145,5.632850674627464,19.871838433096755,0,1.2726780759004654,3.0681919406427838,11.184002598412363,46.897971135025976
Truck_2,37.66554036042555,0,0,0.030020779009127807,2.5677562789376296,10.83239816733991,0,0.0,1.9618261960977108,9.969342153407844,25.361343574792222
Truck_1,32.90979910263243,0,0,0.0,4.785762036802254,12.268342808957108,0,0.0,3.1324354535337378,14.616326321534181,34.80286662082728
Truck_7,34.49718248499231,0,0,0.0,3.7587784643425195,19.0182251901716,0,0.0,2.367490876079323,8.775397644862757,33.9198921754562
Truck_0,34.801635904970624,0,0,0.0,5.456506312817069,14.641022436419576,0,0.0,1.3879519781888376,13.699875181517385,35.18535590894287
Truck_3,35.26805084026171,0,0,0.0,3.588611767646711,19.764183847439817,0,0.0,3.2305136976977167,12.08987812336651,38.673187436150755
Truck_9,46.539213975050046,0,0,0.0,5.152039217632364,11.152869154485096,0,0.2613433383625292,3.4073375317616694,9.862591098583678,29.836180340825337
Truck_8,43.90853168382153,0,0,0.0,3.2077275172777604,13.852630305208699,0,0.8824706467379642,2.7170267717735257,13.20619776357482,33.86605300457277
Truck_4,43.14737245854837,0,0,0.0,5.609774431482357,11.413013891106289,0,0.0,2.9353049043930213,14.919669118627581,34.87776234560925
Truck_6,46.897971135025976,0,0,0.2182880660733133,5.697823855163527,13.62542510467857,0,0.07329505635031808,3.112655346837684,9.759834899499339,32.48732232860275
Truck_5,42.788856609878266,0,0,0.0,5.1002782064470935,16.92286021533426,0,0.0,3.3270748189913206,13.03713931370558,38.387352554478255
Truck_2,63.026883935217775,1,0,0.0,3.4208034953911337,19.533936784400993,0,0.0,2.894944458966876,9.32005777650059,35.16974251525959
Truck_7,68.4170746604485,1,0,0.0,3.5388949587498075,13.426467285378962,0,0.0,3.2891673189710673,14.411617789881461,34.6661473529813
Truck_0,69.98699181391349,1,0,0.0,5.656431764895487,10.721275593399838,0,2.306905051339527,2.9105098639069524,14.162350568678718,35.75747284222052
Truck_1,67.71266572345971,1,0,0.0,4.313114611900318,18.8290257687097,0,0.0,3.7737249850648027,11.559514508712937,38.475379874387755
Truck_8,77.7745846883943,1,0,0.0,4.19772613924674,14.409520913050457,0,0.0,2.0753392318118955,8.508265861476872,29.190852145585964
Truck_3,73.94123827641246,1,0,0.0,3.178949595928529,15.72515147188146,0,0.0,2.0702988117881205,13.572314961696378,34.54671484129449
Truck_4,78.02513480415762,1,0,0.0,2.880388215663416,12.281202451585074,0,1.44180561772842,2.4630952723768758,11.719999083482378,30.786490640836163
Truck_9,76.37539431587538,1,0,0.0,3.489166599694016,16.684915718687193,0,0.5421497272548095,2.9189949778858875,10.476784316682668,34.112011340204575
Truck_5,81.17620916435652,1,0,0.0,4.619236325303078,16.7919498680172,0,0.0,2.256382497514437,8.353501169576091,32.021069860410805
Truck_6,79.38529346362873,1,0,0.0,5.777876571512664,14.456687367127955,0,0.0,2.524167220265994,12.607189607119679,35.36592076602629
Truck_2,98.19662645047737,1,0,0.0,3.257424487454287,12.186119023975465,0,0.0,2.9225583575992573,12.129049375950373,30.495151244979382
Truck_7,103.0832220134298,1,0,0.0,4.412786127385729,18.007565995976677,0,0.0,3.132030497584921,10.101286705407887,35.653669326355214
Truck_0,105.74446465613401,1,0,0.0,5.489799355990911,14.353520703369867,0,0.0,3.779680938301226,11.443313577337307,35.06631457499931
Truck_3,108.48795311770695,1,0,0.0,4.122108445175925,17.633474988483286,0,0.0,2.5738103443771934,9.797425338620684,34.12681911665709
Truck_8,106.96543683398026,1,0,0.0,3.217073913596977,16.449866817803084,0,2.0032270689968072,1.327223058732585,12.733466127983775,35.73085698711323
Truck_9,110.48740565607996,1,0,0.686234493420443,5.179160861484718,15.520125509402945,0,0.9444203753552927,2.509082568665491,8.7785852951163,33.61760910344519
Truck_4,108.81162544499378,1,0,1.37088530258346,5.660818678406841,17.276533587053905,0,0.0,3.6957910979962207,9.078334945075,37.082363611115426
Truck_1,106.18804559784746,1,0,0.0,4.985594551652937,18.009647410634287,0,0.18417809366133042,3.741808602962209,13.609135468868487,40.53036412777925
Truck_6,114.75121422965502,1,0,0.0,4.193839072652807,17.816313325931503,0,0.0,3.4611110452854064,11.03788566654859,36.509149110418306
Truck_5,113.19727902476733,1,0,0.0,5.633382365319321,19.891241830069248,0,0.0,3.7264786911176486,11.146391164065136,40.39749405057135
Truck_2,128.69177769545675,2,0,0.0,5.65072843487377,10.644843637748409,0,0.0,3.476510121523546,13.448322797007563,33.22040499115329
Truck_7,138.73689133978502,2,0,0.0,2.6996924940258964,16.287352531457685,0,0.0,3.442822160871742,12.327974638799986,34.75784182515531
Truck_3,142.61477223436404,2,0,0.0,5.737852175138698,13.048279347855441,0,0.0,2.4195313402253475,10.836555867992331,32.04221873121182
Truck_0,140.81077923113332,2,0,0.0,3.264661808521737,17.673406804848923,0,0.0,2.8916785543192702,10.158926452770913,33.988673620460844
Truck_8,142.6962938210935,2,0,0.0,6.189029211086307,16.518148353458486,0,0.0,1.8777859390966967,9.233850808198781,33.81881431184027
Truck_9,144.10501475952515,2,0,0.0,3.1985025548920305,17.49293016981167,0,0.0,2.8119211398594643,12.691760122581684,36.19511398714485
Truck_6,151.26036334007333,2,0,0.0,4.472663641690843,11.808310299542825,0,0.06703134278131984,3.5477711588400496,11.289660231855152,31.18543667471019
Truck_4,145.8939890561092,2,0,0.0,5.157715817571756,16.68914774627251,0,3.207880821246988,2.9029915989823962,10.213971870131672,38.17170785420532
Truck_1,146.7184097256267,2,0,0.5851075887904642,3.7280453336526307,14.951169388306567,0,1.2985252883586043,3.6674761164654797,13.156108863904507,37.38643257947825
Truck_5,153.59477307533868,2,0,0.0,5.376087299155472,10.764853805627354,1,1.4204256028068585,3.2156778288968724,12.674183667689476,33.45122820417603
Truck_2,161.91218268661004,2,0,0.0,4.500224828324491,12.652021472182753,0,0.0,3.3236056169321273,12.686495086168321,33.16234700360769
Truck_0,174.79945285159417,2,0,0.0,3.563932902963984,11.166712639181526,0,0.0,2.325577903801843,9.117435453548865,26.173658899496218
Truck_3,174.65699096557586,2,0,0.0,5.492641350906609,11.502937246532468,0,0.0,2.1748768832004544,10.794842919195958,29.96529839983549
Truck_8,176.51510813293376,2,0,0.0,5.133000534978976,12.886858865948398,0,0.0,2.0022573902896283,8.60720637654282,28.62932316775982
Truck_7,173.49473316494033,2,0,0.0,3.777014635447358,16.113238198080722,0,0.0,3.660785188517252,8.6523129015157,32.20335092356103
Truck_6,182.44580001478352,3,0,0.0,5.052294996093337,17.60919539450518,0,0.0,3.390702282175056,8.540790155724324,34.592982828497895
Truck_9,180.30012874667,3,0,0.0,5.820983987540217,19.458268587546257,0,0.0,2.3162337092832956,13.268086561612904,40.863572845982674
Truck_1,184.10484230510497,3,0,0.0,5.168990119958778,17.83962948034778,1,1.3845307821455606,2.1118013997183027,10.67100357513334,37.17595535730376
Truck_4,184.06569691031453,3,0,0.0,2.4525935084564594,19.244161416049167,0,2.1331631962196127,1.3016408505499157,13.528120572934995,38.65967954421015
Truck_5,187.0460012795147,3,0,0.0,5.521000876243022,19.31777956086148,0,0.0,2.8529056860170385,13.140913528933112,40.832599652054654
Truck_0,200.97311175109039,3,0,0.0,4.0582073183555,11.466541222037733,0,0.0,2.3405172057885295,10.359982670709002,28.225248416890764
Truck_2,195.07452969021773,3,0,0.0,6.051077541435433,19.52555258668542,0,0.0,3.135129783039332,10.125691042405606,38.83745095356579
Truck_3,204.62228936541135,3,0,0.0,2.188595985520834,19.239595603056927,0,0.0,3.4953797540761116,9.191813191384142,34.115384534038014
Truck_8,205.14443130069358,3,0,0.0,2.5303841345584885,17.83072589447471,0,0.0,2.0675689154412566,11.684385686259077,34.11306463073353
Truck_7,205.69808408850136,3,0,0.0,3.1544461741667362,18.12741190378182,0,0.5931680787181222,2.395166481507431,10.332087160801223,34.60227979897533
Truck_6,217.0387828432814,3,0,0.0,3.17400527331165,13.618022053242953,0,0.0,3.0089140104789465,14.480357008532536,34.281298345566086
Truck_9,221.16370159265267,3,0,0.0,5.8119669580712525,10.21633699474097,0,0.0,2.234548463895379,13.051983536085999,31.3148359527936
Truck_5,227.87860093156937,3,0,0.0,5.310603933619319,12.539218696693922,0,0.0,2.891918550136438,10.164256153493625,30.905997333943304
Truck_4,222.72537645452468,3,0,0.0,4.696272893640014,19.4962101959392,0,1.7024825679151547,3.5019213526958595,8.980337279874135,38.37722429006436
Truck_1,221.28079766240873,3,0,0.0,5.5930556631333275,19.60374848888975,0,0.0,3.451969936866334,12.716516726494461,41.36529081538387
Truck_0,229.19836016798115,3,0,0.0,5.687959637435313,15.7510105238606,0,0.0,2.7658368635494526,10.339571334908726,34.54437835975409
Truck_2,233.91198064378352,3,0,0.0,5.4542856459626705,15.217597126052311,0,0.0,2.1267821164393297,11.505140562070437,34.30380545052475
Truck_8,239.25749593142712,3,0,0.0,3.6305947196374007,13.853283026196522,0,0.0,2.303008697052178,9.92756601735448,29.71445246024058
Truck_7,240.3003638874767,4,0,0.0,5.042470718501846,17.120023064628725,0,0.0,1.6558978296472446,10.456393414180923,34.27478502695874
Truck_3,238.73767389944936,3,0,0.0,6.188483976353126,18.175350008488437,0,0.0,2.443289552519502,13.899047496218657,40.70617103357972
Truck_6,251.3200811888475,4,0,0.0,6.037901443158205,11.191866483184697,0,0.0,2.9371054830274375,10.13112070798536,30.2979941173557
Truck_9,252.47853754544627,4,0,0.0,5.530769706794899,14.281201279113873,0,0.0,2.1522344191444063,10.373329406316202,32.33753481136938
Truck_5,258.78459826551267,4,0,0.0,6.106877484661766,12.365525202672075,0,0.0,3.715023236691252,10.223532418971047,32.41095834299614
Truck_1,262.6460884777926,4,0,0.0,4.470427548968644,11.04383118464159,0,0.0,3.7997532392000153,10.182038516825855,29.496050489636104
Truck_4,261.10260074458904,4,0,0.0,4.059170290272448,16.973848418971272,0,0.0,3.0103813656920124,14.300522361216963,38.343922436152695
Truck_7,274.57514891443543,4,0,0.0,5.625688840518535,10.047827314514166,0,0.0,1.7244718113044541,8.691069594097257,26.089057560434412
Truck_0,263.74273852773524,4,0,0.0,4.610896819420191,16.670005484378237,0,0.0,3.5191872389347054,12.568717449856308,37.36880699258944
Truck_2,268.21578609430827,4,0,0.0,5.724920051251559,13.587318734247901,0,0.0,3.052271805397197,14.37822521782681,36.74273580872347
Truck_8,268.9719483916677,4,0,0.0,5.57138376166057,18.27719085868773,0,0.0,3.548917588847189,10.700317930905385,38.097810140100876
Truck_3,279.4438449330291,4,0,0.0,3.4285864922916858,12.36041433435014,0,0.0,2.8716398344193976,10.717010055589924,29.377650716651146
Truck_6,281.6180753062032,4,0,0.0,5.666497235708221,16.031180248659496,0,0.0,2.4404780244223616,8.825525655211834,32.96368116400191
Truck_9,284.81607235681565,4,0,0.0,4.151155081576519,13.79855002357732,0,0.0,3.681946121419628,8.285604166835697,29.917255393409164
Truck_1,292.1421389674287,4,0,0.0,4.171052280895992,10.589156871510966,0,0.0,3.212861992626131,14.784911159921649,32.75798230495474
Truck_5,291.1955566085088,4,0,0.0,5.336227919501766,16.85221853323293,0,0.0,3.3692510357980723,10.427179669417853,35.98487715795062
Truck_7,300.66420647486984,5,0,0.0,3.8222492926793734,10.121674440299671,0,0.0,3.032868800232052,13.729548678165429,30.706341211376525
Truck_2,304.95852190303174,5,0,0.0,4.803879369172364,10.042957021443215,0,0.0,3.136720495376835,10.118511360977834,28.102068246970248
Truck_0,301.1115455203247,5,0,0.0,5.410809537059038,10.572088172267001,0,0.0,3.6561845558633763,14.753251525524206,34.39233379071362
Truck_3,308.82149564968023,5,0,0.0,5.998214426904383,13.466126767756464,0,0.0,2.5347877880194574,8.333428661074777,30.33255764375508
Truck_4,299.44652318074174,4,0,0.0,4.47663322294369,19.637688930630475,0,0.0,2.401176296721701,14.3455659678026,40.861064418098465
Truck_8,307.06975853176857,5,0,0.0,6.164944614523904,17.383897207084544,0,0.0,1.9384648947551,10.36112610797818,35.84843282434173
Truck_9,314.7333277502248,5,0,0.0,4.732006611762245,15.763279796936331,0,0.0,3.1396817847912644,9.926702969100575,33.561671162590414
Truck_6,314.5817564702051,5,0,0.0,3.286702060932896,15.604851358287249,0,0.0,3.6576615364799068,12.099601408475223,34.648816364175275
Truck_1,324.90012127238344,5,0,0.0,2.7465808449001656,10.439261928040423,0,0.0,3.8282586571127126,8.179375161644714,25.193476591698015
Truck_5,327.18043376645943,5,0,0.0,6.072609920504249,18.23041290236597,0,0.0,2.9054245754074373,9.900972242775651,37.10941964105331
Truck_7,331.37054768624637,5,0,0.0,4.352837448516539,12.922991760112097,0,0.0,3.3518657152956166,14.279868552917378,34.90756347684163
Truck_3,339.1540532934353,5,0,0.0,4.187373662819084,10.442075200671354,0,0.6053790078113366,1.5440268092394263,12.095829643379716,28.874684323920917
Truck_4,340.3075875988402,5,0,0.0,5.312232679175565,10.065816397225603,0,0.24727129873514286,3.409467534796022,10.02435518064624,29.059143090578573
Truck_0,335.5038793110383,5,0,0.0,3.922239824717451,13.422354453270316,0,0.0,3.5420421669644497,13.291767906111033,34.17840435106325
Truck_2,333.060590150002,5,0,0.0,4.990827526376108,17.970392705673532,0,0.36870537393889435,1.4716472121058928,11.964973554189612,36.76654637228404
Truck_9,348.29499891281523,5,0,0.0,5.9277433291646275,11.084550610425254,0,0.0,3.4649988216338556,9.320351541314778,29.797644302538515
Truck_8,342.9181913561103,5,0,0.0,3.260784271343823,19.357742253332674,0,0.0,2.121189722894826,13.034581915858666,37.77429816342999
Truck_6,349.2305728343804,5,0,0.0,5.359648269246861,12.146947971788336,0,0.9207385282660425,2.9579645226611433,12.361815249493247,33.74711454145563
Truck_1,350.09359786408146,5,0,0.0,5.695083464779941,14.809191101325098,0,0.0,2.2436032852459675,10.551031094009716,33.29890894536072
Truck_5,364.28985340751274,6,0,0.0,6.02653224325087,12.823114113268446,0,0.0,2.862748579579659,9.869916520213735,31.58231145631271
Truck_3,368.0287376173562,6,0,0.0,4.105435592205083,11.072507423861452,0,0.0,2.7601230883560106,11.56594190884573,29.504008013268276
Truck_4,369.3667306894188,6,0,0.0,4.075054600312626,12.449605572716791,1,0.11085748116352079,1.6511287626992726,9.984005805704896,28.270652222597107
Truck_0,369.68228366210155,6,0,0.6341019886620529,6.064518078094295,13.884649641395981,0,0.0,2.30798868819312,9.212230174496312,32.10348857084176
Truck_2,369.827136522286,6,1,0.8704225480553873,4.111451664463004,11.069452090516677,0,0.08834089645768017,2.0461091385473082,14.929797034746855,33.11557337278691
Truck_7,366.278111163088,6,0,0.0,4.419447907253414,16.41817023541188,0,0.5376478005576928,3.5333522046377084,13.259708156272609,38.1683263041333
Truck_9,378.09264321535375,6,0,0.0,5.55478703567411,13.734313260557599,0,0.0,1.7108782021845172,8.932864339035405,29.93284283745163
Truck_8,380.6924895195403,6,0,0.0,4.971039878670354,10.817907174887068,0,0.0,3.743070850449044,11.352140787990777,30.884158691997243
Truck_6,382.977687375836,6,0,0.0,5.831080081164544,13.771330511940732,0,0.0,2.935956810291543,11.419017369931112,33.95738477332793
Truck_1,383.3925068094422,6,0,0.0,5.824559769441294,13.115813689863046,0,0.0,3.0387816344178873,11.904348988395896,33.88350408211812
Truck_5,395.87216486382545,6,0,0.0,6.149649084215412,13.401225994543324,0,0.0,2.2478166349624757,12.975591797950926,34.77428351167214
Truck_3,397.5327456306245,6,0,0.0,2.633600330502759,19.34972758094932,0,0.0,3.447115251860737,9.725897627349866,35.15634079066268
Truck_4,397.6373829120159,6,0,0.0,5.550095986580629,17.895420419508525,0,0.0,3.768775220975897,8.334153540781983,35.548445167847035
Truck_2,402.94270989507294,6,0,0.0,5.705887278141574,14.110854798620835,0,0.2037368221019733,1.828910129157748,8.530170163968478,30.37955919199061
Truck_7,404.4464374672213,6,0,0.0,5.899313372872541,15.451540572359988,0,0.0,1.3502236964916392,9.042600848393533,31.743678490117702
Truck_9,408.0254860528054,6,0,0.0,6.206051761065282,10.171525522216484,0,0.38903558700792473,3.289691450004227,10.18661628680195,30.24292060709587
Truck_8,411.57664821153753,6,0,0.0,4.924683769036676,10.52962094515749,1,1.0508374473675985,3.512118604172656,9.543898269444185,29.561159035178605
Truck_0,401.7857722329433,6,0,0.0,5.601765796109191,19.052944971681654,0,0.7070321082113082,2.7330344977627874,13.824115568604896,41.91889294236984
Truck_1,417.2760108915603,6,0,0.0,4.9777291195177895,12.129649934447457,0,0.0,3.347461906243552,9.519537186337516,29.974378146546314
Truck_6,416.93507214916394,6,0,0.0,4.749603228458454,12.023706418783433,0,0.0,3.7483730576182666,12.258190267178747,32.7798729720389
Truck_3,432.6890864212872,7,0,0.0,4.390981092842992,11.441178488116805,0,0.0,2.529244516517963,10.986036850065375,29.347440947543134
Truck_5,430.6464483754976,7,0,0.0,5.967522010382368,14.34044642007035,0,0.0,2.1540858431492893,12.337080125273076,34.79913439887508
Truck_9,438.26840665990125,7,0,0.0,3.511474889152339,10.911898455169535,0,0.0,2.974861174303385,11.962998958139224,29.361233476764482
Truck_8,441.13780724671614,7,0,0.0,3.0736056552736954,11.923633304264968,0,1.0953801144254385,3.031243205640237,8.24255412061683,27.36641640022117
Truck_4,433.1858280798629,7,0,0.0,5.210650533011119,16.94931089421476,0,0.0,1.8846368135914418,11.47368396394802,35.51828220476534
Truck_2,433.32226908706355,7,0,0.0,4.545611448414547,18.168458292016453,0,0.0,2.9201635307243805,14.723783139014529,40.35801641016991
Truck_7,436.190115957339,7,0,0.4238544285409489,3.6117268948359538,16.80641580411441,1,1.9243892733886128,3.7018996077976,11.297841818528184,37.76612782720571
Truck_0,443.70466517531315,7,0,0.0,4.733278257573602,16.96715751452615,0,0.0,3.457484107371215,10.729939136353892,35.88785901582486
Truck_6,449.71494512120285,7,0,0.0,4.986631055514692,10.025677576641726,0,0.0,3.2257365798432716,13.776038982963826,32.014084194963516
Truck_1,447.2503890381066,7,0,0.0,6.017954923500724,17.09400755250357,0,0.0,3.753292839306539,9.24820603206524,36.113461347376074
Truck_3,462.0365273688303,7,0,0.0,5.776062246038691,17.54376825773636,0,0.0,2.2668169234804054,10.121386904464885,35.70803433172034
Truck_5,465.44558277437267,7,0,0.0,4.7102064018698115,14.490408544000559,0,0.0,2.6708059383678915,12.048173913860182,33.919594798098444
Truck_8,468.5042236469373,7,0,0.0,3.958320708535041,15.447798439792848,0,0.0,2.9048837319759286,8.596951769904877,30.907954650208694
Truck_2,473.68028549723346,7,0,0.0,4.928233565098367,10.6338640365326,0,0.5848599180525866,2.4559051485176724,10.264142785879073,28.8670054540803
Truck_9,467.6296401366657,7,0,0.0,5.420920968085682,12.878075863445986,0,1.3883666904135339,2.5102393583060802,13.319800032508681,35.51740291275996
Truck_7,473.9562437845447,7,0,0.0,5.009832926272168,10.723784045781656,1,1.1253657706425884,2.5944000416898803,11.391316933818416,30.84469971820471
Truck_4,468.70411028462826,7,0,0.0,6.170995303158918,17.43897518921318,0,0.0,2.7654977226401343,10.202735901995197,36.57820411700743
Truck_1,483.3638503854827,8,0,0.0,3.7122471335865157,13.269001660569472,0,0.0,2.3915802999929383,10.96375340886999,30.336582503018917
Truck_0,479.592524191138,7,0,0.0,4.196277123538039,18.7069162438043,0,0.2409619211512677,3.444684727658,10.025185335460549,36.614025351612156
Truck_6,481.72902931616636,8,0,0.0,5.210506755012659,13.38820434608482,0,0.0,3.5519430579381037,14.387497864784962,36.538152023820544
Truck_8,499.412178297146,8,0,0.0,4.229500370492133,11.538695656818447,0,0.0,3.524962882019281,9.917740722836811,29.210899632166672
Truck_3,497.74456170055066,8,0,0.0,5.167338225818185,12.868570129771683,0,1.9323195076060529,3.592340597909697,9.474430285491962,33.03499874659758
Truck_5,499.3651775724711,8,0,0.0,3.8387061146415817,11.657827296504706,0,0.0,2.851078580129183,14.956729046901614,33.304341038177085
Truck_9,503.1470430494257,8,0,0.0,4.202745243742186,11.104724429977637,0,0.2508244833303479,2.3588074115619975,12.344563997991713,30.26166556660388
Truck_2,502.54729095131376,8,0,0.0,3.0180395788351007,14.794883751416762,0,0.70393033647224,3.616972106769481,10.676217810058233,32.81004358355182
Truck_7,504.8009435027494,8,0,0.0,5.427873274192336,14.055596775078186,0,0.0,2.0095685042292644,12.571096009437724,34.06413456293751
Truck_4,505.2823144016357,8,0,0.0,5.015664802715833,16.830236406065353,0,0.0,3.435480901119149,13.514651862595656,38.79603397249599
Truck_1,513.7004328885016,8,0,0.0,4.749485412390641,13.060660428207257,0,0.0,3.5940445487580064,10.27394874476704,31.678139134122944
Truck_0,516.2065495427502,8,0,0.0,4.5484335284784265,17.683841659683253,0,0.0,3.480045075164071,8.283261864639258,33.99558212796501
Truck_6,518.2671813399869,8,0,0.0,4.680817527143745,19.31226233711368,0,0.0,3.469195328628075,9.334766539803127,36.797041732688626
Truck_8,528.6230779293127,8,0,0.0,5.657929651571067,10.791381819424487,0,0.0,1.7412555113077133,13.000746859726064,31.19131384202933
Truck_3,530.7795604471482,8,0,0.0,5.561197096497722,11.587944190213307,0,0.0,2.81111686060558,9.721013378663997,29.681271525980605
Truck_7,538.8650780656869,8,0,0.0,3.3927997591313215,11.911652093063935,0,0.0,2.1230347892362715,8.412855693153347,25.840342334584875
Truck_9,533.4087086160296,8,0,0.0,4.020206132931776,14.470956985747875,0,0.0,3.341047252660587,9.815893192641852,31.64810356398209
Truck_5,532.6695186106482,8,0,0.0,3.6579213041873118,13.281996179138105,0,0.0,3.2007369842580147,14.870081067421552,35.01073553500498
Truck_2,535.3573345348656,8,0,0.0,4.390203500717007,16.099572126353678,0,0.0,3.0911572629473767,13.551835433720612,37.132768323738674
Truck_1,545.3785720226246,9,0,0.0,4.676709877857434,10.846865301448474,0,0.0,2.7618643762505144,13.709200404779608,31.99463996033603
Truck_4,544.0783483741317,9,0,0.0,4.399489082973901,18.176873567562325,0,0.0,2.9538799732349617,10.646035980228135,36.17627860399932
Truck_6,555.0642230726755,9,0,0.0,5.648242757919206,11.028943595496344,0,0.0,2.4115695462295434,11.661207865219694,30.749963764864788
Truck_0,550.2021316707152,9,0,0.0,6.151243229844567,16.579348295065074,0,0.0,3.4052892822812737,10.152944812839337,36.28882562003025
Truck_3,560.4608319731288,9,0,0.0,6.041170610208042,15.89412154909678,0,0.0,1.322691418815566,8.049547244863675,31.307530822984063
Truck_8,559.814391771342,9,0,0.0,5.616250211666738,16.98469866914138,0,0.43892389974291746,3.5012566346169933,8.413847358786597,34.95497677395463
Truck_7,564.7054204002718,9,0,0.0,5.079821433817983,10.47232697389859,0,0.0,2.596695743904661,12.22753736371169,30.376381515332923
Truck_5,567.6802541456532,9,0,0.0,5.149096061310047,11.099740702588292,0,0.0,2.809779873480238,10.51344852854561,29.572065165924187
Truck_9,565.0568121800117,9,0,0.0,3.596821571481655,16.624749267034417,0,1.077138167982298,2.119020119314314,14.41783418741511,37.835563313227794
Truck_4,580.254626978131,9,0,0.0,5.136414790311164,12.338854959991522,0,2.142535779009904,2.663615435652673,9.91745883194369,32.198879796908955
Truck_1,577.3732119829606,9,0,0.0,3.5135365124388045,15.89188369378985,0,0.0,3.0938003182543525,12.673407279532285,35.17262780401529
Truck_2,572.4901028586042,9,0,0.0,5.001296098097328,19.891663879003318,0,0.0,2.9325046853506365,13.986469500806152,41.81193416325743
Truck_0,586.4909572907454,9,0,0.0,4.5157410261118685,14.345202211834135,0,0.0,3.572975521215767,9.276992539670346,31.710911298832116
Truck_3,591.7683627961129,9,0,0.0,4.911581471594332,13.949254311754089,0,0.0,1.835396577513393,12.47634745030689,33.1725798111687
Truck_6,585.8141868375403,9,0,0.0,6.189969140316407,17.302278377148355,0,0.0,3.550426939396857,14.647461001915644,41.69013545877726
Truck_7,595.0818019156047,9,0,0.0,6.073937175208698,12.678112907305376,0,0.0,3.429846777562261,11.641297533356692,33.82319439343303
Truck_5,597.2523193115774,9,0,0.0,5.447955406407232,14.234674840977732,0,0.0,3.747513135744157,10.284010174241757,33.71415355737088
Truck_8,594.7693685452966,9,0,0.0,5.631116881848698,16.545970129542752,0,0.317243218992985,3.77998874913078,13.962225395100859,40.236544374616074
Truck_9,602.8923754932395,10,0,0.0,5.548382467160536,19.683799140105634,0,0.0,1.7092842781718218,10.20324698454931,37.1447128699873
Truck_4,612.45350677504,10,0,0.0,6.142888481851514,14.028517736040044,0,0.0,1.2005934811796806,8.241683400670695,29.613683099741934
Truck_2,614.3020370218617,10,0,0.0,3.34385703835369,15.200702297149746,0,0.0,2.9632429708908603,8.655705536686696,30.163507843080993
Truck_1,612.5458397869759,10,0,0.0,4.432104794314114,17.782008336796252,0,0.0,3.767134614989459,11.414792842289557,37.39604058838938
Truck_0,618.2018685895775,10,0,0.0,4.8274802301828,19.92732365739255,0,0.0,1.9111815056188561,8.442193960013924,35.10817935320813
Truck_6,627.5043222963176,10,0,0.0,3.158343363439144,11.721304706261662,0,0.0,3.4104092777135975,8.233689571426453,26.523746918840857
Truck_5,630.9664728689482,10,0,0.0,3.9768241899566874,11.939711870927113,0,0.0,3.4425691840242507,9.224977043541344,28.584082288449395
Truck_3,624.9409426072816,10,0,0.0,4.797212027293767,18.815804111822786,0,0.0,3.2581757177634927,10.647387020954511,37.51857887783456
Truck_7,628.9049963090378,10,0,0.0,4.60785981390643,18.19478907569828,0,0.0,3.5127939594972304,14.614872374000015,40.93031522310196
Truck_8,635.0059129199127,10,0,0.0,5.66059194477964,14.296840427296274,0,0.0,2.691584004074798,12.715304047413497,35.36432042356421
Truck_9,640.0370883632268,10,0,0.0,4.919361391603957,15.08225757222192,0,0.0,3.1957343978384642,9.746073601667831,32.94342696333217
Truck_2,644.4655448649427,10,0,0.0,5.523004832343531,10.181186299547107,0,0.0,3.4906473764610837,12.646034912345385,31.840873420697108
Truck_4,642.0671898747819,10,0,0.0,4.864885146873007,14.754345901043848,0,1.5480208021923545,1.156875338547934,13.812828841430928,36.13695603008807
Truck_1,649.9418803753653,10,0,0.0,4.586673140218977,12.76199733138526,0,0.0,3.4097336755330616,12.790256559145405,33.5486607062827
Truck_0,653.3100479427857,10,0,0.0,5.506314491354146,13.486454500306422,0,0.0,2.6672838291992775,14.20127515011825,35.861327970978095
Truck_6,654.0280692151584,10,0,0.0,4.708522043811968,19.35578579192395,0,0.0,2.9556477246384247,12.546762994348455,39.5667185547228
Truck_3,662.4595214851162,11,0,0.0,5.892245882450993,10.559842229335118,0,0.0,3.5041367178505425,12.050067275851347,32.006292105488
Truck_5,659.5505551573976,10,0,0.0,3.9643784557454183,16.08284858361219,0,1.4502425787775337,2.2345794429480748,13.892640720114969,37.624689781198185
Truck_8,670.3702333434769,11,0,0.0,4.064139601173338,10.620163508302767,0,0.0,2.1811317167191646,11.280800752814116,28.146235579009385
Truck_7,669.8353115321397,11,0,0.0,4.979901354609979,11.372235961110164,0,0.0,2.9598251124270973,9.384519456754106,28.696481884901345
Truck_9,672.9805153265589,11,0,0.0,5.8494249582226985,11.376708242246309,0,0.0,3.3270774484665253,9.589217532806742,30.142428181742275
Truck_2,676.3064182856398,11,0,0.0,5.565298563507213,16.193087171975208,0,0.0,2.7501679091139977,10.632822361835906,35.141376006432324
Truck_1,683.490541081648,11,0,0.0,2.8574590954656287,11.936330416920782,0,0.0,3.414208494256286,14.329632535674364,32.53763054231706
Truck_4,678.20414590487,11,0,0.0,4.4786707705087565,19.260275234548203,0,0.0,3.327483517657697,12.333178777710259,39.399608300424916
Truck_3,0.0,0,0,0.0,3.165223234911662,11.563391088811198,0,0.0,2.4684407800345447,10.79886151739263,27.995916621150034
Truck_1,0.0,0,0,0.0,4.523204678053422,10.87486012637562,0,0.0,2.936906465600554,12.552195685600356,30.88716695562995
Truck_2,0.0,0,0,0.0,4.764704888275896,17.238278427154203,0,0.0,1.6054709506531815,11.114915542722745,34.72336980880603
Truck_0,0.0,0,0,0.0,5.547945499203366,14.074216501715128,0,0.0,3.2058410578932204,13.084302241718309,35.91230530053002
Truck_4,0.0,0,0,3.165223234911662,5.881046736694123,16.727383512579515,0,0.0,2.7514884583004644,11.111356490561082,39.636498433046846
Truck_5,0.0,0,1,4.523204678053422,4.712421110485685,18.655226193285724,0,0.0,3.71923587514868,9.518624940227884,41.128712797201395
Truck_6,0.0,0,2,4.764704888275896,6.224425996823871,14.67926639177504,0,0.0,1.5924937334372586,14.640388447102836,41.9012794574149
Truck_7,0.0,0,3,5.547945499203366,5.9233427893471005,17.368959986401578,0,0.0,2.274109201514783,13.52361715483186,44.63797463129869
Truck_8,0.0,0,4,9.046269971605785,5.7977606625505445,18.18474173766405,0,0.0,2.0082997762499915,11.389854286888372,46.426926434958744
Truck_9,0.0,0,5,9.235625788539107,5.227496970529435,17.499004707269684,0,0.0,3.693522971816172,10.805750390478572,46.46140082863297
Truck_2,34.72336980880603,0,0,0.0,5.91372130859704,10.919764941481901,0,0.0,3.302025057008244,9.18790969227446,29.323420999361645
Truck_1,30.88716695562995,0,0,0.0,6.130848073702886,14.380636662354576,0,0.0,3.158867805817046,10.79022510226774,34.46057764414225
Truck_3,27.995916621150034,0,0,0.0,4.224690510555856,19.49525308687906,0,2.841659278919508,1.3199087587025176,11.423052438877853,39.3045640739348
Truck_0,35.91230530053002,0,0,0.0,3.41772146237016,15.958083671552274,0,0.0,2.9246528094323168,9.659583333165806,31.960041276520556
Truck_4,39.636498433046846,0,0,0.0,3.933074471783172,16.537631419216886,0,0.0,3.788053654010099,8.726464930262168,32.985224475272325
Truck_8,46.426926434958744,0,0,0.0,4.221043651006582,11.211418717170268,0,0.0,3.4889602572890155,14.850770506007834,33.7721931314737
Truck_6,41.9012794574149,0,0,0.0,6.230715639444959,15.163013442885408,1,2.053340520679342,2.1502770560013857,12.884103425201218,38.48145008421231
Truck_7,44.63797463129869,0,0,0.0,3.381520549269709,14.139895672066416,0,1.735867125422189,2.8910274586329052,14.026854917989468,36.17516572338069
Truck_9,46.46140082863297,0,0,0.0,5.6235716908667825,14.212980974785005,1,1.2006726221412407,3.6990622389263024,10.092299942839404,34.828587469558734
Truck_5,41.128712797201395,0,0,0.0,4.408882882511016,19.644635752579774,1,1.6040540043977245,3.3948365469363324,12.77437129990173,41.82678048632658
Truck_2,64.04679080816767,1,0,0.0,5.594641257467117,13.315395828663284,0,0.0,2.725561180949228,10.525821635780332,32.16141990285996
Truck_0,67.87234657705058,1,0,0.0,2.86245471463441,12.474491032180183,0,0.0,3.484150725758269,9.879642184298689,28.70073865687155
Truck_1,65.3477445997722,1,0,0.0,3.4530756310553556,18.58070704911927,0,0.0,3.79401988829062,9.165640917267098,34.99344348573234
Truck_6,80.38272954162721,1,0,0.0,2.6066654538273326,10.99261439910238,0,0.0,1.963322757367635,10.665461756247609,26.228064366544956
Truck_4,72.62172290831917,1,0,0.0,4.1386155914001534,18.69262078151266,0,0.0,3.1223085363519516,10.609994652604684,36.56353956186945
Truck_3,67.30048069508483,1,0,0.0,4.97412280653306,19.973156436310106,0,0.0,2.327908466902116,14.928273107755885,42.20346081750117
Truck_8,80.19911956643244,1,0,0.0,5.9516488935335445,14.96139791451452,0,0.0,2.858438593654256,8.996762039922558,32.76824744162488
Truck_9,81.2899882981917,1,0,0.0,5.978769750247622,14.375563675178043,0,0.0,3.215252087878241,10.778738822571711,34.34832433587562
Truck_5,82.95549328352797,1,0,0.03390171192657476,3.4117716862924823,18.172344765616785,0,0.2860623641317943,2.978255860594757,8.339796876326957,33.22213326488935
Truck_7,80.81314035467938,1,0,0.0,5.875891963786515,16.287095102771147,0,0.9944775468977269,3.79990828075519,13.488612454970664,40.44598534918124
Truck_0,96.57308523392213,1,0,0.0,4.635375948570157,18.70506498090336,0,0.0,1.8521276846644525,9.274825707016632,34.4673943211546
Truck_1,100.34118808550454,1,0,0.0,3.6908340561997335,17.753859841568882,0,0.0,2.256943368299801,8.253611747976493,31.95524901404491
Truck_2,96.20821071102763,1,0,0.0,5.949535705200574,14.885598756780709,0,0.0,3.1424358915487147,13.78613830115512,37.76370865468512
Truck_6,106.61079390817217,1,0,0.0,4.460795677860233,14.772311767556786,0,0.0,2.465450987699711,12.466457398283524,34.165015831400254
Truck_4,109.18526247018862,1,0,0.0,6.087554059124145,13.286455883407996,0,0.0,3.735037746887059,13.9132511174856,37.0222988069048
Truck_8,112.96736700805732,1,0,0.0,5.463785678441539,11.600051542321083,0,0.0,2.4411442628090185,14.450678349514106,33.95565983308575
Truck_9,115.63831263406732,1,0,0.0,4.390222079563998,13.623747637313684,0,0.0,1.6678736538934515,14.38289004559644,34.064733416367574
Truck_3,109.503941512586,1,0,0.0,5.148717987060877,17.305276090001442,0,0.3363745699595029,3.1549473750340553,14.726436769680106,40.67175279173598
Truck_5,116.17762654841732,1,0,0.0,5.1593833984450725,18.853003480030452,0,0.0,1.245432172149492,13.480314440725692,38.73813349135071
Truck_7,121.25912570386062,2,0,0.0,5.258237761075961,15.125832401223391,0,0.0,3.6315005008756884,13.166719740206446,37.18229040338149
Truck_2,133.97191936571275,2,0,0.0,5.5920818684411415,11.952240550214356,0,0.0,2.826393783008541,10.27346304601977,30.64417924768381
Truck_0,131.04047955507673,2,0,0.0,3.7608795630219447,18.19864377322915,0,0.0,3.684063189352628,13.175333362760824,38.81891988836455
Truck_1,132.29643709954945,2,0,0.0,2.451659930736099,19.91641655673081,0,0.0,1.8720639522011027,14.380679252425011,38.62081969209302
Truck_6,140.77580973957242,2,0,0.0,5.341348568453583,19.931557754785587,0,0.0,1.3307746239957794,10.99601885059451,37.59969979782946
Truck_8,146.92302684114307,2,0,0.0,4.300448901153061,18.60975602067373,0,0.0,1.1615585456159465,14.663333249221523,38.73509671666426
Truck_4,146.20756127709342,2,0,0.0,5.144924341437104,19.808241688184296,0,1.4565671898161838,3.5059741022680555,10.590621102024272,40.50632842372991
Truck_3,150.17569430432198,2,0,0.0,3.8830576267655204,15.995691560564069,0,0.9403468169342375,3.4894541023255385,12.257558553390908,36.56610865998027
Truck_5,154.91576003976803,2,0,0.0,4.337167163239485,10.601483224532416,0,0.0,2.7628840689910703,14.291042546045134,31.992577002808105
Truck_7,158.4414161072421,2,0,0.0,5.3873621854828,12.073769724475426,0,0.22072058159872654,1.4261719824142745,10.850218275452534,29.95824274942376
Truck_9,149.7030460504349,2,0,0.0,6.23658210002111,19.029194222458386,0,0.0,2.0487384183635413,13.1128713223126,40.42738606315564
Truck_2,164.61609861339656,2,0,0.0,4.755277066591958,14.887027592086582,0,0.0,1.2190044157792101,14.303987987220097,35.16529706167785
Truck_0,169.85939944344128,2,0,0.0,6.050857701792978,12.643412904284332,0,0.0,3.113309004213221,10.436378419259285,32.243958029549816
Truck_1,170.91725679164247,2,0,0.0,4.1714761909612434,18.59439071407752,0,0.0,2.192970080914847,8.30916783337915,33.26800481933276
Truck_6,178.37550953740188,2,0,0.0,4.455489606437567,10.474646143512388,0,0.0,3.172956091489283,10.692411077390034,28.79550291882927
Truck_8,185.65812355780733,3,0,0.0,4.255760717070075,16.18466022622735,0,0.0,2.9413483830535085,8.905708265298614,32.28747759164955
Truck_5,186.90833704257614,3,0,0.0,5.427244562147024,13.701178665510383,0,0.0,2.9494061874242163,9.458501723946199,31.536331139027823
Truck_3,186.74180296430225,3,0,0.0,4.7239253455447,10.7750648873197,0,0.0,3.3963686641238553,13.239767720979813,32.13512661796807
Truck_9,190.13043211359053,3,0,1.3352961962564223,5.837736549441274,11.931776518419099,0,0.0,2.626344066179257,8.226685911673684,29.957839241969737
Truck_4,186.71388970082333,3,0,0.0,5.419216172623521,15.638601303410411,0,1.2144592808004973,2.6295741694865455,9.205177601015578,34.10702852733655
Truck_2,199.7813956750744,3,0,0.0,4.316509172544528,10.248827588464025,0,0.0,1.1028116025190684,9.3875879080816,25.05573627160922
Truck_7,188.39965885666587,3,0,1.514225418211538,5.5380545302221265,17.590791514933613,0,0.0,3.746134298924744,12.750924872270247,41.14013063456227
Truck_0,202.1033574729911,3,0,0.0,4.86651726430506,19.74424963304935,0,0.0,3.3268419444215453,9.363446983697713,37.30105582547367
Truck_1,204.18526161097523,3,0,0.0,6.175144744026198,15.186102458500926,0,0.0,3.0663215747503614,11.131856132752745,35.55942491003023
Truck_6,207.17101245623115,3,0,0.0,4.228199651170314,15.608064923655064,0,1.605553357196186,2.5685646550235504,12.40385917815587,36.414241765200984
Truck_9,220.08827135556027,3,0,0.0,5.236157093677235,14.428561490427256,0,1.9930521050782488,2.5865934325474598,8.0711944832982,32.3155586050284
Truck_8,217.94560114945688,3,0,0.0,4.143353793117086,17.38403738086899,0,0.0,3.2817867995555616,10.940864597765824,35.75004257130746
Truck_5,218.44466818160396,3,0,0.0,5.714108080147241,14.06695452359412,0,0.0,3.520311259397687,13.845593822396012,37.14696768553506
Truck_4,220.82091822815988,3,0,1.2680367144140803,6.0470210029441205,11.654754499174828,1,2.964048678305602,1.7805699181642467,12.911606880118256,36.626037693121134
Truck_3,218.87692958227032,3,0,0.0,5.275454079849538,16.3761801046669,2,3.804071710503706,3.593163091986895,12.790675412355228,41.83954439936227
Truck_2,224.83713194668363,3,0,0.0,4.700906884510715,13.196987376541557,2,1.8003228334268613,3.2590131072436748,14.048236458428846,37.005466660151654
Truck_7,229.53978949122813,3,0,0.0,3.114934937364268,11.85412721438135,1,3.2855105054326827,3.0577495986048575,14.953065809469933,36.26538806525309
Truck_1,239.74468652100546,3,0,0.0,5.8294825440762565,11.070953156756616,0,0.0,3.150172989359021,14.525643932816763,34.576252623008656
Truck_6,243.58525422143214,4,0,0.0,5.3061710711013745,11.300457251813015,0,0.0,2.935927250497457,14.69905006368424,34.241605637096086
Truck_0,239.40441329846476,3,0,0.0,4.641890456084923,16.687691362779447,0,0.0,3.5652162723934566,14.192073787075685,39.08687187833351
Truck_9,252.40382996058867,4,0,0.0,4.883373615413234,10.66712236973683,0,0.0,2.844724064648915,12.226510550159219,30.621730599958198
Truck_3,260.7164739816326,4,0,0.0,5.6613960020247305,10.98599804401124,0,0.0,3.1235602562873055,8.016833629756434,27.78778793207971
Truck_5,255.59163586713902,4,0,0.0,5.924305959009303,10.730563617711084,0,0.0,3.296087909286996,14.712790106024556,34.66374759203194
Truck_8,253.69564372076434,4,0,0.0,5.739177000115205,18.587016144807706,0,0.0,3.7035093058690336,10.706847255798891,38.736549706590836
Truck_7,265.8051775564812,4,0,0.0,4.476537070626932,11.164668363550675,0,0.2789631808974491,3.7480106786896386,8.071694845464378,27.739874139229073
Truck_2,261.8425986068353,4,0,0.0,3.7224381285986965,16.250022021458392,0,0.9885808185181872,2.8411745984889194,9.58218859810637,33.384404165170565
Truck_4,257.446955921281,4,0,0.0,5.5784988099918,15.817018727607035,0,1.644954825076013,2.3162112914546924,13.135853698598055,38.492537352727595
Truck_6,277.8268598585282,4,0,0.0,4.674042087034991,10.910128944697306,0,0.0,1.8785314004890097,8.798260553563352,26.26096298578466
Truck_1,274.3209391440141,4,0,0.0,5.733910149126189,16.01607147329304,0,0.0,3.3552799328448373,8.239977701859232,33.345239257123296
Truck_0,278.49128517679827,4,0,0.0,5.7316163443374535,10.333729873854622,0,0.0,3.2024635068962652,14.631804800901193,33.899614525989534
Truck_9,283.02556056054686,4,0,0.0,4.503012963986009,16.82264285209243,0,0.0,2.6119483196692386,8.028575149149788,31.966179284897464
Truck_3,288.5042619137123,4,0,0.0,5.048638151318812,13.076324028497254,0,0.0,1.9435113687903254,11.524400606016513,31.592874154622905
Truck_5,290.25538345917096,4,0,0.0,3.8409607398402272,12.779687925917813,0,0.08713257136554375,3.7645451675952017,13.090725771281711,33.5630521760005
Truck_8,292.4321934273552,4,0,0.0,4.25763120176822,16.577623230506163,0,0.0,3.00267309099371,10.85388922092335,34.69181674419144
Truck_4,295.9394932740086,4,0,0.0,4.733857064876759,17.226769438665087,0,0.0,2.0857833384441165,10.313659966802163,34.360069808788126
Truck_7,293.5450516957103,4,0,0.0,4.567374718002554,17.485956989849285,0,0.0,3.079615651312963,11.764027318856847,36.89697467802165
Truck_2,295.22700277200585,4,0,0.0,4.475334793852824,19.09049634390476,0,0.0,3.058629971921391,10.310286750101795,36.93474785978077
Truck_6,304.0878228443129,5,0,0.0,2.8323450810909208,18.39199322269809,0,0.0,2.141869549484852,9.392212215471147,32.75842006874501
Truck_0,312.3908997027878,5,0,0.0,3.160972487492984,11.972148330533855,0,0.0,3.5367124950904554,11.059897093883365,29.72973040700066
Truck_1,307.6661784011374,5,0,0.0,5.7742857478049245,17.18192578586701,0,0.0,3.14219927788713,10.198826865177978,36.29723767673704
Truck_3,320.0971360683352,5,0,0.0,4.068571307869888,10.624662767778261,0,0.0,3.3668077396887384,11.720232268646441,29.78027408398333
Truck_9,314.99173984544433,5,0,0.0,3.2324256349675693,19.011291456746108,0,0.0,3.0503097835683093,10.346734169318836,35.64076104460082
Truck_7,330.44202637373195,5,0,0.0,2.6205844960676927,14.79483621604777,0,0.0,1.4283164195311997,9.504827391228503,28.348564522875165
Truck_2,332.1617506317866,5,0,0.0,4.189894544167942,11.39909346560205,0,0.0,3.588344992741611,10.862800363778831,30.040133366290434
Truck_5,323.81843563517145,5,0,0.0,5.470109591331493,19.435335208880588,1,2.347632074491969,3.4680716272067116,10.467398496821374,41.188546998732136
Truck_8,327.1240101715466,5,0,0.0,5.250639381896633,15.818536286074448,0,1.0925776658609152,1.7857490044968927,14.571176134055008,38.5186784723839
Truck_4,330.29956308279674,5,0,0.0,5.473655149716592,18.993370148798704,0,0.0,1.7041257362366196,9.226459897640495,35.39761093239241
Truck_6,336.8462429130579,5,0,0.0,5.225887198878752,14.327138513889054,0,0.0,2.5724019097190194,10.1412204082647,32.266648030751526
Truck_0,342.12063010978846,5,0,0.0,5.201191888829101,14.809538124995129,0,0.0,2.386300685772312,11.500191663816452,33.89722236341299
Truck_1,343.96341607787446,5,0,0.0,5.811633432556391,14.508689438982685,0,0.0,2.499522285945318,12.765973995785714,35.58581915327011
Truck_9,350.63250089004515,5,0,0.0,3.864729604607362,13.53502766152684,0,0.0,2.2280008488954763,11.349694541938561,30.97745265696824
Truck_3,349.87741015231853,5,0,0.0,4.076898251899706,17.62705597586188,0,0.0,3.6052506581970647,12.56020566622658,37.86941055218523
Truck_7,358.7905908966071,5,0,0.0,4.3149364074357095,12.195535103990835,0,0.0,3.437361355248413,13.140229246930176,33.08806211360513
Truck_5,365.0069826339036,6,0,0.0,6.041194914453229,10.540740647375515,0,0.0,2.025616644618367,9.613111431646587,28.220663638093697
Truck_2,362.20188399807705,6,0,0.0,5.326397023371669,14.815257229116469,0,1.2709965897855113,2.980800075701609,8.505971553011818,32.899422470987076
Truck_8,365.6426886439305,6,0,0.0,3.368730534752615,11.700498560050676,0,0.0,3.6810640402625836,12.333685847404695,31.08397898247057
Truck_6,369.1128909438094,6,0,0.0,5.114324354342898,11.846596816736508,0,0.0,3.0178348741410446,13.60641155236334,33.58516759758379
Truck_0,376.01785247320146,6,0,0.0,4.256421198365558,16.31513575857298,0,0.0,1.0978743021402124,12.95679540018017,34.62622665925892
Truck_9,381.6099535470134,6,0,0.0,4.992041795287378,13.038509280455457,0,0.0,2.7252464642941163,11.518502831906062,32.27430037194301
Truck_1,379.54923523114456,6,0,0.0,2.679808095466285,19.68388298900254,0,0.0,2.167151290627487,10.046454021203658,34.57729639629997
Truck_3,387.74682070450376,6,0,0.0,2.7494067334952774,14.323284377838945,0,0.0,3.5872372362427996,8.696599560888274,29.356527908465296
Truck_7,391.87865301021225,6,0,0.0,4.969530869006633,11.338431793950406,0,0.0,3.1273142304030443,11.49601279554139,30.931289688901472
Truck_5,393.2276462719973,6,0,0.0,6.232549879841656,17.85960977575121,0,0.0,1.9108687651803393,11.99122298748324,37.994251408256446
Truck_2,395.1013064690641,6,0,0.0,4.606816419231734,19.12445088482724,0,0.0,3.181223736300012,13.19732196477537,40.109813005134356
Truck_6,402.6980585413932,6,0,0.0,5.854382978051092,15.906225111556353,0,0.0,3.5264772672903177,9.48351432433708,34.77059968123484
Truck_8,396.7266676264011,6,0,0.0,4.382218559527246,18.68214002827,0,0.0,3.5831179840019445,14.71643534898027,41.36391192077946
Truck_0,410.6440791324604,6,0,0.0,4.88095158051118,10.837877334160567,0,0.0,3.672129685978632,14.502970693020984,33.89392929367136
Truck_3,417.10334861296906,6,0,0.0,5.753703786489552,10.718582792624488,0,0.0,2.1193378436846046,10.52282090518537,29.114445327984015
Truck_9,413.8842539189564,6,0,0.0,5.722596031483931,15.871383393603253,0,0.0,2.3611843336985885,8.600736823499176,32.55590058228495
Truck_1,414.12653162744454,6,0,0.0,4.467373766116907,16.91744684600593,0,0.18362079620033,3.3904778154114297,8.097743695741201,33.0566629194758
Truck_7,422.8099426991137,7,0,0.0,4.815265487459499,10.42619866259281,0,0.0,2.0550956536015974,9.913665584019384,27.21022538767329
Truck_4,365.69717401518915,6,0,0.0,3.120760919023553,13.469936735869055,0,0.0,2.7479852273891083,8.245501917375236,92.92076247779414
Truck_5,431.22189768025373,7,0,0.0,5.422730460688285,12.761901376868764,0,0.0,3.5240333388221075,12.564217181012907,34.272882357392064
Truck_2,435.2111194741985,7,0,0.0,5.896730977766765,14.207244753972248,0,0.0,3.2250967184629076,8.9383626056931,32.26743505589502
Truck_6,437.46865822262805,7,0,0.0,4.571643564407566,11.740900218843933,0,0.0,3.6338847308965683,14.21130443090118,34.15773294504925
Truck_8,438.09057954718054,7,0,0.0,6.1469541587655385,12.20133200839706,0,0.9762210224329806,3.33714901458751,11.608485898240133,34.27014210242322
Truck_0,444.53800842613174,7,0,0.0,3.3388619101525023,15.464981729211559,0,0.0,1.733604329267564,10.479844586565036,31.01729255519666
Truck_1,447.18319454692033,7,0,0.0,5.8729378686493305,11.494759669282985,0,0.0,3.5110067852000384,11.880657385827817,32.75936170896017
Truck_7,450.020168086787,7,0,0.0,6.1741796019054505,13.319334290689369,0,0.6786442987461214,3.7414567670016936,9.662626304687421,33.576241263030056
Truck_3,446.2177939409531,7,0,0.0,3.951966655683975,16.93381172263804,0,0.9583265507775991,2.9554580636555556,13.219010971705927,38.0185739644611
Truck_9,446.44015450124135,7,0,0.0,6.00030677839402,14.029961477703921,0,0.0,3.7219035207886577,14.270690890014123,38.02286266690072
Truck_4,458.6179364929833,7,0,0.0,5.17950300942266,19.302446819937643,0,0.0,3.3768590037496438,11.028560060433392,38.88736889354334
Truck_2,467.4785545300935,7,0,0.0,4.75492093666935,11.562759478787086,0,0.0,3.7808842764524684,10.898889637575166,30.99745432948407
Truck_5,465.4947800376458,7,0,0.0,6.04014385209706,19.960190422786297,0,0.0,1.7758173204308036,11.518401381626404,39.294552976940565
Truck_8,472.36072164960376,7,0,0.0,5.167252593330545,12.36723872446828,0,0.0,3.2984081204762674,13.406790373711544,34.239689811986636
Truck_0,475.5553009813284,7,0,0.0,4.7220525120091,14.668362111237116,0,0.0,2.690256776157014,8.997704953768732,31.07837635317196
Truck_6,471.6263911676773,7,0,0.0,3.77434968584555,17.6124278657324,0,0.18045236862360525,3.390697270702674,14.805958014752036,39.763885205656265
Truck_1,479.9425562558805,7,0,0.0,3.7466299910076373,17.56670755775872,0,0.0,1.8609079994251942,12.01579479992796,35.19004034811951
Truck_9,484.4630171681421,8,0,0.0,3.8648396826473004,12.708152282824017,0,0.0,3.72109419894889,11.779199281930516,32.073285446350724
Truck_3,484.23636790541417,8,0,0.0,5.141205426759598,16.260397809598828,0,0.0,3.4893098397627114,10.604482952989372,35.49539602911051
Truck_7,483.59640934981707,8,0,0.0,5.714000058094598,15.123241047883766,0,0.0,2.658151905287241,14.250428020501147,37.74582103176675
Truck_4,497.50530538652663,8,0,0.0,3.6903204872758693,14.117328787667077,0,0.0,2.675673408959824,10.318254604711342,30.801577288614112
Truck_5,504.78933301458636,8,0,0.0,6.1426605084586186,11.300779030672402,0,0.0,1.6047938702580495,13.588321255830351,32.63655466521942
Truck_8,506.6004114615904,8,0,0.0,3.5236579698905075,15.132095644609706,0,0.0,3.6594412638414724,8.913683695144641,31.228878573486327
Truck_2,498.4760088595776,8,0,0.0,6.210594069169588,17.60997717450556,0,0.0,2.7360941624285715,14.710929698135374,41.26759510423909
Truck_6,511.39027637333356,8,0,0.0,4.878157365406196,10.22487045737023,0,0.0,3.1610716160729453,14.917404938697246,33.18150437754662
Truck_0,506.63367733450036,8,0,0.0,5.920849939602363,19.465790254635408,0,0.0,3.3846639958698006,9.700232225473883,38.471536415581454
Truck_1,515.132596604,8,0,0.0,3.868677951459972,11.048811366826953,0,0.0,3.668032909241674,12.472609412055931,31.05813163958453
Truck_9,516.5363026144928,8,0,0.0,3.876774143752641,15.692184347260536,0,0.0,3.525059277785772,10.484196022592073,33.57821379139102
Truck_3,519.7317639345247,8,0,0.0,5.100512208331111,11.251343310626453,0,0.0,2.8919799758575664,12.783492169830538,32.02732766464567
Truck_4,528.3068826751407,8,0,0.0,5.74675713183467,10.235115877528187,0,0.0,3.5548917572795062,9.842966213312138,29.379730979954502
Truck_7,521.3422303815838,8,0,0.0,5.6550034929871345,18.185386195798742,0,0.0,3.3177261639987137,11.97867536235708,39.13679121514167
Truck_8,537.8292900350767,8,0,0.0,3.622155469692302,16.977521196914495,0,0.0,1.8381358130271792,9.74735965356092,32.1851721331949
Truck_2,539.7436039638167,8,0,0.0,3.878813555105012,12.971796502464827,0,0.0,3.4514950070674786,14.081325208190265,34.38343027282758
Truck_5,537.4258876798058,8,0,0.0,6.138506380965623,19.615252130303702,0,0.0,3.2465358256436048,9.103435835999676,38.103730172912606
Truck_0,545.1052137500818,9,0,0.0,5.572283445736616,12.395525443140286,0,0.0,3.454413339595476,9.390964884474101,30.81318711294648
Truck_6,544.5717807508802,9,0,0.0,4.193324340003414,16.768916426337,0,0.892160499498118,2.713489588467837,11.486531500745286,36.054422355051656
Truck_3,551.7590915991703,9,0,0.0,5.110843182359645,10.757275465738985,0,0.0,3.741841742672932,9.768597733416868,29.37855812418843
Truck_9,550.1145164058838,9,0,0.0,3.8643750955646965,14.18133953587153,0,0.9794405678665044,3.2121396893975316,12.10472545705818,34.34202034575844
Truck_1,546.1907282435845,9,0,0.0,5.295940524595267,16.89477107295386,1,2.987612148808239,3.2927890170584533,9.798757198757926,38.26986996217374
Truck_4,557.6866136550952,9,0,0.0,5.659234628137824,16.0135530829034,0,0.0,2.3585056955054142,11.079472232736293,35.11076563928293
Truck_7,560.4790215967255,9,0,0.0,5.472684344676509,16.368184112893573,0,0.0,1.613588524282477,12.464034629573803,35.91849161142636
Truck_2,574.1270342366442,9,0,0.0,4.492819118541661,10.359097517042187,0,0.0,2.8626549013995373,8.207640451729162,25.922211988712547
Truck_8,570.0144621682716,9,0,0.0,5.828306561596833,16.579906109456374,0,0.0,2.817650756442049,8.193663983775991,33.41952741127125
Truck_5,575.5296178527184,9,0,0.0,4.946700537573065,12.492764078917617,0,0.0,1.8525886053206477,12.445128470153918,31.737181691965247
Truck_6,580.6262031059318,9,0,0.0,6.179014435750673,13.399675451719986,0,0.0,1.5725711641873659,10.228813112614944,31.38007416427297
Truck_0,575.9184008630283,9,0,0.0,5.963399900713966,18.590005165583534,0,0.0,2.823559697288033,9.286697146001643,36.66366190958718
Truck_3,581.1376497233588,9,0,0.0,5.684272122436141,16.874605059903615,0,0.0,3.438915493533159,8.620231537882887,34.6180242137558
Truck_1,584.4605982057583,9,0,0.0,4.231962003667036,15.246607238083811,0,0.0,1.5541029300300124,10.284684296688056,31.317356468468915
Truck_9,584.4565367516423,9,0,0.0,5.766320010051345,18.65527914344773,0,0.0,3.55686804025936,9.249930469911646,37.22839766367008
Truck_4,592.7973792943782,9,0,0.0,5.1420802568125055,10.4723182892684,0,0.0,3.406975871782265,10.086645439337985,29.108019857201157
Truck_7,596.3975132081518,9,0,0.0,3.9114894320949816,13.690254477439225,0,0.0,2.335150109789879,12.924125544535286,32.86101956385937
Truck_8,603.4339895795429,10,0,0.0,3.3064618296438084,13.306461275291781,0,0.0,3.084119206094556,10.05741851918242,29.754460830212565
Truck_2,600.0492462253568,10,0,0.0,5.279170413732231,18.718230881281784,0,0.0,3.456499424802473,12.553719823579058,40.00762054339555
Truck_0,612.5820627726155,10,0,0.0,4.2770404608135095,12.330272315848788,0,0.0,3.6664744112918015,8.026781934901123,28.300569122855222
Truck_5,607.2667995446836,10,0,0.0,5.238944385654008,17.276133981065186,0,0.932624639593314,1.2899599335308949,12.512066777321479,37.24972971716488
Truck_6,612.0062772702048,10,0,0.0,4.403296602412752,10.565490944637645,0,0.0,3.7394377337409423,14.26552656053991,32.97375184133125
Truck_1,615.7779546742272,10,0,0.0,5.572514830748673,13.956501289321182,0,0.0,2.1220392246297024,11.520254129576642,33.1713094742762
Truck_3,615.7556739371146,10,0,0.0,5.07269998768561,18.060511942975836,0,0.0,3.288800441605872,9.566666800980784,35.9886791732481
Truck_9,621.6849344153123,10,0,0.0,3.811375364500691,12.47754663429339,0,0.0,3.646717939627024,14.301974233750002,34.23761417217111
Truck_4,621.9053991515793,10,0,0.0,5.6352919502949135,14.970593104059617,0,0.0,2.964667854102231,12.034926904353142,35.605479812809904
Truck_7,629.2585327720112,10,0,0.0,5.090555210086563,11.028857332374628,0,0.0,3.0659709364700802,9.317613128369203,28.502996607300474
Truck_8,633.1884504097554,10,0,0.0,5.307277856642145,16.63684371201225,0,0.0,2.415452840816897,8.220110207272683,32.579684616743975
Truck_2,640.0568667687523,10,0,0.0,4.135875153040615,10.685703293508027,0,0.0,2.443278046421142,10.317579267934889,27.582435760904673
Truck_0,640.8826318954707,10,0,0.0,3.3693771530145114,14.663975913599302,0,0.0,3.7490864078016557,11.531775436143676,33.314214910559144
Truck_5,644.5165292618485,10,0,0.0,5.468162983740626,17.95495601248126,0,0.0,3.1087284803936654,13.779190295575404,40.31103777219096
Truck_1,648.9492641485034,10,0,0.0,5.803103746277088,18.27894407800204,0,0.0,3.065837479468996,9.298951070335193,36.44683637408332
Truck_6,644.980029111536,10,0,0.0,4.960784828270903,17.798204846139015,0,0.0,3.2346262627190754,14.45446869140278,40.448084628531774
Truck_4,657.5108789643892,10,0,0.0,3.4521527794635176,12.506117678752503,0,0.533117382020805,2.820468294441639,9.77663958580888,29.088495720487344
Truck_3,651.7443531103627,10,0,0.0,4.760662050471524,13.310422265017223,0,1.1582076228136202,3.0286217559610122,13.524860102323828,35.78277379658721
Truck_7,657.7615293793117,10,0,0.0,5.191217587102983,13.515910720340912,0,0.3540774123121082,3.48723384930463,11.672597917283952,34.221037486344585
Truck_9,655.9225485874834,10,0,0.0,5.322911283038593,13.493140009838271,0,1.358549571891217,3.78567073421857,13.753281799054548,37.7135533980412
Truck_2,667.639302529657,11,0,0.0,4.0040946446463295,11.213992847296367,0,0.0,3.181179815647056,11.296035862345548,29.6953031699353
Truck_8,665.7681350264994,11,0,0.0,2.7384756985976537,15.70083455543022,0,0.0,3.7060775896228506,14.005966284315377,36.1513541279661
Truck_0,674.1968468060298,11,0,0.0,5.111730378541893,13.065138487997501,0,0.0,2.436383906339074,12.566256883179449,33.17950965605792
Truck_5,684.8275670340395,11,0,0.0,4.065271076933868,14.74221630703562,0,0.0,3.0180272576519656,10.390919407158549,32.21643404878
Truck_4,686.5993746848766,11,0,0.0,2.3164990365643234,17.772910423397775,0,0.0,2.0591533083887725,10.263063055140265,32.411625823491136
Truck_1,685.3961005225867,11,0,0.0,4.969294165138535,15.8650983057546,0,0.0,3.6401331891487416,9.579385024281237,34.053910684323114
